# https://github.com/mikedh/trimesh

o listener_bust.obj
v -1.22010000 16.58490000 -1.63750000
v -1.09620000 16.75610000 -1.58130000
v -1.00010000 16.57090000 -1.67210000
v -1.13220000 16.46110000 -1.69710000
v -0.93630000 16.41510000 -1.73490000
v -1.06720000 16.33030000 -1.74800000
v -0.88880000 16.26870000 -1.78190000
v -1.01750000 16.19820000 -1.78830000
v -1.25050000 16.34510000 -1.71790000
v -1.19000000 16.23500000 -1.75770000
v -1.32560000 16.44320000 -1.67390000
v -1.41460000 16.51810000 -1.63300000
v -1.33730000 16.66460000 -1.58690000
v -1.35990000 16.23170000 -1.72890000
v -1.42480000 16.31450000 -1.69430000
v -1.58270000 16.25400000 -1.67180000
v -1.49800000 16.38210000 -1.66070000
v -1.64910000 16.30250000 -1.64590000
v -1.57530000 16.43420000 -1.63150000
v -1.71710000 16.33970000 -1.62520000
v -1.65460000 16.47230000 -1.60900000
v -1.50750000 16.57180000 -1.59910000
v -1.45200000 16.71550000 -1.54770000
v -1.41860000 16.86360000 -1.47770000
v -1.27650000 16.82460000 -1.52080000
v -1.56200000 16.74680000 -1.52010000
v -1.54540000 16.88410000 -1.44800000
v -1.60090000 16.60830000 -1.57410000
v -1.66970000 16.76410000 -1.50430000
v -1.66570000 16.89200000 -1.43140000
v -1.77720000 16.77160000 -1.49970000
v -1.78420000 16.89180000 -1.42710000
v -1.69460000 16.63150000 -1.55910000
v -1.78920000 16.64440000 -1.55390000
v -1.41900000 17.01070000 -1.39190000
v -1.55610000 17.01560000 -1.36100000
v -1.68560000 17.01100000 -1.34260000
v -1.26900000 16.99460000 -1.43240000
v -1.12360000 17.14090000 -1.38010000
v -1.10110000 16.97330000 -1.47670000
v -1.29120000 17.14590000 -1.33730000
v -0.89750000 16.80350000 -1.59070000
v -0.92440000 16.97880000 -1.50710000
v -0.75720000 16.97940000 -1.53210000
v -0.73250000 16.82460000 -1.60180000
v -0.77460000 17.12420000 -1.45690000
v -0.94800000 17.13720000 -1.41990000
v -1.32940000 17.27500000 -1.23470000
v -1.44670000 17.14530000 -1.29660000
v -1.49030000 17.26230000 -1.19350000
v -1.59110000 17.13550000 -1.26310000
v -1.64070000 17.23950000 -1.15730000
v -1.15700000 17.28190000 -1.27750000
v -1.20050000 17.40130000 -1.15860000
v -1.37500000 17.37890000 -1.12040000
v -1.53590000 17.35200000 -1.08060000
v -0.72420000 16.17390000 -1.81110000
v -0.75830000 16.32310000 -1.77310000
v -0.63000000 16.35950000 -1.76280000
v -0.60080000 16.20710000 -1.79820000
v -0.79860000 16.47560000 -1.72540000
v -0.66290000 16.51270000 -1.71830000
v -0.84610000 16.63420000 -1.66530000
v -0.69830000 16.66780000 -1.66460000
v -0.58430000 16.82750000 -1.60800000
v -0.56010000 16.68000000 -1.66260000
v -0.45000000 16.81700000 -1.60170000
v -0.43280000 16.67700000 -1.65110000
v -0.33150000 16.79800000 -1.57930000
v -0.32000000 16.66440000 -1.62520000
v -0.33860000 16.92410000 -1.52760000
v -0.46150000 16.95000000 -1.54650000
v -0.60220000 16.96960000 -1.54760000
v -0.53320000 16.53010000 -1.71040000
v -0.41270000 16.53190000 -1.69370000
v -0.50640000 16.37850000 -1.75060000
v -0.48340000 16.22300000 -1.77850000
v -0.39280000 16.38230000 -1.72740000
v -0.37360000 16.23070000 -1.75290000
v -0.27520000 16.23380000 -1.72110000
v -0.29050000 16.38090000 -1.69650000
v -0.20190000 16.37660000 -1.66180000
v -0.19050000 16.23390000 -1.68630000
v -0.30580000 16.52490000 -1.66450000
v -0.21290000 16.51530000 -1.63030000
v -0.22270000 16.64920000 -1.59200000
v -0.12620000 16.37150000 -1.62970000
v -0.11870000 16.23250000 -1.65450000
v -0.06040000 16.36740000 -1.60690000
v -0.05670000 16.23090000 -1.63190000
v -0.06390000 16.49920000 -1.57510000
v -0.13330000 16.50600000 -1.59810000
v -0.77480000 17.38050000 -1.28480000
v -0.78330000 17.25760000 -1.37400000
v -0.97100000 17.28260000 -1.32140000
v -0.99210000 17.43110000 -1.19450000
v -0.61160000 17.22500000 -1.40840000
v -0.61210000 17.10270000 -1.48130000
v -0.46560000 17.07410000 -1.48590000
v -0.34000000 17.04130000 -1.47070000
v -0.23600000 17.01080000 -1.44400000
v -0.23490000 16.89790000 -1.49790000
v -0.33490000 17.14820000 -1.40990000
v -0.23390000 17.11470000 -1.38810000
v -0.32200000 17.24290000 -1.34790000
v -0.46040000 17.18770000 -1.41970000
v -0.44410000 17.28980000 -1.34930000
v -0.59620000 17.33590000 -1.33160000
v -0.55830000 17.43450000 -1.25800000
v -0.41190000 17.38140000 -1.27980000
v -0.50430000 17.52800000 -1.19010000
v -0.36150000 17.46860000 -1.21250000
v -0.29670000 17.32300000 -1.28820000
v -0.24200000 17.39030000 -1.22810000
v -0.72020000 17.48320000 -1.21240000
v -0.87950000 17.53520000 -1.13380000
v -0.23090000 17.20620000 -1.33450000
v -0.14990000 17.09420000 -1.36040000
v -0.14850000 16.98820000 -1.41510000
v -0.15590000 17.19550000 -1.30680000
v -0.23010000 17.27360000 -1.29390000
v -0.17750000 17.29330000 -1.26010000
v -0.08000000 17.19580000 -1.27940000
v -0.07370000 17.08400000 -1.33710000
v -0.09920000 17.31930000 -1.22100000
v -0.07170000 16.97470000 -1.39270000
v 0.00000000 16.97010000 -1.38420000
v -0.00000000 16.85840000 -1.43670000
v -0.07050000 16.86310000 -1.44510000
v 0.00000000 17.08080000 -1.32800000
v -0.14700000 16.87670000 -1.46760000
v -0.14400000 16.75910000 -1.51630000
v -0.23030000 16.77710000 -1.54760000
v -0.13940000 16.63540000 -1.56010000
v -0.06900000 16.74710000 -1.49340000
v -0.06680000 16.62580000 -1.53700000
v -0.00000000 16.74280000 -1.48500000
v -0.00000000 16.62240000 -1.52860000
v -0.99370000 17.59510000 -1.01940000
v -1.11590000 17.52830000 -1.03940000
v -1.26860000 17.48390000 -1.02250000
v -1.32430000 17.53180000 -0.88400000
v -1.19010000 17.58070000 -0.89910000
v -1.11480000 17.66000000 -0.77110000
v -1.06850000 17.63760000 -0.89500000
v -1.23520000 17.60510000 -0.76640000
v -0.88590000 17.66630000 -0.98400000
v -0.78450000 17.62170000 -1.07890000
v -0.69600000 17.70790000 -1.02410000
v -0.57860000 17.66910000 -1.08720000
v -0.65150000 17.57600000 -1.14760000
v -0.44280000 17.62490000 -1.12740000
v -0.51100000 17.76770000 -1.03170000
v -0.38720000 17.73070000 -1.07030000
v -0.22380000 17.80550000 -1.02930000
v -0.25500000 17.68460000 -1.08340000
v -0.34290000 17.84180000 -1.01800000
v -0.29940000 17.56510000 -1.14640000
v -0.14980000 17.47510000 -1.15770000
v -0.12460000 17.63530000 -1.07720000
v -0.10860000 17.77140000 -1.02030000
v -0.31090000 17.95890000 -0.97030000
v -0.20350000 17.93060000 -0.98200000
v -0.09930000 17.90570000 -0.97630000
v -0.45520000 17.87280000 -0.98140000
v -0.55310000 17.89990000 -0.92400000
v -0.61730000 17.79990000 -0.97150000
v -0.70270000 17.82900000 -0.89420000
v -0.63390000 17.92440000 -0.85130000
v -0.78780000 17.74330000 -0.94020000
v -0.41360000 17.98460000 -0.93660000
v -0.50510000 18.00780000 -0.88340000
v -0.95640000 17.70020000 -0.87460000
v -0.85480000 17.77070000 -0.84250000
v -0.76770000 17.85210000 -0.80480000
v -0.90000000 17.78660000 -0.73930000
v -0.81330000 17.86610000 -0.70890000
v -1.00200000 17.71920000 -0.76150000
v -0.92490000 17.78790000 -0.63660000
v -1.02620000 17.72040000 -0.65130000
v -1.13860000 17.66160000 -0.65310000
v -0.83930000 17.86820000 -0.61150000
v -0.84650000 17.85650000 -0.51730000
v -0.77660000 17.94920000 -0.48800000
v -0.76940000 17.95930000 -0.58110000
v -0.93130000 17.77320000 -0.53910000
v -0.74320000 17.95690000 -0.67590000
v -0.69750000 17.94430000 -0.76730000
v -0.58220000 18.02860000 -0.81450000
v -0.64360000 18.04550000 -0.73370000
v -0.68820000 18.05630000 -0.64450000
v -1.25790000 17.60520000 -0.64220000
v -1.14310000 17.64040000 -0.54460000
v -1.26050000 17.58020000 -0.52910000
v -1.13200000 17.60140000 -0.44810000
v -1.24610000 17.53500000 -0.42920000
v -1.03160000 17.70240000 -0.54860000
v -0.92420000 17.74590000 -0.44920000
v -1.02260000 17.66960000 -0.45570000
v -1.00250000 17.62980000 -0.37160000
v -0.90750000 17.71090000 -0.36590000
v -0.82630000 17.79970000 -0.34640000
v -0.84050000 17.83270000 -0.42920000
v -0.77200000 17.92750000 -0.40040000
v -0.76090000 17.89650000 -0.31680000
v -0.80450000 17.75860000 -0.26570000
v -0.88150000 17.67080000 -0.28740000
v -0.84420000 17.62490000 -0.21220000
v -0.77260000 17.70600000 -0.18590000
v -0.92700000 17.54480000 -0.22230000
v -0.97130000 17.58800000 -0.29430000
v -1.10760000 17.55440000 -0.36300000
v -1.21610000 17.48090000 -0.34240000
v -1.35930000 17.46770000 -0.40230000
v -1.32220000 17.40890000 -0.31250000
v -1.37960000 17.51810000 -0.50530000
v -1.06980000 17.50790000 -0.28680000
v -1.17060000 17.42880000 -0.26640000
v -1.38130000 17.54850000 -0.62150000
v -1.50550000 17.48960000 -0.59530000
v -1.49590000 17.45300000 -0.47740000
v -1.46770000 17.39970000 -0.37140000
v -1.42360000 17.34090000 -0.27720000
v -1.57100000 17.33270000 -0.33950000
v -1.52060000 17.27770000 -0.24050000
v -1.67210000 17.26800000 -0.30600000
v -1.61540000 17.21660000 -0.20440000
v -1.71550000 17.31830000 -0.41650000
v -1.60710000 17.38540000 -0.44820000
v -1.36350000 17.28730000 -0.19340000
v -1.26880000 17.35370000 -0.23400000
v -1.19860000 17.30960000 -0.16370000
v -1.10870000 17.38430000 -0.19820000
v -1.28660000 17.24630000 -0.11810000
v -1.45480000 17.22850000 -0.15100000
v -1.54330000 17.17030000 -0.11180000
v -1.37090000 17.19210000 -0.07110000
v -1.45230000 17.13530000 -0.02970000
v -1.62670000 17.42650000 -0.56670000
v -1.62600000 17.44610000 -0.69440000
v -1.49390000 17.50100000 -0.72370000
v -1.74490000 17.36090000 -0.53520000
v -1.75620000 17.38650000 -0.66190000
v -1.86150000 17.29160000 -0.50020000
v -1.82530000 17.25130000 -0.38100000
v -1.88200000 17.31860000 -0.62660000
v -1.36250000 17.55280000 -0.74890000
v -1.46450000 17.48670000 -0.85780000
v -1.60690000 17.44060000 -0.82640000
v -1.74790000 17.38860000 -0.79250000
v -1.72410000 17.36650000 -0.92150000
v -1.57570000 17.41030000 -0.95690000
v -1.42300000 17.44740000 -0.99210000
v -2.52110000 16.40970000 -1.57630000
v -2.37640000 16.38190000 -1.62270000
v 0.12460000 17.63530000 -1.07720000
v 0.25500000 17.68460000 -1.08340000
v 0.29940000 17.56510000 -1.14640000
v 0.14980000 17.47510000 -1.15770000
v 0.38720000 17.73070000 -1.07030000
v 0.22380000 17.80550000 -1.02930000
v 0.34290000 17.84180000 -1.01800000
v 0.20350000 17.93060000 -0.98200000
v 0.31090000 17.95890000 -0.97030000
v 0.09930000 17.90570000 -0.97630000
v 0.10860000 17.77140000 -1.02040000
v 0.00000000 17.47070000 -1.13890000
v 0.00000000 17.62020000 -1.06670000
v 0.00000000 17.75780000 -1.01130000
v -0.00000000 17.89540000 -0.96960000
v -0.00000000 18.03480000 -0.93100000
v 0.09390000 18.04250000 -0.93650000
v -0.00000000 18.17380000 -0.89330000
v 0.09070000 18.17950000 -0.89950000
v 0.08900000 18.31560000 -0.87140000
v 0.17860000 18.32490000 -0.87850000
v 0.18290000 18.19280000 -0.90450000
v -0.00000000 18.31170000 -0.86370000
v 0.19080000 18.06060000 -0.94020000
v -0.09390000 18.04250000 -0.93650000
v -0.09070000 18.17950000 -0.89950000
v -0.19080000 18.06060000 -0.94020000
v -0.18290000 18.19280000 -0.90450000
v 0.00000000 17.32310000 -1.20590000
v 0.09920000 17.31930000 -1.22100000
v 0.00000000 17.19560000 -1.26840000
v 0.08010000 17.19580000 -1.27940000
v 0.15590000 17.19550000 -1.30670000
v 0.14990000 17.09420000 -1.36040000
v 0.07370000 17.08400000 -1.33710000
v 0.17750000 17.29330000 -1.26010000
v 0.24200000 17.39030000 -1.22810000
v 0.29670000 17.32300000 -1.28820000
v 0.23010000 17.27360000 -1.29390000
v 0.36150000 17.46860000 -1.21250000
v 0.41190000 17.38150000 -1.27980000
v 0.28950000 18.08200000 -0.92890000
v 0.27590000 18.20870000 -0.89520000
v 0.36580000 18.22500000 -0.86790000
v 0.38490000 18.10270000 -0.89870000
v 0.41360000 17.98460000 -0.93660000
v 0.45530000 17.87280000 -0.98140000
v 0.51100000 17.76770000 -1.03170000
v 0.55310000 17.89990000 -0.92400000
v 0.61730000 17.80000000 -0.97150000
v 0.63390000 17.92440000 -0.85130000
v 0.70270000 17.82910000 -0.89430000
v 0.76770000 17.85220000 -0.80490000
v 0.69750000 17.94430000 -0.76730000
v 0.78780000 17.74330000 -0.94030000
v 0.69600000 17.70790000 -1.02420000
v 0.85480000 17.77070000 -0.84250000
v 0.50510000 18.00780000 -0.88340000
v 0.58210000 18.02860000 -0.81450000
v 0.47120000 18.12220000 -0.84970000
v 0.54420000 18.13960000 -0.78370000
v 0.57860000 17.66910000 -1.08720000
v 0.65150000 17.57600000 -1.14760000
v 0.50430000 17.52800000 -1.19010000
v 0.44280000 17.62490000 -1.12750000
v 0.78450000 17.62170000 -1.07890000
v 0.44730000 18.24090000 -0.82180000
v 0.26800000 18.33650000 -0.87120000
v 0.35380000 18.34910000 -0.84570000
v 0.26580000 18.46410000 -0.86300000
v 0.34990000 18.47350000 -0.83780000
v 0.17780000 18.45600000 -0.87000000
v 0.18060000 18.58400000 -0.88460000
v 0.26950000 18.58930000 -0.87490000
v 0.08890000 18.45030000 -0.86320000
v 0.09040000 18.58100000 -0.88200000
v 0.35440000 18.59620000 -0.84830000
v 0.27950000 18.70940000 -0.91030000
v 0.36770000 18.71430000 -0.88100000
v 0.18740000 18.70600000 -0.92400000
v 0.43150000 18.36190000 -0.80110000
v 0.51600000 18.25540000 -0.75770000
v 0.49730000 18.37440000 -0.73850000
v 0.42600000 18.48380000 -0.79350000
v 0.49180000 18.49460000 -0.73210000
v 0.97100000 17.28260000 -1.32140000
v 0.78330000 17.25760000 -1.37400000
v 0.77480000 17.38050000 -1.28480000
v 0.99210000 17.43110000 -1.19450000
v 0.77460000 17.12420000 -1.45690000
v 0.61210000 17.10270000 -1.48130000
v 0.61160000 17.22500000 -1.40850000
v 0.46560000 17.07410000 -1.48590000
v 0.60220000 16.96960000 -1.54760000
v 0.46150000 16.95000000 -1.54660000
v 0.73250000 16.82460000 -1.60180000
v 0.58430000 16.82750000 -1.60810000
v 0.75720000 16.97940000 -1.53210000
v 0.45000000 16.81700000 -1.60170000
v 0.56010000 16.68010000 -1.66260000
v 0.43280000 16.67700000 -1.65110000
v 0.53320000 16.53010000 -1.71040000
v 0.41270000 16.53190000 -1.69380000
v 0.50640000 16.37850000 -1.75060000
v 0.39280000 16.38230000 -1.72740000
v 0.48340000 16.22300000 -1.77850000
v 0.37360000 16.23070000 -1.75290000
v 0.60080000 16.20710000 -1.79820000
v 0.72420000 16.17390000 -1.81110000
v 0.27520000 16.23380000 -1.72110000
v 0.29050000 16.38090000 -1.69650000
v 0.20180000 16.37660000 -1.66180000
v 0.19050000 16.23390000 -1.68630000
v 0.30580000 16.52490000 -1.66450000
v 0.63000000 16.35950000 -1.76280000
v 0.66290000 16.51270000 -1.71840000
v 0.79860000 16.47560000 -1.72540000
v 0.75830000 16.32300000 -1.77310000
v 0.69830000 16.66780000 -1.66460000
v 0.84620000 16.63420000 -1.66530000
v 0.31990000 16.66450000 -1.62530000
v 0.33150000 16.79810000 -1.57940000
v 0.21290000 16.51540000 -1.63030000
v 0.22270000 16.64920000 -1.59200000
v 0.23030000 16.77710000 -1.54760000
v 0.33860000 16.92410000 -1.52760000
v 0.23490000 16.89790000 -1.49790000
v 0.34000000 17.04130000 -1.47070000
v 0.23590000 17.01080000 -1.44400000
v 0.14400000 16.75910000 -1.51630000
v 0.13940000 16.63540000 -1.56010000
v 0.06680000 16.62580000 -1.53700000
v 0.13320000 16.50600000 -1.59810000
v 0.06380000 16.49920000 -1.57510000
v 0.12610000 16.37150000 -1.62970000
v 0.06040000 16.36740000 -1.60690000
v -0.00000000 16.49670000 -1.56670000
v 0.06900000 16.74710000 -1.49340000
v 0.92440000 16.97880000 -1.50710000
v 0.89750000 16.80350000 -1.59080000
v 1.10110000 16.97330000 -1.47670000
v 1.09620000 16.75610000 -1.58140000
v 0.94800000 17.13720000 -1.41990000
v 1.12360000 17.14090000 -1.38020000
v 1.26900000 16.99460000 -1.43240000
v 1.29120000 17.14590000 -1.33730000
v 1.27650000 16.82460000 -1.52080000
v 1.44670000 17.14540000 -1.29660000
v 1.41900000 17.01070000 -1.39190000
v 1.32940000 17.27510000 -1.23470000
v 1.49030000 17.26240000 -1.19360000
v 1.15700000 17.28190000 -1.27750000
v 1.00020000 16.57090000 -1.67220000
v 0.93640000 16.41510000 -1.73500000
v 0.88880000 16.26860000 -1.78200000
v 1.06730000 16.33030000 -1.74840000
v 1.01760000 16.19820000 -1.78870000
v 1.13230000 16.46110000 -1.69730000
v 1.25070000 16.34500000 -1.71840000
v 1.19020000 16.23490000 -1.75830000
v 1.32580000 16.44320000 -1.67430000
v 1.22020000 16.58490000 -1.63770000
v 0.46040000 17.18770000 -1.41970000
v 0.33490000 17.14820000 -1.40990000
v 0.23090000 17.20610000 -1.33450000
v 0.32200000 17.24290000 -1.34790000
v 0.23390000 17.11470000 -1.38810000
v 0.44410000 17.28980000 -1.34930000
v 0.59620000 17.33590000 -1.33160000
v 0.55830000 17.43450000 -1.25810000
v 0.72020000 17.48320000 -1.21240000
v 0.87950000 17.53520000 -1.13380000
v 0.14850000 16.98820000 -1.41510000
v 0.07170000 16.97470000 -1.39270000
v 0.14700000 16.87670000 -1.46760000
v 0.07050000 16.86310000 -1.44510000
v 1.20060000 17.40130000 -1.15860000
v 1.37500000 17.37890000 -1.12040000
v 1.53600000 17.35200000 -1.08060000
v 1.42300000 17.44740000 -0.99210000
v 1.57570000 17.41040000 -0.95690000
v 1.60690000 17.44060000 -0.82640000
v 1.74790000 17.38860000 -0.79250000
v 1.72410000 17.36650000 -0.92150000
v 1.83000000 17.27090000 -1.01380000
v 1.68760000 17.31680000 -1.04400000
v 1.86510000 17.31100000 -0.88820000
v 1.99940000 17.24870000 -0.85720000
v 1.96670000 17.21970000 -0.98970000
v 2.05520000 17.12850000 -1.10540000
v 1.91750000 17.16580000 -1.11510000
v 2.10480000 17.17370000 -0.97150000
v 1.99760000 17.06190000 -1.22800000
v 1.86150000 17.09110000 -1.23140000
v 2.13470000 17.02760000 -1.22640000
v 2.19290000 17.08670000 -1.09770000
v 2.07860000 16.95360000 -1.34090000
v 1.94400000 16.98130000 -1.33870000
v 1.81140000 17.00120000 -1.33740000
v 2.32720000 17.03460000 -1.09010000
v 2.24180000 17.12410000 -0.95600000
v 2.37320000 17.06190000 -0.94210000
v 2.27040000 16.98480000 -1.22450000
v 1.78120000 17.20460000 -1.13140000
v 1.64070000 17.23950000 -1.15730000
v 1.59110000 17.13550000 -1.26310000
v 1.72700000 17.11790000 -1.24100000
v 2.13590000 17.19430000 -0.83030000
v 2.01250000 17.25650000 -0.72230000
v 2.14660000 17.19680000 -0.68860000
v 2.27250000 17.13910000 -0.80720000
v 2.40200000 17.06920000 -0.78750000
v 2.28180000 17.13540000 -0.65870000
v 2.40940000 17.05780000 -0.63320000
v 2.00570000 17.24640000 -0.58940000
v 2.13690000 17.18330000 -0.55120000
v 1.88310000 17.32590000 -0.75750000
v 1.88200000 17.31860000 -0.62660000
v 1.98090000 17.22110000 -0.46180000
v 2.10870000 17.15560000 -0.42090000
v 1.86150000 17.29160000 -0.50020000
v 1.75620000 17.38650000 -0.66190000
v 1.74490000 17.36090000 -0.53520000
v 1.60700000 17.38540000 -0.44820000
v 1.71550000 17.31830000 -0.41650000
v 1.62660000 17.42650000 -0.56680000
v 1.57090000 17.33260000 -0.33950000
v 1.67210000 17.26790000 -0.30610000
v 1.82530000 17.25130000 -0.38100000
v 1.77580000 17.20380000 -0.27020000
v 1.49590000 17.45300000 -0.47740000
v 1.50550000 17.48950000 -0.59530000
v 1.62600000 17.44610000 -0.69440000
v 1.49390000 17.50100000 -0.72370000
v 1.46450000 17.48670000 -0.85780000
v 1.32430000 17.53180000 -0.88400000
v 1.36250000 17.55280000 -0.74890000
v 1.26860000 17.48400000 -1.02250000
v 1.11590000 17.52830000 -1.03940000
v 1.19010000 17.58070000 -0.89910000
v 1.23520000 17.60510000 -0.76640000
v 1.25790000 17.60520000 -0.64220000
v 1.38130000 17.54850000 -0.62150000
v 1.26050000 17.58010000 -0.52910000
v 1.37960000 17.51800000 -0.50530000
v 1.35920000 17.46770000 -0.40230000
v 1.46770000 17.39960000 -0.37150000
v 1.32220000 17.40880000 -0.31260000
v 1.42350000 17.34060000 -0.27730000
v 1.52050000 17.27750000 -0.24060000
v 1.36340000 17.28690000 -0.19370000
v 1.45470000 17.22820000 -0.15130000
v 1.61540000 17.21650000 -0.20440000
v 1.54330000 17.17020000 -0.11190000
v 1.26870000 17.35340000 -0.23420000
v 1.19850000 17.30930000 -0.16390000
v 1.17050000 17.42870000 -0.26650000
v 1.10870000 17.38420000 -0.19830000
v 1.21610000 17.48090000 -0.34250000
v 1.28650000 17.24580000 -0.11840000
v 1.24610000 17.53500000 -0.42920000
v 1.10760000 17.55440000 -0.36300000
v 1.13200000 17.60130000 -0.44810000
v 1.14310000 17.64040000 -0.54460000
v 1.03150000 17.70240000 -0.54860000
v 1.02250000 17.66950000 -0.45570000
v 1.00240000 17.62970000 -0.37160000
v 1.13860000 17.66160000 -0.65310000
v 1.11470000 17.66000000 -0.77110000
v 1.00200000 17.71920000 -0.76150000
v 1.02620000 17.72040000 -0.65130000
v 0.92490000 17.78780000 -0.63660000
v 0.90000000 17.78650000 -0.73930000
v 0.81320000 17.86610000 -0.70890000
v 0.83910000 17.86810000 -0.61150000
v 0.74320000 17.95690000 -0.67590000
v 0.76930000 17.95930000 -0.58120000
v 0.93110000 17.77300000 -0.53920000
v 0.84610000 17.85620000 -0.51740000
v 0.95640000 17.70020000 -0.87470000
v 0.88590000 17.66630000 -0.98410000
v 1.06850000 17.63760000 -0.89510000
v 0.99370000 17.59510000 -1.01940000
v -0.88750000 19.46720000 -0.35880000
v -0.92370000 19.47390000 -0.35860000
v -0.89130000 19.49530000 -0.28100000
v -0.85180000 19.51410000 -0.27880000
v -0.96510000 19.49170000 -0.35670000
v -0.93210000 19.51540000 -0.27750000
v -0.94260000 19.49450000 -0.18960000
v -0.90980000 19.50590000 -0.18840000
v -0.96840000 19.50160000 -0.26440000
v -0.92960000 19.45940000 -0.20670000
v -0.96280000 19.45630000 -0.26260000
v -0.91780000 19.41580000 -0.21590000
v -0.96480000 19.40830000 -0.25740000
v -0.95750000 19.34280000 -0.26030000
v -0.90820000 19.34810000 -0.19610000
v -0.97920000 19.29040000 -0.28760000
v -0.93450000 19.26790000 -0.24500000
v -0.92910000 19.29870000 -0.23210000
v -0.89790000 19.29360000 -0.18730000
v -0.89090000 19.28310000 -0.12460000
v -0.87430000 19.30080000 -0.13590000
v -0.90620000 19.26210000 -0.18300000
v -0.91290000 19.23370000 -0.18030000
v -0.90170000 19.26540000 -0.11480000
v -0.88650000 19.24080000 -0.10460000
v -0.88850000 19.20450000 -0.17410000
v -0.90030000 19.18270000 -0.24280000
v -0.93500000 19.21990000 -0.26080000
v -0.89980000 19.32410000 -0.07870000
v -0.89240000 19.33460000 -0.09330000
v -0.87860000 19.34450000 -0.11070000
v -0.88820000 19.32730000 -0.14940000
v -0.88330000 19.37450000 -0.16850000
v -0.87820000 19.41780000 -0.17140000
v -0.87940000 19.35740000 -0.13660000
v -0.87230000 19.39490000 -0.13630000
v -0.90430000 19.43910000 -0.15130000
v -0.99000000 19.23290000 -0.30520000
v -0.98890000 19.16320000 -0.31420000
v -0.94700000 19.16310000 -0.29280000
v -1.00990000 19.16020000 -0.34720000
v -0.99050000 19.07950000 -0.32480000
v -0.97070000 19.09170000 -0.30300000
v -1.00510000 19.06710000 -0.34570000
v -1.02260000 19.15230000 -0.37770000
v -0.96090000 19.01190000 -0.28460000
v -0.93740000 19.03090000 -0.26910000
v -0.97530000 18.99540000 -0.30120000
v -1.01520000 19.23930000 -0.34910000
v -1.01160000 19.30820000 -0.33420000
v -1.00440000 19.32020000 -0.38010000
v -1.01520000 19.23930000 -0.38990000
v -0.93870000 19.10580000 -0.28770000
v -0.91550000 19.15810000 -0.27930000
v -0.90220000 19.12160000 -0.27290000
v -0.91470000 19.05830000 -0.25730000
v -0.88640000 19.08330000 -0.25450000
v -1.00180000 19.36480000 -0.31120000
v -0.99560000 19.38770000 -0.35410000
v -0.99290000 19.40550000 -0.29370000
v -0.98540000 19.43460000 -0.31480000
v -0.99810000 19.47430000 -0.33240000
v -1.01850000 19.41480000 -0.38100000
v -0.92350000 19.45420000 -0.12800000
v -0.90430000 19.46700000 -0.11080000
v -0.90420000 19.39650000 -0.09700000
v -0.90340000 19.39790000 -0.07500000
v -0.87610000 19.46460000 -0.10440000
v -0.87500000 19.49490000 -0.18830000
v -0.84670000 19.50890000 -0.17310000
v -0.85130000 19.57550000 -0.22010000
v -0.84600000 19.54350000 -0.13370000
v -0.85920000 19.63160000 -0.16810000
v -0.85090000 19.58330000 -0.08680000
v -0.86190000 19.68960000 -0.11470000
v -0.85240000 19.62820000 -0.03370000
v -0.84480000 19.51740000 -0.01380000
v -0.84560000 19.54990000 0.04190000
v -0.84290000 19.49120000 -0.05690000
v -0.86320000 19.60880000 -0.29240000
v -0.85890000 19.54440000 -0.33990000
v -0.87080000 19.67540000 -0.24380000
v -0.85030000 19.47210000 -0.08830000
v -0.85940000 19.39240000 -0.04180000
v -0.84200000 19.40560000 -0.01060000
v -0.88460000 19.39390000 -0.05840000
v -0.89050000 19.30650000 -0.06090000
v -0.86630000 19.28280000 -0.04310000
v -0.84830000 19.21680000 -0.10190000
v -0.83990000 19.21060000 -0.04970000
v -0.81230000 19.16310000 -0.09420000
v -0.82350000 19.12440000 -0.10260000
v -0.84560000 19.13810000 -0.10490000
v -0.83930000 19.15960000 -0.09400000
v -0.78260000 19.12300000 -0.09870000
v -0.79540000 19.10550000 -0.09220000
v -0.80610000 19.13300000 -0.16120000
v -0.78280000 19.09360000 -0.13210000
v -0.84490000 19.17840000 -0.17440000
v -0.85500000 19.16850000 -0.07040000
v -0.85840000 19.30690000 0.00140000
v -0.84810000 19.22700000 -0.00940000
v -0.88530000 19.39740000 -0.11590000
v -0.99830000 19.43010000 -0.41000000
v -1.01570000 19.34240000 -0.43750000
v -1.02860000 19.33370000 -0.40850000
v -1.02100000 19.24380000 -0.44660000
v -1.03250000 19.24140000 -0.41900000
v -1.01400000 19.14280000 -0.43240000
v -1.03060000 19.14500000 -0.40690000
v -0.98950000 19.24510000 -0.45620000
v -0.98310000 19.14640000 -0.44260000
v -0.94840000 19.15210000 -0.44340000
v -0.92610000 19.06480000 -0.41220000
v -0.95740000 19.06000000 -0.40190000
v -0.98520000 19.05540000 -0.39040000
v -0.92010000 18.98510000 -0.35250000
v -0.94880000 18.98070000 -0.34040000
v -0.88960000 18.98480000 -0.37020000
v -0.90840000 19.15640000 -0.45460000
v -0.95260000 19.24610000 -0.45110000
v -0.91070000 19.24810000 -0.45700000
v -0.88980000 19.06720000 -0.43330000
v -0.98070000 19.34090000 -0.44330000
v -0.95870000 19.42270000 -0.41320000
v -0.94230000 19.33630000 -0.43650000
v -0.92030000 19.41330000 -0.40830000
v -1.00420000 19.05750000 -0.37000000
v -0.97010000 18.98330000 -0.32260000
v -0.94340000 18.94280000 -0.25560000
v -0.93780000 18.92380000 -0.27330000
v -0.91350000 18.91660000 -0.28950000
v -0.86770000 19.48120000 -0.38600000
v -0.88500000 19.41460000 -0.42030000
v -0.90130000 19.33630000 -0.44460000
v -0.86790000 19.25430000 -0.49120000
v -0.86410000 19.34500000 -0.48000000
v -0.82950000 19.26570000 -0.55880000
v -0.83250000 19.36260000 -0.54710000
v -0.86040000 19.43010000 -0.45900000
v -0.84180000 19.45520000 -0.52770000
v -0.86160000 19.50760000 -0.43050000
v -0.85420000 19.54180000 -0.50120000
v -0.86630000 19.57960000 -0.39500000
v -0.86360000 19.62390000 -0.46870000
v -0.87300000 19.65140000 -0.35590000
v -0.87140000 19.70460000 -0.43230000
v -0.84440000 19.67540000 -0.56560000
v -0.85180000 19.76450000 -0.52790000
v -0.87650000 19.78710000 -0.39110000
v -0.85630000 19.85320000 -0.48400000
v -0.87890000 19.72650000 -0.31290000
v -0.81930000 19.48760000 -0.62230000
v -0.83400000 19.58360000 -0.59750000
v -0.78740000 19.52220000 -0.72990000
v -0.80200000 19.62750000 -0.70640000
v -0.74020000 19.55490000 -0.84000000
v -0.75320000 19.66990000 -0.81700000
v -0.81190000 19.72880000 -0.67420000
v -0.76180000 19.78080000 -0.78400000
v -0.80310000 19.38690000 -0.63890000
v -0.76920000 19.41310000 -0.74390000
v -0.79110000 19.28220000 -0.64730000
v -0.73670000 19.18550000 -0.74200000
v -0.78180000 19.17490000 -0.64550000
v -0.75170000 19.30030000 -0.74810000
v -0.82430000 19.16610000 -0.55830000
v -0.86400000 19.16080000 -0.48940000
v -0.84930000 19.06750000 -0.47410000
v -0.81130000 19.06580000 -0.54390000
v -0.85720000 18.98140000 -0.40020000
v -0.82310000 18.97490000 -0.44680000
v -0.78890000 18.96620000 -0.51670000
v -0.76860000 19.06700000 -0.63020000
v -0.72060000 19.07050000 -0.72350000
v -0.66600000 19.07310000 -0.81720000
v -0.68560000 19.19390000 -0.84120000
v -0.60000000 19.07350000 -0.90490000
v -0.62150000 19.19880000 -0.93480000
v -0.70410000 19.31580000 -0.85230000
v -0.64130000 19.32700000 -0.95110000
v -0.69940000 18.95770000 -0.69240000
v -0.74770000 18.96050000 -0.60170000
v -0.64320000 18.95580000 -0.78160000
v -0.83600000 19.09340000 -0.10240000
v -0.79890000 19.07100000 -0.10240000
v -0.82440000 19.04690000 -0.09370000
v -0.84730000 19.06310000 -0.08440000
v -0.80850000 19.03710000 -0.11980000
v -0.83970000 19.01370000 -0.10750000
v -0.85470000 19.01880000 -0.15600000
v -0.81430000 19.05210000 -0.15800000
v -0.84940000 19.01330000 -0.06430000
v -0.86090000 18.95830000 -0.11840000
v -0.84850000 18.93420000 -0.08800000
v -0.87630000 18.91790000 -0.13480000
v -0.86500000 18.88750000 -0.11890000
v -0.89580000 18.90230000 -0.16900000
v -0.88070000 18.93980000 -0.15620000
v -0.89570000 18.93600000 -0.18580000
v -0.87360000 18.97350000 -0.15900000
v -0.90000000 18.98310000 -0.21540000
v -0.84350000 19.08410000 -0.21300000
v -0.87900000 19.03280000 -0.21160000
v -0.86740000 19.14290000 -0.23450000
v -0.91330000 18.93280000 -0.21160000
v -0.92940000 18.96350000 -0.24160000
v -0.91780000 18.90930000 -0.21160000
v -0.91080000 18.88230000 -0.22020000
v -0.88310000 18.86890000 -0.23270000
v -0.88680000 18.86940000 -0.16490000
v -0.85790000 18.84900000 -0.17230000
v -0.83600000 18.85630000 -0.11740000
v -0.82260000 18.84190000 -0.18030000
v -0.80760000 18.82890000 -0.13250000
v -0.77560000 18.77710000 -0.10000000
v -0.81680000 18.88350000 -0.06010000
v -0.80520000 18.86040000 0.03050000
v -0.83020000 18.95200000 0.05740000
v -0.84100000 18.97710000 -0.01370000
v -0.85480000 19.05910000 0.02430000
v -0.85860000 19.08300000 -0.02450000
v -0.84560000 19.03770000 0.09040000
v -0.79980000 18.84840000 0.11590000
v -0.77420000 18.75640000 0.02230000
v -0.77550000 18.76120000 0.11970000
v -0.81730000 18.93010000 0.13870000
v -0.79280000 18.82150000 -0.17750000
v -0.79910000 18.82860000 -0.24670000
v -0.84400000 18.86540000 -0.24010000
v -0.76230000 18.72150000 -0.18730000
v -0.84480000 18.90860000 -0.31900000
v -0.88000000 18.91840000 -0.30070000
v -0.86050000 19.10850000 -0.06090000
v -0.85870000 19.12700000 -0.09180000
v -0.85670000 19.16440000 -0.03320000
v -0.85650000 19.15280000 0.00860000
v -0.85150000 19.22800000 0.03530000
v -0.85250000 19.31690000 0.04900000
v -0.85250000 19.32440000 0.10940000
v -0.84300000 19.44330000 0.09870000
v -0.84090000 19.42260000 0.03530000
v -0.85750000 19.22400000 0.09010000
v -0.85750000 19.13890000 0.05940000
v -0.85460000 19.12350000 0.12690000
v -0.85910000 19.21630000 0.16260000
v -0.81910000 19.41420000 0.32870000
v -0.79310000 19.51580000 0.38390000
v -0.80390000 19.58780000 0.28660000
v -0.83270000 19.47480000 0.20400000
v -0.81650000 19.67470000 0.19860000
v -0.76760000 19.68210000 0.36530000
v -0.77990000 19.76200000 0.28290000
v -0.72380000 19.76800000 0.44840000
v -0.73490000 19.84930000 0.36950000
v -0.72170000 19.68980000 0.52800000
v -0.67470000 19.75900000 0.61070000
v -0.67350000 19.84450000 0.53400000
v -0.61390000 19.90900000 0.61850000
v -0.61790000 19.81520000 0.69200000
v -0.68120000 19.93120000 0.45680000
v -0.69670000 20.01570000 0.37880000
v -0.75030000 19.92970000 0.29000000
v -0.71320000 20.09640000 0.29700000
v -0.76630000 20.00770000 0.20870000
v -0.79530000 19.84210000 0.20160000
v -0.82910000 19.75750000 0.11430000
v -0.80990000 19.91940000 0.11990000
v -0.84160000 19.83380000 0.03230000
v -0.78040000 20.08250000 0.12490000
v -0.82300000 19.99350000 0.03770000
v -0.85230000 19.90570000 -0.04780000
v -0.83900000 19.59700000 0.11640000
v -0.84830000 19.68400000 0.03250000
v -0.85740000 19.75560000 -0.04900000
v -0.72650000 20.17250000 0.21070000
v -0.73620000 20.24420000 0.12140000
v -0.79080000 20.15430000 0.03900000
v -0.66080000 20.39350000 0.09190000
v -0.73490000 20.30890000 0.02810000
v -0.66770000 20.33360000 0.19520000
v -0.66430000 20.26290000 0.29270000
v -0.78930000 20.22120000 -0.04990000
v -0.65250000 20.18360000 0.38340000
v -0.57220000 20.26190000 0.45890000
v -0.63520000 20.09710000 0.46670000
v -0.55980000 20.16900000 0.54800000
v -0.57810000 20.34310000 0.35900000
v -0.62040000 20.00520000 0.54430000
v -0.54750000 20.06740000 0.62650000
v -0.45360000 20.11260000 0.69100000
v -0.46320000 20.22390000 0.61210000
v -0.35650000 20.26610000 0.66000000
v -0.34970000 20.14700000 0.74000000
v -0.47030000 20.32160000 0.51510000
v -0.35950000 20.36680000 0.55490000
v -0.54060000 19.96030000 0.69600000
v -0.44830000 19.99620000 0.75690000
v -0.54180000 19.85700000 0.76200000
v -0.45030000 19.88620000 0.81830000
v -0.68610000 19.68220000 0.68280000
v -0.62690000 19.73210000 0.75760000
v -0.72690000 19.61870000 0.60480000
v -0.76140000 19.60760000 0.45070000
v -0.75760000 19.54120000 0.53590000
v -0.78110000 19.45330000 0.47980000
v -0.73960000 19.48160000 0.61060000
v -0.75340000 19.39630000 0.57110000
v -0.69810000 19.43660000 0.66770000
v -0.69470000 19.33940000 0.66750000
v -0.65370000 19.42030000 0.70160000
v -0.63480000 19.36180000 0.71240000
v -0.63870000 19.25260000 0.75700000
v -0.59300000 19.30510000 0.76310000
v -0.73650000 19.24630000 0.63890000
v -0.67910000 19.17100000 0.74050000
v -0.77640000 19.30710000 0.53570000
v -0.69360000 19.50210000 0.70580000
v -0.71970000 19.55330000 0.66600000
v -0.80280000 19.36010000 0.43460000
v -0.81840000 19.26220000 0.39300000
v -0.79340000 19.21410000 0.49570000
v -0.83810000 19.30220000 0.29050000
v -0.68240000 19.61200000 0.73480000
v -0.62580000 19.66080000 0.80170000
v -0.66460000 19.55510000 0.76440000
v -0.61620000 19.60240000 0.82670000
v -0.63450000 19.51030000 0.77810000
v -0.59390000 19.55330000 0.83400000
v -0.56400000 19.51170000 0.82930000
v -0.59760000 19.47440000 0.78120000
v -0.65520000 19.46690000 0.73060000
v -0.61410000 19.44140000 0.74220000
v -0.62030000 19.41620000 0.71790000
v -0.55240000 19.44840000 0.76680000
v -0.52490000 19.48310000 0.80910000
v -0.50820000 19.41740000 0.74650000
v -0.57170000 19.41520000 0.74090000
v -0.53650000 19.38120000 0.76070000
v -0.48750000 19.46030000 0.77850000
v -0.50800000 19.54750000 0.87750000
v -0.53210000 19.59240000 0.88940000
v -0.47830000 19.51680000 0.84830000
v -0.55110000 19.64440000 0.88860000
v -0.55150000 19.70150000 0.86140000
v -0.45340000 19.61470000 0.93500000
v -0.46790000 19.67240000 0.94240000
v -0.43370000 19.56880000 0.91160000
v -0.36850000 19.61480000 0.97090000
v -0.37150000 19.67890000 0.98080000
v -0.37210000 19.57620000 0.93750000
v -0.46110000 19.72710000 0.91040000
v -0.36160000 19.73610000 0.95100000
v -0.45480000 19.79460000 0.87010000
v -0.54810000 19.77010000 0.82020000
v -0.35580000 19.80880000 0.91530000
v -0.84910000 19.32800000 0.19140000
v -0.84810000 19.19680000 0.25220000
v -0.82510000 19.16400000 0.34930000
v -0.79670000 19.11970000 0.44640000
v -0.76090000 19.06360000 0.53940000
v -0.79040000 19.02730000 0.39080000
v -0.75310000 18.97270000 0.47090000
v -0.77930000 18.93840000 0.33170000
v -0.74160000 18.88250000 0.39770000
v -0.70050000 18.81600000 0.45740000
v -0.70910000 18.90720000 0.54210000
v -0.73450000 18.79610000 0.32040000
v -0.69590000 18.72450000 0.37160000
v -0.77010000 18.85760000 0.26950000
v -0.77000000 18.79390000 0.20210000
v -0.73810000 18.71950000 0.23820000
v -0.79090000 18.84740000 0.17840000
v -0.79810000 18.90430000 0.21290000
v -0.80900000 18.98300000 0.25650000
v -0.74410000 18.66260000 0.14880000
v -0.70330000 18.56500000 0.19530000
v -0.70000000 18.63800000 0.28430000
v -0.74040000 18.63000000 0.05470000
v -0.69430000 18.50950000 0.10620000
v -0.65920000 18.73980000 0.51600000
v -0.65640000 18.64450000 0.42630000
v -0.61690000 18.65630000 0.57760000
v -0.61430000 18.55410000 0.48580000
v -0.65840000 18.55320000 0.33800000
v -0.61130000 18.46110000 0.39600000
v -0.66180000 18.83280000 0.60740000
v -0.65540000 18.92150000 0.69920000
v -0.71340000 18.99600000 0.62450000
v -0.63270000 19.01090000 0.77790000
v -0.70510000 19.08340000 0.69530000
v -0.59710000 19.10330000 0.82370000
v -0.55140000 18.94490000 0.84710000
v -0.49950000 19.04560000 0.89360000
v -0.59240000 18.84830000 0.76610000
v -0.75910000 19.15510000 0.59810000
v -0.61270000 18.75490000 0.67150000
v -0.56090000 18.68410000 0.73740000
v -0.52790000 18.78540000 0.83000000
v -0.57030000 18.57260000 0.64380000
v -0.81980000 19.07060000 0.30270000
v -0.84220000 19.10210000 0.21150000
v -0.83090000 19.01430000 0.17240000
v -2.26720000 15.94220000 0.10300000
v -2.31720000 16.07190000 0.14350000
v -2.48930000 16.07930000 0.09600000
v -2.17350000 15.93400000 0.12960000
v -2.19200000 16.05360000 0.17630000
v -1.78980000 15.76670000 0.53170000
v -1.82770000 15.85410000 0.46830000
v -1.71730000 15.83570000 0.57560000
v -1.75560000 15.92820000 0.51400000
v -1.91710000 15.84570000 0.35480000
v -1.87030000 15.94010000 0.40610000
v -1.80000000 16.02100000 0.45110000
v -2.02220000 15.97700000 0.25060000
v -2.09620000 16.02260000 0.21010000
v -2.09650000 15.90900000 0.15980000
v -2.07540000 16.13960000 0.24690000
v -2.18650000 16.17850000 0.20760000
v -2.03350000 16.24960000 0.26690000
v -2.15860000 16.29610000 0.21600000
v -2.10870000 16.40760000 0.21080000
v -2.25530000 16.45620000 0.15260000
v -2.30330000 16.33570000 0.16900000
v -1.97040000 16.35420000 0.27540000
v -2.32560000 16.20850000 0.17190000
v -1.98910000 16.08720000 0.29380000
v -1.93260000 16.18830000 0.32580000
v -1.85680000 16.10950000 0.38800000
v -1.92240000 16.01940000 0.34730000
v -1.84610000 16.28530000 0.35160000
v -1.76540000 16.18940000 0.42460000
v -1.96400000 15.91710000 0.29910000
v -0.62650000 17.99110000 -0.03600000
v -0.57920000 18.06560000 0.04660000
v -0.64220000 18.23360000 -0.02690000
v -0.67990000 18.15720000 -0.16630000
v -0.69660000 18.41340000 -0.08300000
v -0.60740000 18.29680000 0.08880000
v -0.68470000 18.45670000 0.01620000
v -0.63470000 18.40020000 0.16720000
v -0.65460000 18.47280000 0.25110000
v -0.59780000 18.38410000 0.30910000
v -0.52790000 18.28700000 0.36100000
v -0.55310000 18.35830000 0.45270000
v -0.57310000 18.32110000 0.22900000
v -0.50210000 18.22580000 0.27540000
v -0.55500000 18.26440000 0.16980000
v -0.49680000 18.16750000 0.19920000
v -0.53120000 18.12630000 0.12480000
v -0.42870000 18.05170000 0.23930000
v -0.46340000 17.98620000 0.17230000
v -0.42490000 18.12150000 0.31710000
v -0.35860000 17.93790000 0.27700000
v -0.39520000 17.86100000 0.21460000
v -0.51650000 17.92220000 0.11310000
v -0.44860000 17.79330000 0.16510000
v -0.44610000 18.18750000 0.40460000
v -0.47840000 18.25290000 0.50290000
v -0.34670000 18.01870000 0.35300000
v -0.35940000 18.09260000 0.43900000
v -0.29970000 18.07400000 0.56840000
v -0.39250000 18.15130000 0.53420000
v -0.27000000 18.01070000 0.46980000
v -0.42330000 18.20450000 0.63300000
v -0.49740000 18.34410000 0.62470000
v -0.56440000 18.45280000 0.55000000
v -0.34740000 18.11830000 0.65870000
v -0.27350000 18.06720000 0.70750000
v -0.19460000 18.02340000 0.62170000
v -0.17730000 17.94990000 0.49910000
v -0.26510000 17.92500000 0.38320000
v -0.28130000 17.83240000 0.30770000
v -0.17890000 17.84960000 0.40920000
v -0.19450000 17.74320000 0.33330000
v -0.31660000 17.74560000 0.24790000
v -0.22310000 17.64380000 0.27430000
v -0.73220000 18.57540000 -0.13460000
v -0.73350000 18.60980000 -0.04330000
v -0.71000000 18.38410000 -0.19110000
v -0.69160000 18.24610000 -0.30000000
v -0.70460000 18.39970000 -0.29850000
v -0.67540000 18.27660000 -0.40450000
v -0.67620000 18.40800000 -0.39630000
v -0.69760000 18.13550000 -0.33730000
v -0.69590000 18.10000000 -0.26130000
v -0.72260000 18.02910000 -0.36820000
v -0.71580000 18.00130000 -0.28460000
v -0.68980000 18.15820000 -0.42810000
v -0.72310000 18.04940000 -0.45670000
v -0.67400000 18.16580000 -0.52310000
v -0.71410000 18.05830000 -0.55040000
v -0.64870000 18.28200000 -0.50130000
v -0.69930000 17.97560000 -0.19410000
v -0.74240000 17.85580000 -0.23210000
v -0.71260000 17.79110000 -0.14520000
v -0.66530000 17.88610000 -0.09400000
v -0.57170000 17.85690000 0.05410000
v -0.62080000 17.78370000 -0.00480000
v -0.64270000 18.52820000 -0.48930000
v -0.63810000 18.40510000 -0.48900000
v -0.68570000 18.53760000 -0.40200000
v -0.59710000 18.39650000 -0.57820000
v -0.61480000 18.27710000 -0.59360000
v -0.54740000 18.50570000 -0.65770000
v -0.55120000 18.38590000 -0.66240000
v -0.59660000 18.51710000 -0.57540000
v -0.49730000 18.37440000 -0.73850000
v -0.51600000 18.25540000 -0.75770000
v -0.57120000 18.26770000 -0.68000000
v -0.49190000 18.49460000 -0.73220000
v -0.56000000 18.62240000 -0.66990000
v -0.61220000 18.63330000 -0.58820000
v -0.65970000 18.64550000 -0.50300000
v -0.71800000 18.54420000 -0.31380000
v -0.70190000 18.65890000 -0.41880000
v -0.73430000 18.67320000 -0.33890000
v -0.75280000 18.69110000 -0.26340000
v -0.73190000 18.55190000 -0.22420000
v -0.72630000 18.76830000 -0.44620000
v -0.75680000 18.78520000 -0.37220000
v -0.77880000 18.80460000 -0.30840000
v -0.31990000 18.58030000 0.98050000
v -0.32680000 18.52870000 0.95490000
v -0.30210000 18.56400000 0.95780000
v -0.28910000 18.58550000 0.97940000
v -0.28860000 18.54560000 0.96000000
v -0.27900000 18.56270000 0.95950000
v -0.28570000 18.57390000 0.95900000
v -0.26450000 18.52960000 0.98470000
v -0.25850000 18.55820000 0.97940000
v -0.23010000 18.51210000 1.02340000
v -0.22230000 18.54900000 1.01510000
v -0.17020000 18.54060000 1.05750000
v -0.17890000 18.49860000 1.06720000
v -0.22620000 18.57760000 1.00690000
v -0.26660000 18.57930000 0.97690000
v -0.16940000 18.57280000 1.04250000
v -0.09670000 18.53850000 1.09490000
v -0.10200000 18.49360000 1.10520000
v -0.23680000 18.46440000 1.01980000
v -0.18400000 18.44780000 1.06030000
v -0.24550000 18.40770000 1.00860000
v -0.18780000 18.38950000 1.04540000
v -0.19390000 18.32030000 1.03040000
v -0.26120000 18.34010000 0.98930000
v -0.30350000 18.39180000 0.96080000
v -0.28310000 18.44180000 0.97740000
v -0.27270000 18.49000000 0.98400000
v -0.10430000 18.44300000 1.09490000
v -0.10430000 18.38860000 1.07410000
v 0.00000000 18.53800000 1.10730000
v 0.00010000 18.57610000 1.08550000
v -0.09690000 18.57330000 1.07550000
v 0.00000000 18.59860000 1.09660000
v -0.04450000 18.59670000 1.09080000
v 0.04450000 18.59670000 1.09080000
v -0.00000000 18.60730000 1.11580000
v 0.05970000 18.61180000 1.11390000
v 0.11790000 18.59950000 1.07840000
v 0.13970000 18.62490000 1.10500000
v 0.09700000 18.57320000 1.07590000
v -0.11780000 18.59950000 1.07820000
v -0.05970000 18.61180000 1.11390000
v -0.13970000 18.62470000 1.10520000
v 0.09680000 18.53850000 1.09520000
v 0.00000000 18.49290000 1.11960000
v 0.10200000 18.49360000 1.10540000
v -0.18950000 18.59560000 1.04720000
v -0.24910000 18.59410000 1.01230000
v -0.22030000 18.61410000 1.06200000
v -0.28180000 18.60520000 1.01930000
v -0.31880000 18.61860000 1.01910000
v -0.35590000 18.57530000 0.97410000
v -0.39250000 18.57380000 0.95550000
v -0.40190000 18.48600000 0.90900000
v -0.36530000 18.50530000 0.94050000
v -0.35760000 18.41990000 0.92360000
v -0.32540000 18.45510000 0.94860000
v -0.39350000 18.39230000 0.87880000
v -0.42880000 18.57850000 0.92080000
v -0.43860000 18.47660000 0.85980000
v -0.35580000 18.63580000 1.00970000
v -0.39080000 18.65810000 0.98730000
v -0.29990000 18.51270000 0.96060000
v -0.30430000 18.47300000 0.95980000
v -0.56640000 17.03150000 0.31140000
v -0.37460000 16.99830000 0.33650000
v -0.39320000 17.10010000 0.26620000
v -0.55250000 17.10270000 0.25600000
v -0.46830000 17.16490000 0.22220000
v -0.56520000 17.16630000 0.20580000
v -0.45110000 17.23850000 0.18970000
v -0.57100000 17.23700000 0.15500000
v -0.67380000 17.17070000 0.18270000
v -0.68890000 17.11330000 0.23410000
v -0.77870000 17.17750000 0.15480000
v -0.81300000 17.12490000 0.20430000
v -0.85500000 17.06540000 0.25100000
v -0.71910000 17.05060000 0.28360000
v -0.76730000 16.98100000 0.33080000
v -0.62370000 16.95950000 0.36420000
v -0.82250000 16.90430000 0.37560000
v -0.90490000 16.99680000 0.29470000
v -0.95910000 16.91820000 0.33600000
v -0.98290000 17.07690000 0.21100000
v -1.03820000 17.00820000 0.25250000
v -1.10700000 17.08720000 0.16300000
v -1.16880000 17.01840000 0.20280000
v -1.04550000 17.14590000 0.11880000
v -0.93060000 17.13540000 0.16590000
v -1.09550000 16.92910000 0.29120000
v -1.01390000 16.83100000 0.37620000
v -1.15310000 16.84060000 0.32900000
v -0.87770000 16.81950000 0.41840000
v -1.23130000 16.93890000 0.23930000
v -1.29430000 16.84980000 0.27490000
v -1.20880000 16.74420000 0.36770000
v -1.06610000 16.73640000 0.41670000
v -1.35640000 16.75250000 0.31210000
v -0.68690000 16.88330000 0.41210000
v -0.62400000 16.77610000 0.49420000
v -0.55790000 16.85180000 0.44890000
v -0.74640000 16.80160000 0.45690000
v -0.51780000 16.74170000 0.53140000
v -0.44880000 16.80550000 0.48930000
v -0.57240000 16.67050000 0.57100000
v -0.67890000 16.69440000 0.53700000
v -0.79920000 16.71380000 0.50020000
v -0.43430000 16.69870000 0.56800000
v -0.36610000 16.74670000 0.53220000
v -0.47810000 16.92310000 0.39840000
v -0.36510000 16.86110000 0.44370000
v -0.28610000 16.78660000 0.49270000
v -0.88130000 17.18630000 0.11840000
v -0.83790000 17.23150000 0.07050000
v -0.75500000 17.22890000 0.10110000
v -0.81030000 17.26750000 0.03310000
v -0.75350000 17.28170000 0.04390000
v -0.92140000 17.24480000 0.02410000
v -0.98370000 17.19730000 0.07120000
v -1.01520000 17.26070000 -0.03450000
v -1.08810000 17.20910000 0.01450000
v -0.94240000 17.31830000 -0.07310000
v -1.03070000 17.34820000 -0.13490000
v -1.11220000 17.27900000 -0.09850000
v -0.85990000 17.29080000 -0.01310000
v -1.19160000 17.22320000 -0.04920000
v -1.15900000 17.15690000 0.06280000
v -0.79590000 17.33410000 -0.02090000
v -0.68280000 17.30130000 0.06340000
v -0.66780000 17.23180000 0.12750000
v -0.60760000 17.32480000 0.08990000
v -0.60270000 17.46340000 0.04930000
v -0.66510000 17.42010000 0.01370000
v -0.52840000 17.35290000 0.12370000
v -0.73050000 17.37730000 -0.00940000
v -0.32850000 17.16740000 0.23600000
v -0.25350000 17.07800000 0.27730000
v -0.18990000 17.13130000 0.25720000
v -0.18760000 17.01730000 0.31290000
v 0.00000000 17.07970000 0.28550000
v 0.00000000 16.93800000 0.34960000
v -0.13420000 16.92310000 0.36620000
v -0.26320000 16.90410000 0.39750000
v -0.19680000 16.81410000 0.45380000
v -0.09910000 16.82720000 0.42430000
v -0.15830000 16.71710000 0.51360000
v -0.07920000 16.72470000 0.48940000
v -0.00000000 16.61690000 0.55170000
v -0.00000000 16.72700000 0.48030000
v -0.06910000 16.61600000 0.55870000
v -0.00000000 16.50390000 0.62380000
v -0.06560000 16.50370000 0.62920000
v 0.06910000 16.61600000 0.55870000
v 0.06550000 16.50370000 0.62910000
v 0.07910000 16.72470000 0.48950000
v -0.06630000 16.39010000 0.69860000
v -0.13230000 16.50280000 0.64370000
v -0.13390000 16.39090000 0.70940000
v -0.13880000 16.61240000 0.57760000
v -0.00000000 16.38960000 0.69450000
v -0.23630000 16.70050000 0.54580000
v -0.21040000 16.60390000 0.60300000
v -0.00000000 16.83230000 0.41240000
v 0.09910000 16.82730000 0.42440000
v 0.13420000 16.92320000 0.36630000
v 0.00000000 17.27860000 0.24460000
v -0.18780000 17.23050000 0.23630000
v -0.18490000 17.38130000 0.23010000
v -0.28080000 17.32810000 0.21620000
v -0.38870000 17.43900000 0.18540000
v -0.45850000 17.39530000 0.15670000
v -0.36850000 17.29100000 0.20090000
v -0.54610000 17.51000000 0.09360000
v -0.61650000 17.61740000 0.01890000
v -0.67130000 17.56090000 -0.02840000
v -0.56430000 17.67470000 0.07240000
v -0.48850000 17.55830000 0.13720000
v -0.29170000 17.22260000 0.22660000
v -0.31850000 17.49060000 0.20760000
v -0.14110000 17.46870000 0.25180000
v -0.26340000 17.55910000 0.23250000
v -0.11610000 17.56650000 0.29220000
v 0.00000000 17.53380000 0.29830000
v 0.00000000 17.42040000 0.25880000
v -0.42600000 17.61070000 0.17170000
v -0.36600000 17.67170000 0.20360000
v 0.18990000 17.13130000 0.25730000
v 0.18780000 17.23060000 0.23650000
v 0.32860000 17.16740000 0.23610000
v 0.25350000 17.07800000 0.27740000
v 0.39320000 17.10010000 0.26630000
v 0.18760000 17.01740000 0.31300000
v 0.37460000 16.99840000 0.33670000
v 0.56630000 17.03150000 0.31150000
v 0.47810000 16.92330000 0.39870000
v 0.62370000 16.95960000 0.36430000
v 0.55780000 16.85210000 0.44930000
v 0.68680000 16.88350000 0.41230000
v 0.36510000 16.86140000 0.44410000
v 0.44880000 16.80590000 0.48970000
v 0.26320000 16.90430000 0.39780000
v 0.55240000 17.10260000 0.25590000
v 0.68890000 17.11310000 0.23390000
v 0.71910000 17.05040000 0.28350000
v 0.76730000 16.98090000 0.33080000
v 0.29170000 17.22260000 0.22680000
v 0.45110000 17.23850000 0.18980000
v 0.36850000 17.29100000 0.20120000
v 0.45870000 17.39540000 0.15710000
v 0.52850000 17.35290000 0.12390000
v 0.57100000 17.23680000 0.15480000
v 0.60750000 17.32460000 0.08970000
v 0.56510000 17.16610000 0.20560000
v 0.46830000 17.16490000 0.22220000
v 0.28080000 17.32820000 0.21640000
v 0.18490000 17.38140000 0.23020000
v 0.60750000 18.29680000 0.08880000
v 0.63480000 18.40020000 0.16730000
v 0.57320000 18.32100000 0.22910000
v 0.55510000 18.26440000 0.16980000
v 0.59780000 18.38410000 0.30920000
v 0.65460000 18.47280000 0.25120000
v 0.69430000 18.50950000 0.10620000
v 0.70330000 18.56500000 0.19530000
v 0.74040000 18.63000000 0.05470000
v 0.74410000 18.66260000 0.14890000
v 0.77430000 18.75640000 0.02230000
v 0.77550000 18.76120000 0.11970000
v 0.73800000 18.71950000 0.23820000
v 0.77000000 18.79390000 0.20210000
v 0.73450000 18.79610000 0.32040000
v 0.77010000 18.85760000 0.26950000
v 0.74160000 18.88250000 0.39770000
v 0.77930000 18.93840000 0.33170000
v 0.69590000 18.72450000 0.37160000
v 0.70000000 18.63800000 0.28430000
v 0.65840000 18.55320000 0.33800000
v 0.61130000 18.46110000 0.39600000
v 0.65640000 18.64450000 0.42630000
v 0.61430000 18.55410000 0.48580000
v 0.70050000 18.81600000 0.45740000
v 0.70910000 18.90720000 0.54210000
v 0.75310000 18.97270000 0.47090000
v 0.79040000 19.02730000 0.39080000
v 0.76090000 19.06360000 0.53940000
v 0.71340000 18.99600000 0.62450000
v 0.79670000 19.11970000 0.44640000
v 0.66180000 18.83280000 0.60740000
v 0.65920000 18.73980000 0.51600000
v 0.79810000 18.90430000 0.21290000
v 0.80910000 18.98300000 0.25650000
v 0.79090000 18.84740000 0.17840000
v 0.79980000 18.84840000 0.11590000
v 0.81730000 18.93010000 0.13870000
v 0.80520000 18.86040000 0.03050000
v 0.83020000 18.95190000 0.05740000
v 0.84120000 18.97710000 -0.01370000
v 0.81680000 18.88350000 -0.06020000
v 0.84560000 19.03770000 0.09040000
v 0.83090000 19.01430000 0.17240000
v 0.85480000 19.05910000 0.02430000
v 0.77550000 18.77700000 -0.10000000
v 0.73330000 18.60980000 -0.04330000
v 0.81980000 19.07060000 0.30270000
v 0.84220000 19.10210000 0.21150000
v 0.82510000 19.16400000 0.34930000
v 0.84810000 19.19680000 0.25220000
v 0.68450000 18.45670000 0.01620000
v 0.73160000 18.57550000 -0.13460000
v 0.69610000 18.41350000 -0.08300000
v 0.70930000 18.38420000 -0.19110000
v 0.73140000 18.55200000 -0.22420000
v 0.70390000 18.39970000 -0.29860000
v 0.71780000 18.54420000 -0.31380000
v 0.67480000 18.27660000 -0.40460000
v 0.67590000 18.40800000 -0.39640000
v 0.69030000 18.24600000 -0.30000000
v 0.68900000 18.15810000 -0.42820000
v 0.69590000 18.13520000 -0.33740000
v 0.67920000 18.15710000 -0.16630000
v 0.69440000 18.09960000 -0.26140000
v 0.72120000 18.02880000 -0.36850000
v 0.72250000 18.04930000 -0.45680000
v 0.71410000 18.00070000 -0.28490000
v 0.63810000 18.40510000 -0.48900000
v 0.64860000 18.28200000 -0.50130000
v 0.67380000 18.16570000 -0.52310000
v 0.68560000 18.53760000 -0.40200000
v 0.73420000 18.67330000 -0.33900000
v 0.75260000 18.69120000 -0.26340000
v 0.77870000 18.80460000 -0.30840000
v 0.75680000 18.78520000 -0.37220000
v 0.76190000 18.72150000 -0.18730000
v 0.79910000 18.82860000 -0.24680000
v 0.70200000 18.65890000 -0.41880000
v 0.65970000 18.64550000 -0.50300000
v 0.64280000 18.52820000 -0.48930000
v 0.64200000 18.23360000 -0.02690000
v 0.62650000 17.99100000 -0.03580000
v 0.57930000 18.06570000 0.04670000
v 0.51680000 17.92230000 0.11340000
v 0.57210000 17.85690000 0.05450000
v 0.69840000 17.97530000 -0.19430000
v 0.66510000 17.88590000 -0.09410000
v 0.62100000 17.78360000 -0.00460000
v 0.44880000 17.79340000 0.16530000
v 0.50850000 17.73310000 0.12180000
v 0.39510000 17.86110000 0.21460000
v 0.46320000 17.98640000 0.17210000
v 0.53110000 18.12630000 0.12470000
v 0.50220000 18.22580000 0.27540000
v 0.49680000 18.16750000 0.19910000
v 0.42860000 18.05170000 0.23920000
v 0.35860000 17.93790000 0.27690000
v 0.28140000 17.83240000 0.30780000
v 0.31660000 17.74560000 0.24790000
v 0.19460000 17.74310000 0.33330000
v 0.22310000 17.64380000 0.27430000
v 0.11620000 17.56650000 0.29230000
v 0.14110000 17.46870000 0.25180000
v 0.26340000 17.55910000 0.23260000
v 0.09980000 17.68070000 0.35140000
v 0.00000000 17.65690000 0.35760000
v 0.17890000 17.84950000 0.40930000
v 0.26510000 17.92500000 0.38320000
v 0.08990000 17.80110000 0.42640000
v -0.00000000 17.78410000 0.43240000
v -0.00000000 17.90340000 0.51160000
v -0.08540000 17.91440000 0.50880000
v -0.08990000 17.80110000 0.42640000
v 0.08540000 17.91440000 0.50880000
v -0.09980000 17.68080000 0.35140000
v 0.31860000 17.49070000 0.20780000
v 0.42610000 17.61070000 0.17190000
v 0.36610000 17.67170000 0.20370000
v 0.48880000 17.55840000 0.13760000
v 0.56470000 17.67470000 0.07280000
v 0.54640000 17.51000000 0.09410000
v 0.61660000 17.61730000 0.01910000
v 0.38890000 17.43910000 0.18570000
v 0.34670000 18.01860000 0.35300000
v 0.27010000 18.01070000 0.46990000
v 0.35940000 18.09260000 0.43910000
v 0.29980000 18.07390000 0.56840000
v 0.39260000 18.15130000 0.53420000
v 0.47840000 18.25290000 0.50300000
v 0.49740000 18.34410000 0.62470000
v 0.42340000 18.20440000 0.63310000
v 0.42460000 18.24090000 0.72480000
v 0.37380000 18.15650000 0.73700000
v 0.34750000 18.11820000 0.65880000
v 0.32090000 18.10400000 0.77000000
v 0.27360000 18.06710000 0.70760000
v 0.37150000 18.19040000 0.80370000
v 0.34000000 18.13810000 0.81090000
v 0.40510000 18.27300000 0.80160000
v 0.46270000 18.35470000 0.73740000
v 0.51960000 18.50330000 0.71550000
v 0.47680000 18.48080000 0.79430000
v 0.56440000 18.45280000 0.55000000
v 0.57030000 18.57260000 0.64380000
v 0.55320000 18.35830000 0.45270000
v 0.19460000 18.02330000 0.62170000
v 0.17740000 17.94980000 0.49910000
v 0.44610000 18.18750000 0.40460000
v 0.42500000 18.12150000 0.31710000
v 0.52800000 18.28700000 0.36100000
v -1.70610000 16.39530000 0.37580000
v -1.64080000 16.25820000 0.46170000
v -1.48770000 16.29290000 0.51100000
v -1.59610000 16.14400000 0.52970000
v -1.46710000 16.18000000 0.57070000
v -1.56120000 16.03850000 0.59080000
v -1.44560000 16.07360000 0.62750000
v -1.33770000 16.30990000 0.55760000
v -1.33420000 16.20150000 0.61160000
v -1.49840000 16.41270000 0.44840000
v -1.32990000 16.42100000 0.50340000
v -1.30180000 16.53310000 0.45400000
v -1.46500000 16.53480000 0.39710000
v -1.64280000 16.54250000 0.32930000
v -1.81220000 16.57680000 0.24710000
v -1.88640000 16.46220000 0.27450000
v -1.96630000 16.62440000 0.17100000
v -2.04140000 16.51690000 0.19660000
v -2.10900000 16.67990000 0.10010000
v -2.18870000 16.57110000 0.12940000
v -2.23550000 16.73730000 0.02200000
v -2.32300000 16.62530000 0.05500000
v -2.13760000 16.84050000 -0.01390000
v -2.01980000 16.78160000 0.06680000
v -1.88450000 16.72650000 0.13920000
v -1.73700000 16.68300000 0.21250000
v -1.79690000 16.82180000 0.10450000
v -1.65550000 16.78470000 0.17710000
v -1.57640000 16.65930000 0.28680000
v -1.50670000 16.76430000 0.24830000
v -1.41470000 16.64780000 0.35230000
v -1.25970000 16.64140000 0.40900000
v -1.11310000 16.63590000 0.45870000
v -1.01280000 16.52750000 0.54720000
v -0.97480000 16.62920000 0.50300000
v -1.15210000 16.53120000 0.50320000
v -0.92920000 16.72710000 0.46040000
v -1.18030000 16.42420000 0.55060000
v -1.04220000 16.42370000 0.59300000
v -0.91250000 16.41970000 0.63170000
v -0.88220000 16.52100000 0.58690000
v -0.81440000 16.31130000 0.71000000
v -0.78990000 16.41210000 0.66570000
v -0.93590000 16.31720000 0.67710000
v -0.83410000 16.21040000 0.75470000
v -0.95320000 16.21520000 0.72280000
v -1.06280000 16.31940000 0.64020000
v -1.07610000 16.21630000 0.68780000
v -0.76000000 16.51100000 0.62210000
v -0.67430000 16.40360000 0.69510000
v -0.64640000 16.49990000 0.65240000
v -0.69840000 16.30400000 0.73860000
v -1.19630000 16.31740000 0.60030000
v -1.20320000 16.21260000 0.65080000
v -1.20380000 16.10970000 0.70020000
v -1.08380000 16.11530000 0.73510000
v -1.32510000 16.09650000 0.66420000
v -1.53100000 15.93880000 0.64810000
v -1.42460000 15.97290000 0.68170000
v -1.62950000 15.89310000 0.61340000
v -1.66580000 15.98980000 0.55390000
v -1.70880000 16.08930000 0.49130000
v -1.59480000 15.80080000 0.67020000
v -1.50210000 15.84450000 0.70240000
v -1.55890000 15.71410000 0.72470000
v -1.47300000 15.75650000 0.75440000
v -1.44260000 15.67490000 0.80380000
v -1.40360000 15.87780000 0.73340000
v -1.38240000 15.78910000 0.78250000
v -1.36060000 15.70710000 0.82850000
v -1.67950000 15.74660000 0.63500000
v -1.31360000 15.99620000 0.71510000
v -1.20080000 16.01030000 0.74830000
v -1.30120000 15.90120000 0.76400000
v -1.19630000 15.91540000 0.79460000
v -0.32230000 19.10430000 0.98340000
v -0.21340000 19.15030000 1.03670000
v -0.23960000 19.22620000 0.97040000
v -0.33660000 19.20370000 0.92980000
v -0.23330000 19.02450000 1.07500000
v -0.15910000 19.06910000 1.13270000
v -0.08260000 19.11480000 1.19860000
v -0.12870000 19.12630000 1.13280000
v -0.09750000 19.03870000 1.22770000
v -0.09910000 19.23130000 1.11500000
v -0.15040000 19.19710000 1.07190000
v -0.04230000 19.15130000 1.21650000
v -0.05100000 19.26710000 1.14240000
v -0.16620000 19.27340000 1.00770000
v -0.11210000 19.32600000 1.05180000
v -0.17880000 19.33280000 0.94540000
v -0.25540000 19.28260000 0.91190000
v -0.18900000 19.38030000 0.88440000
v -0.27310000 19.33340000 0.86630000
v -0.23990000 19.44280000 0.85310000
v -0.30680000 19.38850000 0.84640000
v -0.17340000 19.49850000 0.94980000
v -0.13910000 19.44720000 0.95830000
v -0.12750000 19.39640000 0.99940000
v -0.36050000 19.32340000 0.85780000
v -0.37860000 19.37730000 0.84030000
v -0.33690000 19.42570000 0.81010000
v -0.37970000 19.41050000 0.80590000
v -0.29770000 19.44790000 0.81480000
v -0.34500000 19.26510000 0.88170000
v -0.44250000 19.22050000 0.87710000
v -0.43500000 19.28030000 0.85020000
v -0.43930000 19.33530000 0.83860000
v -0.05980000 19.36950000 1.08360000
v -0.07060000 19.44790000 1.03890000
v 0.00000000 19.16130000 1.22740000
v -0.00000000 19.28250000 1.15430000
v 0.00000000 19.38770000 1.09490000
v 0.00000000 19.46750000 1.05110000
v -0.07940000 19.50000000 1.01730000
v 0.00000000 19.51850000 1.03390000
v -0.03470000 19.07160000 1.28840000
v -0.04860000 19.03820000 1.29130000
v 0.00000000 19.06270000 1.30490000
v -0.00000000 19.01330000 1.31840000
v 0.03470000 19.07160000 1.28830000
v 0.04230000 19.15130000 1.21650000
v 0.04860000 19.03820000 1.29120000
v 0.08260000 19.11480000 1.19850000
v -0.00000000 18.97800000 1.30750000
v 0.05610000 18.99510000 1.28630000
v -0.00010000 18.93740000 1.27110000
v 0.06380000 18.94940000 1.24630000
v 0.09750000 19.03880000 1.22770000
v 0.09840000 18.99210000 1.23980000
v -0.05620000 18.99500000 1.28640000
v 0.05100000 19.26700000 1.14230000
v 0.05980000 19.36950000 1.08370000
v 0.09910000 19.23130000 1.11500000
v 0.11210000 19.32600000 1.05180000
v -0.09850000 18.99190000 1.23990000
v -0.06390000 18.94930000 1.24630000
v -0.13990000 19.00350000 1.19120000
v -0.11340000 18.96900000 1.21130000
v -0.12380000 18.96240000 1.17090000
v -0.17840000 18.98420000 1.14030000
v -0.12860000 18.94870000 1.12880000
v -0.19180000 18.94020000 1.10100000
v -0.16540000 18.88720000 1.09740000
v -0.12200000 18.91680000 1.11030000
v -0.23910000 18.83030000 1.07740000
v -0.28670000 18.92980000 1.03980000
v -0.06630000 18.94210000 1.17860000
v -0.08040000 18.94130000 1.14010000
v -0.39210000 18.99380000 0.96280000
v -0.46840000 18.88770000 0.91020000
v -0.39430000 18.83180000 0.97070000
v -0.34880000 18.76790000 1.01730000
v -0.32250000 18.71200000 1.04630000
v -0.42500000 18.68940000 0.94650000
v -0.29380000 18.67200000 1.06130000
v -0.22280000 18.69880000 1.10670000
v -0.25970000 18.63970000 1.06720000
v -0.19230000 18.65850000 1.11250000
v -0.15590000 18.71610000 1.14270000
v -0.13440000 18.67750000 1.15070000
v -0.24010000 18.75010000 1.09420000
v -0.16840000 18.75780000 1.12990000
v -0.15200000 18.80710000 1.11970000
v -0.07270000 18.69220000 1.17410000
v -0.08380000 18.73020000 1.16430000
v -0.05660000 18.75420000 1.15640000
v -0.00000000 18.72630000 1.17090000
v -0.00000000 18.75050000 1.15560000
v -0.00000000 18.69570000 1.18180000
v -0.11440000 18.75750000 1.14830000
v -0.07880000 18.78460000 1.14060000
v -0.09900000 18.64610000 1.14750000
v -0.05570000 18.66160000 1.17140000
v -0.05110000 18.62690000 1.14440000
v -0.03760000 18.64160000 1.16420000
v -0.46620000 18.59410000 0.86830000
v -0.47680000 18.48080000 0.79430000
v -0.50970000 18.62870000 0.80430000
v -0.51960000 18.50330000 0.71550000
v -0.46870000 18.73340000 0.89170000
v -0.46270000 18.35470000 0.73740000
v -0.42880000 18.37240000 0.81720000
v -0.37240000 18.30150000 0.86900000
v -0.40510000 18.27300000 0.80160000
v -0.42460000 18.24090000 0.72480000
v -0.45830000 19.14180000 0.90260000
v -0.56180000 19.19050000 0.83250000
v -0.52890000 19.25660000 0.81950000
v -0.50650000 19.30920000 0.80710000
v -0.55880000 19.34570000 0.76280000
v -0.59440000 19.38420000 0.72650000
v -0.49760000 19.35540000 0.80290000
v -0.48630000 19.39550000 0.79130000
v -0.44220000 19.38560000 0.82130000
v -0.41870000 19.43620000 0.79200000
v -0.46330000 19.43040000 0.77640000
v -0.44610000 19.49030000 0.80780000
v -0.40750000 19.54430000 0.87680000
v -0.38190000 19.51160000 0.83510000
v -0.36310000 19.46580000 0.80450000
v 0.11320000 18.85580000 1.11580000
v 0.05820000 18.83150000 1.13010000
v 0.07880000 18.78460000 1.14060000
v 0.15200000 18.80710000 1.11970000
v -0.00000000 18.81990000 1.12900000
v -0.00000000 18.78020000 1.13890000
v 0.05660000 18.75420000 1.15630000
v 0.08380000 18.73020000 1.16430000
v 0.11440000 18.75750000 1.14830000
v 0.16840000 18.75780000 1.12990000
v 0.24010000 18.75010000 1.09420000
v 0.23910000 18.83030000 1.07740000
v 0.32250000 18.71200000 1.04630000
v 0.34880000 18.76790000 1.01730000
v 0.39080000 18.65810000 0.98730000
v 0.42500000 18.68940000 0.94650000
v 0.46870000 18.73340000 0.89170000
v 0.39420000 18.83180000 0.97070000
v 0.39210000 18.99380000 0.96280000
v 0.28670000 18.92980000 1.03980000
v 0.46840000 18.88770000 0.91020000
v 0.52790000 18.78540000 0.82990000
v 0.42890000 18.57840000 0.92080000
v 0.46630000 18.59400000 0.86830000
v 0.50970000 18.62870000 0.80430000
v 0.35580000 18.63580000 1.00960000
v 0.29370000 18.67200000 1.06120000
v 0.25960000 18.63980000 1.06700000
v 0.31870000 18.61870000 1.01890000
v 0.19220000 18.65860000 1.11220000
v 0.22020000 18.61440000 1.06160000
v 0.22280000 18.69880000 1.10660000
v 0.28170000 18.60550000 1.01900000
v 0.39250000 18.57380000 0.95560000
v 0.35590000 18.57530000 0.97400000
v 0.15580000 18.71610000 1.14260000
v 0.13430000 18.67750000 1.15050000
v 0.09900000 18.64610000 1.14750000
v 0.07270000 18.69220000 1.17410000
v 0.05570000 18.66160000 1.17140000
v 0.00000000 18.66590000 1.17920000
v 0.05110000 18.62680000 1.14440000
v 0.03760000 18.64160000 1.16410000
v 0.16540000 18.88720000 1.09740000
v 0.08160000 18.90150000 1.12210000
v 0.04270000 18.88340000 1.15230000
v 0.08070000 18.94110000 1.14120000
v 0.06770000 18.94080000 1.18020000
v 0.12430000 18.96230000 1.17160000
v 0.12860000 18.94880000 1.12920000
v 0.12200000 18.91680000 1.11050000
v 0.00000000 18.86400000 1.15110000
v -0.00010000 18.89610000 1.21230000
v -0.03470000 18.90260000 1.20700000
v -0.04250000 18.88370000 1.15200000
v 0.03450000 18.90270000 1.20690000
v -0.05810000 18.83150000 1.13010000
v 0.19170000 18.94020000 1.10110000
v 0.17850000 18.98420000 1.14050000
v 0.23330000 19.02460000 1.07500000
v -0.33500000 19.55570000 0.92380000
v -0.29460000 19.51430000 0.87080000
v -0.26950000 19.60310000 0.99900000
v -0.26270000 19.68110000 1.00770000
v -0.25460000 19.73910000 0.98380000
v -0.25210000 19.81850000 0.95150000
v -0.24700000 19.92190000 0.89770000
v -0.35070000 19.90570000 0.86350000
v -0.34660000 20.02200000 0.80270000
v -0.24040000 20.04220000 0.83640000
v -0.13170000 19.94490000 0.90870000
v -0.12530000 20.05990000 0.85080000
v -0.12230000 20.18560000 0.78750000
v -0.23960000 20.17160000 0.77360000
v -0.24130000 20.29300000 0.68870000
v -0.12170000 20.30610000 0.70140000
v 0.00000000 20.06670000 0.85010000
v 0.00000000 20.18940000 0.78860000
v 0.12230000 20.18570000 0.78750000
v 0.12530000 20.06000000 0.85090000
v 0.00000000 19.95700000 0.90570000
v 0.13170000 19.94490000 0.90870000
v -0.13550000 19.84390000 0.96210000
v -0.13470000 19.76250000 1.00350000
v 0.00000000 19.72920000 1.02410000
v 0.00000000 19.78610000 0.99800000
v -0.13560000 19.70600000 1.02580000
v 0.00000000 19.86230000 0.95500000
v -0.13450000 19.65000000 1.04420000
v 0.00000000 19.67930000 1.03790000
v 0.13560000 19.70610000 1.02590000
v 0.13450000 19.65000000 1.04420000
v 0.26270000 19.68110000 1.00770000
v 0.26950000 19.60310000 0.99890000
v 0.37150000 19.67890000 0.98080000
v 0.36860000 19.61480000 0.97090000
v 0.25460000 19.73910000 0.98370000
v 0.13470000 19.76250000 1.00350000
v 0.25210000 19.81850000 0.95150000
v 0.13550000 19.84400000 0.96210000
v 0.24700000 19.92190000 0.89770000
v 0.35590000 19.80880000 0.91540000
v 0.35070000 19.90570000 0.86350000
v 0.36160000 19.73610000 0.95100000
v 0.46110000 19.72710000 0.91040000
v 0.46790000 19.67240000 0.94230000
v 0.45340000 19.61470000 0.93500000
v 0.33490000 19.55580000 0.92370000
v 0.37210000 19.57610000 0.93750000
v 0.43370000 19.56880000 0.91160000
v 0.40750000 19.54410000 0.87690000
v 0.21730000 19.54910000 0.97200000
v 0.29460000 19.51410000 0.87090000
v 0.38170000 19.51180000 0.83460000
v 0.50790000 19.54760000 0.87730000
v 0.53210000 19.59240000 0.88940000
v 0.59390000 19.55330000 0.83400000
v 0.56390000 19.51180000 0.82920000
v 0.47820000 19.51690000 0.84810000
v 0.52490000 19.48300000 0.80920000
v 0.11730000 19.59610000 1.04200000
v 0.09740000 19.54490000 1.02580000
v 0.17340000 19.49850000 0.94990000
v 0.07940000 19.50010000 1.01740000
v 0.13910000 19.44720000 0.95820000
v 0.07060000 19.44800000 1.03910000
v 0.12750000 19.39640000 0.99950000
v -0.00000000 19.56720000 1.03970000
v 0.23980000 19.44280000 0.85300000
v 0.18890000 19.38030000 0.88420000
v 0.00000000 19.62890000 1.04290000
v -0.11730000 19.59610000 1.04200000
v -0.09740000 19.54490000 1.02580000
v -0.21730000 19.54910000 0.97200000
v -0.31840000 19.47620000 0.81880000
v -0.25930000 18.14710000 0.93530000
v -0.18930000 18.15040000 1.00400000
v -0.20060000 18.23650000 1.01840000
v -0.28510000 18.24940000 0.95110000
v -0.08870000 18.09010000 1.01990000
v -0.10040000 18.15900000 1.04860000
v -0.16610000 18.08480000 0.97620000
v -0.07420000 18.04680000 0.97240000
v -0.13690000 18.04460000 0.93840000
v -0.00000000 18.09390000 1.03320000
v -0.00000000 18.16520000 1.06150000
v -0.10540000 18.24300000 1.05660000
v -0.10440000 18.32350000 1.05780000
v 0.00000000 18.25080000 1.06600000
v 0.10030000 18.15900000 1.04860000
v 0.10540000 18.24300000 1.05660000
v 0.20060000 18.23650000 1.01840000
v 0.18930000 18.15050000 1.00390000
v 0.08870000 18.09020000 1.01980000
v -0.00000000 18.04870000 0.98260000
v 0.07410000 18.04690000 0.97230000
v 0.16600000 18.08490000 0.97610000
v 0.13690000 18.04480000 0.93830000
v 0.22580000 18.08210000 0.90840000
v 0.25930000 18.14710000 0.93530000
v 0.18200000 18.04460000 0.87300000
v 0.19390000 18.32030000 1.03040000
v 0.10440000 18.32350000 1.05780000
v 0.18790000 18.38950000 1.04540000
v 0.10430000 18.38860000 1.07410000
v 0.24550000 18.40770000 1.00860000
v 0.26120000 18.34010000 0.98930000
v 0.28510000 18.24950000 0.95110000
v 0.00000000 18.33140000 1.06480000
v -0.00000000 18.39390000 1.08400000
v 0.10430000 18.44300000 1.09490000
v 0.00000000 18.44440000 1.10850000
v -0.06390000 18.02960000 0.90940000
v -0.11160000 18.02950000 0.90150000
v -0.18200000 18.04440000 0.87310000
v -0.12940000 18.03000000 0.83890000
v -0.06700000 18.02900000 0.82500000
v -0.00000000 18.03030000 0.82100000
v -0.00000000 18.03070000 0.91230000
v -0.07530000 18.02390000 0.72060000
v -0.00000000 18.02350000 0.71400000
v -0.15410000 18.03020000 0.74220000
v -0.22290000 18.04940000 0.78940000
v -0.27420000 18.08490000 0.83300000
v -0.22590000 18.08200000 0.90840000
v -0.32080000 18.10410000 0.77000000
v -0.08580000 17.99380000 0.60920000
v -0.00000000 17.98750000 0.60560000
v 0.06380000 18.02980000 0.90940000
v 0.06700000 18.02910000 0.82500000
v 0.11160000 18.02970000 0.90150000
v 0.12930000 18.03010000 0.83880000
v 0.07530000 18.02400000 0.72060000
v 0.15410000 18.03030000 0.74220000
v 0.22290000 18.04940000 0.78940000
v 0.27420000 18.08490000 0.83300000
v 0.08580000 17.99390000 0.60920000
v -0.30930000 18.13860000 0.86310000
v -0.34030000 18.21430000 0.87170000
v -0.33370000 18.33800000 0.92690000
v -0.34000000 18.13810000 0.81090000
v -0.37150000 18.19030000 0.80380000
v -0.37370000 18.15660000 0.73690000
v 0.28850000 18.54560000 0.96000000
v 0.29990000 18.51270000 0.96070000
v 0.32680000 18.52870000 0.95500000
v 0.30200000 18.56410000 0.95780000
v 0.28900000 18.58570000 0.97920000
v 0.26650000 18.57960000 0.97660000
v 0.28560000 18.57410000 0.95870000
v 0.27890000 18.56280000 0.95930000
v 0.26450000 18.52970000 0.98460000
v 0.27260000 18.49000000 0.98400000
v 0.28310000 18.44180000 0.97740000
v 0.30430000 18.47300000 0.95990000
v 0.32550000 18.45500000 0.94870000
v 0.30350000 18.39180000 0.96080000
v 0.33370000 18.33800000 0.92690000
v 0.35760000 18.41980000 0.92360000
v 0.36530000 18.50520000 0.94060000
v 0.39350000 18.39230000 0.87880000
v 0.40200000 18.48590000 0.90910000
v 0.37230000 18.30150000 0.86900000
v 0.34030000 18.21430000 0.87170000
v 0.30930000 18.13870000 0.86310000
v 0.23680000 18.46450000 1.01980000
v 0.23010000 18.51210000 1.02340000
v 0.22230000 18.54900000 1.01510000
v 0.25830000 18.55830000 0.97910000
v 0.17900000 18.49850000 1.06740000
v 0.18400000 18.44780000 1.06040000
v 0.17030000 18.54060000 1.05770000
v 0.22620000 18.57770000 1.00690000
v 0.24910000 18.59440000 1.01210000
v 0.18950000 18.59570000 1.04720000
v 0.16940000 18.57270000 1.04270000
v 0.31990000 18.58040000 0.98040000
v 0.15910000 19.06920000 1.13270000
v 0.13990000 19.00360000 1.19130000
v 0.11350000 18.96910000 1.21150000
v 0.12870000 19.12630000 1.13280000
v 0.15050000 19.19710000 1.07190000
v 0.16620000 19.27340000 1.00780000
v 0.21340000 19.15040000 1.03670000
v 0.23970000 19.22630000 0.97050000
v 0.32220000 19.10430000 0.98340000
v 0.33660000 19.20370000 0.92980000
v 0.45830000 19.14180000 0.90260000
v 0.44250000 19.22050000 0.87710000
v 0.25540000 19.28260000 0.91190000
v 0.34500000 19.26520000 0.88180000
v 0.17880000 19.33280000 0.94540000
v 0.27300000 19.33340000 0.86630000
v 0.30680000 19.38840000 0.84610000
v 0.36050000 19.32340000 0.85780000
v 0.37850000 19.37720000 0.84020000
v 0.43930000 19.33530000 0.83880000
v 0.44230000 19.38580000 0.82230000
v 0.43500000 19.28030000 0.85020000
v 0.33680000 19.42540000 0.81000000
v 0.29770000 19.44760000 0.81480000
v 0.37960000 19.41020000 0.80590000
v 0.52890000 19.25660000 0.81950000
v 0.50650000 19.30920000 0.80700000
v 0.59310000 19.30510000 0.76330000
v 0.55880000 19.34580000 0.76290000
v 0.59440000 19.38420000 0.72640000
v 0.63510000 19.36190000 0.71280000
v 0.49740000 19.35530000 0.80310000
v 0.53620000 19.38120000 0.76060000
v 0.57130000 19.41530000 0.74010000
v 0.62040000 19.41610000 0.71790000
v 0.65380000 19.42030000 0.70170000
v 0.69490000 19.33940000 0.66770000
v 0.69820000 19.43660000 0.66780000
v 0.63870000 19.25260000 0.75700000
v 0.56180000 19.19050000 0.83250000
v 0.59710000 19.10330000 0.82380000
v 0.67900000 19.17100000 0.74050000
v 0.49950000 19.04560000 0.89360000
v -0.08760000 15.81400000 0.98550000
v -0.09070000 15.68550000 1.03180000
v -0.00000000 15.70100000 1.02310000
v -0.00000000 15.81430000 0.98260000
v -0.05070000 15.62040000 1.04860000
v -0.00010000 15.62210000 1.04660000
v -0.00010000 15.54960000 1.06620000
v -0.06190000 15.55590000 1.06720000
v 0.05060000 15.62030000 1.04890000
v 0.09060000 15.68530000 1.03230000
v 0.06170000 15.55570000 1.06780000
v 0.12650000 15.58330000 1.06790000
v -0.12670000 15.58350000 1.06690000
v -0.21080000 15.60730000 1.07160000
v 0.21060000 15.60700000 1.07300000
v 0.30120000 15.62850000 1.07510000
v 0.28330000 15.73280000 1.03460000
v 0.18980000 15.71210000 1.03400000
v 0.37830000 15.75100000 1.02790000
v 0.36120000 15.85510000 0.98460000
v 0.26790000 15.84030000 0.99000000
v 0.39660000 15.64870000 1.06870000
v 0.17750000 15.82570000 0.98880000
v 0.31910000 15.52560000 1.10910000
v 0.08750000 15.81370000 0.98550000
v -0.17760000 15.82630000 0.98880000
v -0.08300000 15.93260000 0.93710000
v -0.16740000 15.94000000 0.94100000
v -0.07820000 16.04790000 0.88430000
v -0.15770000 16.05290000 0.88910000
v -0.14850000 16.16560000 0.83290000
v -0.07350000 16.16210000 0.82690000
v -0.14010000 16.27830000 0.77280000
v -0.06930000 16.27610000 0.76480000
v -0.21480000 16.28110000 0.78220000
v -0.22700000 16.17060000 0.83910000
v -0.24020000 16.06020000 0.89310000
v -0.29660000 16.28390000 0.78810000
v -0.31200000 16.17620000 0.84090000
v -0.20550000 16.39130000 0.72310000
v -0.28410000 16.39060000 0.73420000
v -0.20220000 16.49970000 0.66280000
v -0.27810000 16.49380000 0.68030000
v -0.38650000 16.28680000 0.78720000
v -0.40430000 16.18210000 0.83620000
v -0.37080000 16.38970000 0.73820000
v -0.32820000 16.06860000 0.89180000
v -0.34460000 15.96190000 0.93990000
v -0.42240000 16.07730000 0.88400000
v -0.44030000 15.97330000 0.92970000
v -0.52250000 16.08610000 0.86990000
v -0.54090000 15.98440000 0.91380000
v -0.50350000 16.18860000 0.82450000
v -0.25380000 15.95040000 0.94340000
v -0.36120000 15.85610000 0.98480000
v -0.26790000 15.84110000 0.99010000
v -0.45820000 15.87040000 0.97270000
v -0.28340000 15.73340000 1.03390000
v -0.18990000 15.71260000 1.03330000
v -0.00000000 16.27520000 0.76160000
v 0.06620000 16.38990000 0.69830000
v 0.06930000 16.27590000 0.76450000
v 0.13390000 16.39070000 0.70890000
v 0.14010000 16.27780000 0.77210000
v 0.13230000 16.50270000 0.64340000
v 0.20220000 16.49960000 0.66240000
v 0.20550000 16.39090000 0.72240000
v 0.21030000 16.60390000 0.60290000
v 0.13880000 16.61240000 0.57750000
v 0.27820000 16.49360000 0.67970000
v 0.28410000 16.39010000 0.73330000
v 0.21480000 16.28050000 0.78120000
v 0.29670000 16.28320000 0.78690000
v 0.07350000 16.16180000 0.82650000
v 0.14840000 16.16500000 0.83210000
v 0.07810000 16.04760000 0.88400000
v 0.15770000 16.05220000 0.88840000
v 0.22700000 16.16970000 0.83800000
v 0.31210000 16.17520000 0.83960000
v 0.24020000 16.05930000 0.89210000
v 0.32830000 16.06750000 0.89060000
v -0.00000000 16.16080000 0.82430000
v -0.00000000 16.04620000 0.88220000
v 0.08300000 15.93220000 0.93690000
v 0.16730000 15.93930000 0.94050000
v -0.00000000 15.93070000 0.93510000
v 1.36020000 16.23170000 -1.72970000
v 1.42510000 16.31450000 -1.69490000
v 2.16720000 16.35370000 -1.62460000
v 2.25430000 16.31660000 -1.62830000
v 2.08480000 16.37690000 -1.61550000
v 2.67230000 16.40710000 -1.50940000
v 2.73020000 16.47650000 -1.42920000
v 2.52110000 16.40970000 -1.57630000
v 2.57360000 16.49630000 -1.51460000
v 2.41860000 16.48310000 -1.58320000
v 2.46700000 16.57460000 -1.51970000
v 2.37640000 16.38190000 -1.62270000
v 2.27660000 16.43820000 -1.62370000
v 2.31100000 16.54540000 -1.58670000
v 2.17700000 16.47930000 -1.61790000
v 2.20090000 16.59380000 -1.58410000
v 2.87110000 16.41910000 -1.32380000
v 2.90570000 16.44650000 -1.20000000
v 0.86360000 19.60890000 -0.29240000
v 0.85140000 19.57560000 -0.22010000
v 0.85220000 19.51420000 -0.27890000
v 0.85950000 19.54460000 -0.34010000
v 0.86700000 19.57970000 -0.39520000
v 0.87340000 19.65140000 -0.35590000
v 0.87100000 19.67540000 -0.24380000
v 0.85930000 19.63160000 -0.16810000
v 0.84700000 19.50910000 -0.17310000
v 0.84620000 19.54360000 -0.13370000
v 0.84310000 19.49120000 -0.05680000
v 0.85100000 19.58330000 -0.08680000
v 0.84500000 19.51740000 -0.01380000
v 0.86200000 19.68960000 -0.11470000
v 0.85240000 19.62820000 -0.03370000
v 0.85740000 19.75560000 -0.04900000
v 0.84830000 19.68400000 0.03250000
v 0.84160000 19.83380000 0.03230000
v 0.82910000 19.75750000 0.11430000
v 0.79530000 19.84210000 0.20160000
v 0.77990000 19.76200000 0.28290000
v 0.81650000 19.67470000 0.19860000
v 0.76760000 19.68210000 0.36530000
v 0.80390000 19.58780000 0.28660000
v 0.73490000 19.84930000 0.36950000
v 0.72380000 19.76800000 0.44840000
v 0.75030000 19.92970000 0.29000000
v 0.80990000 19.91940000 0.11990000
v 0.82300000 19.99350000 0.03770000
v 0.85230000 19.90570000 -0.04780000
v 0.86580000 19.82160000 -0.12640000
v 0.83900000 19.59700000 0.11640000
v 0.84570000 19.54990000 0.04190000
v 0.84310000 19.44330000 0.09870000
v 0.83280000 19.47480000 0.20400000
v 0.87260000 19.74520000 -0.19110000
v 0.87960000 19.80490000 -0.26380000
v 0.87250000 19.88820000 -0.20240000
v 0.87670000 19.78710000 -0.39110000
v 0.87760000 19.87150000 -0.34250000
v 0.87920000 19.72660000 -0.31290000
v 0.87070000 19.95820000 -0.28270000
v 0.84140000 19.42260000 0.03540000
v 0.85230000 19.32440000 0.10940000
v 0.85250000 19.31690000 0.04900000
v 0.85910000 19.21630000 0.16260000
v 0.85740000 19.22390000 0.09010000
v 0.84900000 19.32800000 0.19140000
v 0.83810000 19.30220000 0.29050000
v 0.85450000 19.12350000 0.12690000
v 0.85730000 19.13890000 0.05940000
v 0.81910000 19.41420000 0.32870000
v 0.80280000 19.36010000 0.43460000
v 0.81840000 19.26220000 0.39300000
v 0.85150000 19.22800000 0.03530000
v 0.85850000 19.30690000 0.00140000
v 0.84250000 19.40570000 -0.01060000
v 0.84820000 19.22700000 -0.00940000
v 0.83960000 19.21060000 -0.04960000
v 0.86640000 19.28280000 -0.04310000
v 0.86000000 19.39250000 -0.04160000
v 0.85070000 19.47230000 -0.08820000
v 0.88510000 19.39400000 -0.05830000
v 0.87680000 19.46500000 -0.10420000
v 0.87570000 19.49550000 -0.18820000
v 0.90490000 19.46720000 -0.11070000
v 0.91040000 19.50640000 -0.18830000
v 0.90410000 19.39800000 -0.07480000
v 0.87170000 19.70460000 -0.43240000
v 0.85220000 19.76450000 -0.52800000
v 0.85660000 19.85320000 -0.48410000
v 0.81730000 19.82620000 -0.63390000
v 0.81730000 19.92040000 -0.58480000
v 0.76410000 19.88650000 -0.74000000
v 0.76030000 19.98640000 -0.68530000
v 0.81300000 20.01150000 -0.52700000
v 0.85630000 19.94170000 -0.43200000
v 0.80540000 20.09980000 -0.46080000
v 0.85010000 20.02980000 -0.37030000
v 0.85460000 20.04610000 -0.21160000
v 0.83550000 20.11640000 -0.29900000
v 0.80960000 20.19980000 -0.22040000
v 0.82770000 20.13370000 -0.13230000
v 0.79220000 20.18400000 -0.38650000
v 0.77030000 20.26200000 -0.30630000
v 0.75230000 20.08030000 -0.62090000
v 0.74110000 20.16790000 -0.54770000
v 0.67750000 20.14710000 -0.70980000
v 0.66480000 20.23580000 -0.62860000
v 0.68570000 20.04810000 -0.77990000
v 0.68990000 19.94090000 -0.83870000
v 0.76190000 19.78080000 -0.78400000
v 0.68980000 19.82690000 -0.88580000
v 0.68450000 19.70730000 -0.92070000
v 0.59430000 19.73700000 -1.00930000
v 0.59800000 19.86460000 -0.97410000
v 0.48830000 19.75840000 -1.07990000
v 0.49190000 19.89320000 -1.04720000
v 0.48160000 19.62000000 -1.09900000
v 0.58660000 19.60520000 -1.03180000
v 0.67470000 19.58330000 -0.94400000
v 0.75350000 19.67000000 -0.81710000
v 0.81240000 19.72890000 -0.67440000
v 0.80230000 19.62750000 -0.70650000
v 0.59790000 19.98680000 -0.92570000
v 0.59470000 20.10190000 -0.86420000
v 0.49240000 20.02290000 -0.99930000
v 0.48960000 20.14520000 -0.93490000
v 0.84490000 19.67540000 -0.56580000
v 0.86410000 19.62390000 -0.46890000
v 0.85500000 19.54190000 -0.50150000
v 0.83440000 19.58360000 -0.59770000
v 0.86280000 19.50770000 -0.43080000
v 0.86840000 19.48140000 -0.38620000
v 0.86050000 19.43010000 -0.45900000
v 0.88480000 19.41450000 -0.42000000
v 0.88780000 19.46730000 -0.35880000
v 0.92030000 19.41320000 -0.40820000
v 0.84180000 19.45520000 -0.52770000
v 0.81950000 19.48760000 -0.62230000
v 0.83230000 19.36260000 -0.54700000
v 0.80350000 19.38690000 -0.63910000
v 0.86400000 19.34500000 -0.47980000
v 0.89170000 19.49570000 -0.28100000
v 0.92390000 19.47400000 -0.35870000
v 0.93240000 19.51560000 -0.27750000
v 0.96530000 19.49210000 -0.35680000
v 0.96820000 19.50140000 -0.26450000
v 0.99810000 19.47430000 -0.33240000
v 0.96290000 19.45620000 -0.26250000
v 0.98580000 19.43460000 -0.31470000
v 0.99840000 19.43030000 -0.41010000
v 1.01840000 19.41480000 -0.38100000
v 0.95880000 19.42270000 -0.41320000
v 0.94230000 19.33630000 -0.43650000
v 0.98070000 19.34090000 -0.44340000
v 0.95260000 19.24610000 -0.45100000
v 0.98950000 19.24510000 -0.45610000
v 0.94840000 19.15210000 -0.44330000
v 0.98320000 19.14640000 -0.44260000
v 1.02110000 19.24380000 -0.44670000
v 1.01410000 19.14270000 -0.43240000
v 0.95740000 19.06000000 -0.40190000
v 0.92610000 19.06480000 -0.41220000
v 0.98530000 19.05540000 -0.39040000
v 0.91070000 19.24810000 -0.45700000
v 0.90110000 19.33630000 -0.44450000
v 0.90840000 19.15640000 -0.45460000
v 1.01580000 19.34240000 -0.43760000
v 1.02870000 19.33370000 -0.40860000
v 1.03250000 19.24140000 -0.41900000
v 0.99620000 19.38780000 -0.35400000
v 0.99290000 19.40550000 -0.29370000
v 1.00190000 19.36480000 -0.31110000
v 1.01170000 19.30820000 -0.33410000
v 1.00460000 19.32030000 -0.38000000
v 1.01510000 19.23930000 -0.34910000
v 1.01510000 19.23930000 -0.38990000
v 1.02260000 19.15220000 -0.37780000
v 1.03070000 19.14490000 -0.40690000
v 1.00420000 19.05750000 -0.37000000
v 1.00520000 19.06700000 -0.34560000
v 0.97020000 18.98330000 -0.32260000
v 0.94880000 18.98080000 -0.34040000
v 0.97550000 18.99530000 -0.30110000
v 1.00970000 19.16020000 -0.34730000
v 0.98880000 19.16320000 -0.31430000
v 0.97060000 19.09160000 -0.30310000
v 0.99050000 19.07950000 -0.32470000
v 0.93710000 19.03090000 -0.26930000
v 0.93870000 19.10580000 -0.28760000
v 0.91470000 19.05830000 -0.25730000
v 0.94710000 19.16310000 -0.29280000
v 0.96070000 19.01190000 -0.28470000
v 0.99000000 19.23290000 -0.30520000
v 0.97920000 19.29040000 -0.28760000
v 0.95750000 19.34280000 -0.26030000
v 0.92940000 19.29870000 -0.23200000
v 0.93470000 19.26790000 -0.24490000
v 0.90620000 19.26210000 -0.18300000
v 0.89840000 19.29360000 -0.18720000
v 0.89080000 19.28310000 -0.12450000
v 0.87480000 19.30070000 -0.13570000
v 0.88850000 19.32740000 -0.14940000
v 0.90820000 19.34810000 -0.19620000
v 0.93510000 19.21990000 -0.26070000
v 0.91280000 19.23370000 -0.18040000
v 0.91790000 19.41570000 -0.21570000
v 0.96480000 19.40830000 -0.25740000
v 0.92910000 19.45930000 -0.20680000
v 0.94250000 19.49430000 -0.18970000
v 0.86760000 19.14280000 -0.23440000
v 0.84350000 19.08410000 -0.21290000
v 0.88640000 19.08330000 -0.25460000
v 0.90220000 19.12160000 -0.27290000
v 0.91560000 19.15810000 -0.27930000
v 0.90020000 19.18280000 -0.24280000
v 0.80620000 19.13310000 -0.16120000
v 0.84500000 19.17840000 -0.17440000
v 0.88840000 19.20460000 -0.17410000
v 0.88660000 19.24060000 -0.10460000
v 0.84860000 19.21680000 -0.10190000
v 0.90140000 19.26540000 -0.11480000
v 0.89070000 19.30650000 -0.06090000
v 0.90010000 19.32420000 -0.07860000
v 0.89280000 19.33460000 -0.09320000
v 0.90480000 19.39650000 -0.09700000
v 0.81250000 19.16330000 -0.09410000
v 0.78280000 19.12320000 -0.09860000
v 0.78280000 19.09370000 -0.13210000
v 0.82360000 19.12450000 -0.10260000
v 0.79550000 19.10560000 -0.09220000
v 0.83930000 19.15970000 -0.09380000
v 0.84570000 19.13810000 -0.10490000
v 0.85490000 19.16860000 -0.07040000
v 0.87910000 19.03290000 -0.21150000
v 0.90000000 18.98310000 -0.21540000
v 0.87370000 18.97350000 -0.15910000
v 0.88070000 18.93980000 -0.15630000
v 0.89570000 18.93600000 -0.18580000
v 0.87640000 18.91790000 -0.13480000
v 0.89580000 18.90230000 -0.16900000
v 0.88690000 18.86930000 -0.16490000
v 0.91120000 18.88210000 -0.22020000
v 0.91790000 18.90920000 -0.21160000
v 0.88320000 18.86880000 -0.23270000
v 0.85780000 18.84920000 -0.17230000
v 0.86520000 18.88740000 -0.11880000
v 0.83590000 18.85640000 -0.11740000
v 0.82250000 18.84200000 -0.18040000
v 0.80750000 18.82890000 -0.13260000
v 0.84410000 18.86530000 -0.24010000
v 0.79270000 18.82160000 -0.17750000
v 0.91360000 18.91660000 -0.28950000
v 0.93790000 18.92370000 -0.27320000
v 0.88010000 18.91830000 -0.30070000
v 0.84880000 18.93430000 -0.08800000
v 0.86130000 18.95840000 -0.11850000
v 0.85010000 19.01340000 -0.06440000
v 0.84090000 19.01410000 -0.10760000
v 0.94330000 18.94280000 -0.25560000
v 0.92920000 18.96350000 -0.24170000
v 0.91320000 18.93280000 -0.21160000
v 0.85510000 19.01880000 -0.15610000
v 0.81430000 19.05200000 -0.15800000
v 0.80910000 19.03710000 -0.11980000
v 0.79920000 19.07100000 -0.10260000
v 0.82510000 19.04710000 -0.09390000
v 0.83630000 19.09340000 -0.10260000
v 0.84770000 19.06320000 -0.08460000
v 0.85880000 19.12710000 -0.09200000
v 0.86060000 19.10860000 -0.06100000
v 0.85670000 19.16440000 -0.03320000
v 0.85650000 19.15280000 0.00850000
v 0.85870000 19.08300000 -0.02460000
v 2.09690000 15.90900000 0.15980000
v 2.02260000 15.97700000 0.25070000
v 2.09650000 16.02250000 0.21010000
v 2.17380000 15.93400000 0.12940000
v 2.19220000 16.05360000 0.17630000
v 2.26750000 15.94220000 0.10280000
v 2.31730000 16.07190000 0.14340000
v 2.32550000 16.20850000 0.17170000
v 2.18650000 16.17850000 0.20750000
v 2.15850000 16.29600000 0.21600000
v 2.30310000 16.33560000 0.16860000
v 2.25510000 16.45620000 0.15230000
v 2.10870000 16.40760000 0.21080000
v 2.45190000 16.37810000 0.10550000
v 2.39620000 16.50520000 0.08320000
v 2.48600000 16.24090000 0.11780000
v 2.07550000 16.13970000 0.24690000
v 2.03350000 16.24960000 0.26690000
v 2.48950000 16.07940000 0.09620000
v 2.68440000 16.17510000 0.02540000
v 2.63940000 16.30510000 0.02590000
v 2.74760000 16.06460000 0.00330000
v 1.98930000 16.08720000 0.29390000
v 1.96450000 15.91710000 0.29930000
v 1.91770000 15.84570000 0.35500000
v 1.92280000 16.01940000 0.34740000
v 1.87080000 15.94010000 0.40620000
v 1.80030000 16.02100000 0.45120000
v 1.85700000 16.10960000 0.38810000
v 1.93270000 16.18830000 0.32590000
v 1.76550000 16.18940000 0.42470000
v 1.70900000 16.08930000 0.49130000
v 1.84620000 16.28540000 0.35170000
v 1.82830000 15.85410000 0.46850000
v 1.75590000 15.92820000 0.51410000
v 1.70620000 16.39530000 0.37580000
v 1.88640000 16.46230000 0.27450000
v 1.81220000 16.57680000 0.24710000
v 1.64280000 16.54250000 0.32940000
v 1.96630000 16.62440000 0.17100000
v 2.04140000 16.51690000 0.19660000
v 1.97040000 16.35420000 0.27550000
v 2.10900000 16.67990000 0.10000000
v 2.18860000 16.57110000 0.12920000
v 1.88450000 16.72650000 0.13920000
v 1.73700000 16.68300000 0.21250000
v 1.92350000 16.87500000 0.03070000
v 1.79690000 16.82180000 0.10450000
v 2.01980000 16.78160000 0.06670000
v 2.13770000 16.84070000 -0.01370000
v 2.03240000 16.93350000 -0.05180000
v 2.23570000 16.73760000 0.02210000
v 2.32320000 16.62550000 0.05500000
v 2.34110000 16.79490000 -0.07090000
v 2.43670000 16.68150000 -0.03700000
v 2.51810000 16.55980000 -0.00900000
v 2.12100000 16.99050000 -0.14750000
v 2.23480000 16.89850000 -0.10810000
v 1.92290000 17.01510000 -0.09140000
v 1.82360000 16.95930000 -0.00640000
v 1.70650000 16.91030000 0.06980000
v 1.81460000 17.08700000 -0.13120000
v 1.72510000 17.03580000 -0.04260000
v 1.61750000 16.99340000 0.03710000
v 1.57430000 16.87920000 0.14320000
v 1.65560000 16.78470000 0.17710000
v 2.00290000 17.06970000 -0.18880000
v 2.18940000 17.04130000 -0.25780000
v 2.06420000 17.11730000 -0.29930000
v 1.88610000 17.13870000 -0.23070000
v 1.94100000 17.18450000 -0.34150000
v 2.23900000 17.08370000 -0.38120000
v 2.36410000 16.99740000 -0.34500000
v 2.31010000 16.95160000 -0.21890000
v 1.57640000 16.65930000 0.28680000
v 1.50670000 16.76420000 0.24820000
v 1.43570000 16.86110000 0.21270000
v 1.29430000 16.84970000 0.27480000
v 1.35630000 16.75240000 0.31190000
v 1.20880000 16.74410000 0.36760000
v 1.15300000 16.84050000 0.32880000
v 1.23130000 16.93880000 0.23910000
v 1.09540000 16.92900000 0.29100000
v 1.16870000 17.01820000 0.20260000
v 1.03810000 17.00800000 0.25230000
v 1.36530000 16.94990000 0.17900000
v 1.29630000 17.02930000 0.14460000
v 1.41900000 17.04480000 0.07850000
v 1.34430000 17.11260000 0.04190000
v 1.22790000 17.09800000 0.10630000
v 1.45220000 17.13510000 -0.02980000
v 1.53330000 17.06900000 0.00520000
v 1.63200000 17.10620000 -0.07680000
v 1.49520000 16.96640000 0.11100000
v 1.26900000 17.17040000 -0.00100000
v 1.15890000 17.15660000 0.06260000
v 1.37080000 17.19170000 -0.07140000
v 1.10690000 17.08700000 0.16280000
v 1.04540000 17.14560000 0.11850000
v 1.08800000 17.20890000 0.01430000
v 0.98360000 17.19700000 0.07100000
v 0.98290000 17.07660000 0.21080000
v 0.93060000 17.13510000 0.16560000
v 0.88130000 17.18600000 0.11810000
v 0.90480000 16.99660000 0.29460000
v 0.95900000 16.91810000 0.33590000
v 0.85490000 17.06520000 0.25080000
v 1.06610000 16.73630000 0.41650000
v 1.01380000 16.83100000 0.37610000
v 0.87760000 16.81950000 0.41840000
v 0.92910000 16.72710000 0.46030000
v 0.97470000 16.62920000 0.50290000
v 1.11310000 16.63580000 0.45850000
v 1.01280000 16.52740000 0.54690000
v 1.15200000 16.53100000 0.50300000
v 1.04220000 16.42340000 0.59260000
v 1.18020000 16.42400000 0.55030000
v 1.25960000 16.64120000 0.40880000
v 1.30180000 16.53290000 0.45380000
v 1.32990000 16.42080000 0.50310000
v 0.84450000 16.61960000 0.54300000
v 0.88220000 16.52090000 0.58660000
v 0.79920000 16.71390000 0.50020000
v 1.41470000 16.64770000 0.35220000
v 0.74630000 16.80180000 0.45710000
v 0.82240000 16.90430000 0.37560000
v 0.67880000 16.69460000 0.53720000
v 0.62400000 16.77640000 0.49450000
v 1.46500000 16.53480000 0.39700000
v 1.49840000 16.41260000 0.44830000
v 1.48770000 16.29280000 0.51080000
v 1.64100000 16.25820000 0.46170000
v 1.59630000 16.14390000 0.52960000
v 1.46710000 16.17980000 0.57050000
v 1.66610000 15.98970000 0.55390000
v 1.56130000 16.03840000 0.59070000
v 1.53110000 15.93850000 0.64800000
v 1.44570000 16.07330000 0.62740000
v 1.42460000 15.97260000 0.68160000
v 1.32510000 16.09620000 0.66390000
v 1.31360000 15.99590000 0.71490000
v 1.20380000 16.10940000 0.69990000
v 1.20080000 16.00990000 0.74810000
v 1.20320000 16.21230000 0.65040000
v 1.33420000 16.20130000 0.61130000
v 1.40370000 15.87760000 0.73330000
v 1.50230000 15.84420000 0.70240000
v 1.30120000 15.90090000 0.76390000
v 1.62980000 15.89290000 0.61340000
v 1.68010000 15.74640000 0.63520000
v 1.71770000 15.83560000 0.57580000
v 1.59510000 15.80060000 0.67030000
v 1.55940000 15.71380000 0.72480000
v 1.47330000 15.75620000 0.75450000
v 1.79040000 15.76660000 0.53190000
v 1.33770000 16.30970000 0.55730000
v 1.19630000 16.31710000 0.60000000
v 1.06280000 16.31910000 0.63970000
v 1.07610000 16.21600000 0.68740000
v 0.93590000 16.31680000 0.67650000
v 0.95320000 16.21480000 0.72220000
v 0.83430000 16.20980000 0.75400000
v 0.85030000 16.10990000 0.79850000
v 0.96590000 16.11450000 0.76770000
v 1.08380000 16.11490000 0.73470000
v 0.97530000 16.01640000 0.81210000
v 1.08780000 16.01630000 0.78060000
v 0.86370000 16.01180000 0.84200000
v 0.81440000 16.31090000 0.70930000
v 0.69850000 16.30350000 0.73770000
v 0.71930000 16.20270000 0.78170000
v 0.73740000 16.10250000 0.82560000
v 0.91250000 16.41950000 0.63130000
v 0.79000000 16.41190000 0.66520000
v 0.67440000 16.40330000 0.69440000
v 0.76000000 16.51090000 0.62180000
v 0.64640000 16.49980000 0.65200000
v 0.36310000 19.46540000 0.80460000
v 0.41880000 19.43570000 0.79270000
v 0.44610000 19.49040000 0.80760000
v 0.48770000 19.45940000 0.78030000
v 0.46320000 19.42940000 0.77820000
v 0.50660000 19.41720000 0.74670000
v 0.48630000 19.39550000 0.79290000
v 0.55190000 19.44840000 0.76660000
v 0.59760000 19.47430000 0.78120000
v 0.61420000 19.44140000 0.74230000
v 0.65510000 19.46700000 0.73050000
v 0.63440000 19.51030000 0.77810000
v 0.69360000 19.50210000 0.70590000
v 0.66460000 19.55510000 0.76440000
v 0.71960000 19.55330000 0.66600000
v 0.68230000 19.61200000 0.73480000
v 0.73950000 19.48160000 0.61060000
v 0.61620000 19.60240000 0.82670000
v 0.31840000 19.47590000 0.81880000
v -1.68760000 17.31680000 -1.04400000
v -1.83000000 17.27090000 -1.01380000
v -1.86510000 17.31100000 -0.88820000
v -1.96670000 17.21970000 -0.98970000
v -1.99940000 17.24870000 -0.85720000
v -2.10480000 17.17370000 -0.97150000
v -2.13590000 17.19430000 -0.83030000
v -1.88310000 17.32590000 -0.75750000
v -2.01250000 17.25650000 -0.72230000
v -2.00570000 17.24640000 -0.58940000
v -2.14660000 17.19680000 -0.68860000
v -2.13690000 17.18330000 -0.55120000
v -1.98090000 17.22110000 -0.46180000
v -2.10870000 17.15550000 -0.42090000
v -2.27010000 17.11610000 -0.51560000
v -2.23900000 17.08360000 -0.38120000
v -2.06420000 17.11730000 -0.29930000
v -2.18940000 17.04120000 -0.25780000
v -1.94100000 17.18450000 -0.34150000
v -2.39670000 17.03310000 -0.48430000
v -2.36410000 16.99740000 -0.34500000
v -2.28180000 17.13540000 -0.65870000
v -2.40940000 17.05780000 -0.63320000
v -2.27250000 17.13910000 -0.80720000
v -2.40200000 17.06920000 -0.78750000
v -2.52130000 16.98450000 -0.77160000
v -2.52630000 16.96610000 -0.61230000
v -2.49640000 16.98610000 -0.93040000
v -2.37320000 17.06190000 -0.94210000
v -2.24180000 17.12410000 -0.95600000
v -2.05520000 17.12850000 -1.10540000
v -2.19290000 17.08670000 -1.09770000
v -1.91750000 17.16580000 -1.11510000
v -1.78120000 17.20460000 -1.13140000
v -1.86150000 17.09110000 -1.23130000
v -1.72700000 17.11790000 -1.24100000
v -1.81140000 17.00120000 -1.33740000
v -1.99760000 17.06190000 -1.22800000
v -2.13470000 17.02760000 -1.22630000
v -2.27040000 16.98480000 -1.22450000
v -2.32720000 17.03460000 -1.09010000
v -2.07860000 16.95360000 -1.34090000
v -2.21240000 16.91640000 -1.34210000
v -2.03170000 16.86570000 -1.43810000
v -2.16060000 16.83310000 -1.44110000
v -2.34210000 16.86670000 -1.34150000
v -2.40080000 16.92880000 -1.22140000
v -2.28640000 16.78740000 -1.44180000
v -2.45440000 16.96850000 -1.08260000
v -1.94400000 16.98140000 -1.33870000
v -1.90320000 16.88630000 -1.43320000
v -1.73500000 16.49850000 -1.59470000
v -1.81710000 16.51440000 -1.58870000
v -1.88580000 16.64860000 -1.55740000
v -1.90170000 16.52100000 -1.59010000
v -1.93020000 16.39060000 -1.60280000
v -2.00580000 16.38880000 -1.60740000
v -1.98920000 16.51850000 -1.59750000
v -1.98540000 16.64400000 -1.56710000
v -1.99890000 16.76260000 -1.51450000
v -1.88580000 16.77180000 -1.50470000
v -2.11890000 16.73670000 -1.52030000
v -2.09070000 16.62710000 -1.57760000
v -2.08000000 16.50600000 -1.60910000
v -2.17700000 16.47930000 -1.61780000
v -2.20090000 16.59370000 -1.58400000
v -2.23840000 16.69600000 -1.52310000
v -2.35500000 16.64110000 -1.52250000
v -2.31100000 16.54540000 -1.58670000
v -2.27660000 16.43820000 -1.62360000
v -2.08480000 16.37690000 -1.61540000
v -2.16720000 16.35360000 -1.62450000
v -1.85710000 16.38310000 -1.60370000
v -1.78640000 16.36630000 -1.61100000
v -0.28950000 18.08200000 -0.92890000
v -0.38490000 18.10280000 -0.89870000
v -0.36580000 18.22500000 -0.86790000
v -0.27590000 18.20870000 -0.89520000
v -0.17860000 18.32490000 -0.87850000
v -0.26800000 18.33650000 -0.87120000
v -0.35380000 18.34910000 -0.84570000
v -0.47120000 18.12220000 -0.84970000
v -0.44730000 18.24090000 -0.82180000
v -0.54420000 18.13970000 -0.78370000
v -0.60250000 18.15380000 -0.70470000
v -0.64580000 18.16310000 -0.61670000
v -0.43150000 18.36190000 -0.80110000
v -0.34990000 18.47350000 -0.83790000
v -0.42610000 18.48380000 -0.79350000
v -0.35450000 18.59610000 -0.84840000
v -0.43230000 18.60390000 -0.80400000
v -0.36790000 18.71420000 -0.88130000
v -0.44940000 18.72000000 -0.83490000
v -0.50090000 18.61260000 -0.74340000
v -0.52200000 18.72660000 -0.77300000
v -0.26580000 18.46410000 -0.86310000
v -0.26960000 18.58930000 -0.87500000
v -0.17780000 18.45600000 -0.87010000
v -0.08900000 18.31560000 -0.87140000
v -0.00000000 18.44830000 -0.85550000
v -0.08890000 18.45030000 -0.86320000
v -0.00000000 18.58040000 -0.87710000
v -0.09040000 18.58100000 -0.88210000
v -0.00000000 18.70410000 -0.92590000
v 0.09380000 18.70440000 -0.92690000
v -0.00000000 18.81970000 -0.99480000
v 0.09880000 18.82010000 -0.99310000
v -0.00000000 18.93790000 -1.06530000
v 0.10410000 18.93830000 -1.06180000
v -0.09880000 18.82000000 -0.99330000
v -0.10410000 18.93820000 -1.06220000
v -0.09380000 18.70430000 -0.92700000
v 0.19740000 18.82120000 -0.98580000
v -0.18070000 18.58400000 -0.88470000
v -0.18740000 18.70590000 -0.92420000
v -2.67230000 16.40710000 -1.50940000
v -2.57360000 16.49630000 -1.51460000
v -2.73020000 16.47650000 -1.42920000
v -2.62990000 16.57220000 -1.43360000
v -2.78390000 16.52900000 -1.32780000
v -2.68610000 16.63160000 -1.33240000
v -2.87110000 16.41910000 -1.32380000
v -2.90570000 16.44650000 -1.20000000
v -2.82390000 16.55910000 -1.20290000
v -2.85300000 16.57290000 -1.06180000
v -2.92960000 16.45980000 -1.06030000
v -2.94640000 16.46220000 -0.90920000
v -2.99820000 16.34490000 -1.06050000
v -2.87480000 16.57480000 -0.90940000
v -2.73280000 16.66730000 -1.20760000
v -2.76870000 16.68370000 -1.06520000
v -2.52170000 16.65640000 -1.43760000
v -2.46700000 16.57460000 -1.51970000
v -2.57960000 16.72340000 -1.33610000
v -2.46500000 16.80230000 -1.33930000
v -2.40710000 16.72820000 -1.44030000
v -2.52200000 16.85610000 -1.21700000
v -2.57090000 16.88610000 -1.07550000
v -2.60810000 16.89600000 -0.92130000
v -2.70750000 16.79440000 -0.91490000
v -2.72390000 16.78220000 -0.75200000
v -2.62860000 16.88760000 -0.75980000
v -2.67540000 16.78960000 -1.06960000
v -2.63260000 16.76770000 -1.21210000
v -2.41860000 16.48310000 -1.58320000
v -0.87250000 19.74510000 -0.19110000
v -0.87950000 19.80490000 -0.26380000
v -0.87250000 19.88820000 -0.20240000
v -0.87070000 19.95820000 -0.28270000
v -0.87740000 19.87150000 -0.34240000
v -0.85610000 19.94170000 -0.43200000
v -0.81710000 19.92030000 -0.58470000
v -0.81310000 20.01160000 -0.52710000
v -0.76050000 19.98650000 -0.68540000
v -0.75270000 20.08050000 -0.62110000
v -0.76410000 19.88650000 -0.74010000
v -0.81680000 19.82610000 -0.63370000
v -0.68590000 20.04820000 -0.78010000
v -0.69000000 19.94090000 -0.83880000
v -0.59800000 19.98680000 -0.92570000
v -0.59810000 19.86460000 -0.97410000
v -0.68980000 19.82690000 -0.88580000
v -0.48820000 19.75840000 -1.07980000
v -0.59410000 19.73700000 -1.00910000
v -0.49180000 19.89320000 -1.04710000
v -0.58610000 19.60520000 -1.03120000
v -0.67420000 19.58330000 -0.94360000
v -0.68420000 19.70730000 -0.92050000
v -0.48140000 19.62000000 -1.09870000
v -0.37560000 19.91240000 -1.10370000
v -0.37210000 19.77150000 -1.13230000
v -0.49230000 20.02290000 -0.99920000
v -0.37650000 20.04910000 -1.05720000
v -0.59480000 20.10190000 -0.86420000
v -0.48960000 20.14520000 -0.93490000
v -0.58760000 20.20750000 -0.78860000
v -0.48380000 20.25730000 -0.85380000
v -0.37450000 20.17800000 -0.98990000
v -0.37020000 20.29600000 -0.90400000
v -0.67770000 20.14720000 -0.70990000
v -0.74150000 20.16810000 -0.54790000
v -0.66480000 20.23580000 -0.62860000
v -0.57610000 20.30050000 -0.69950000
v -0.80580000 20.10000000 -0.46090000
v -0.85010000 20.02980000 -0.37040000
v -0.83560000 20.11640000 -0.29900000
v -0.79260000 20.18420000 -0.38660000
v -0.85460000 20.04610000 -0.21160000
v -0.77050000 20.26210000 -0.30630000
v -0.80970000 20.19980000 -0.22040000
v -0.72840000 20.24980000 -0.46810000
v -0.65120000 20.31610000 -0.54010000
v -0.63710000 20.38780000 -0.44570000
v -0.71130000 20.32370000 -0.38320000
v -0.77230000 20.28120000 -0.14010000
v -0.73810000 20.33370000 -0.22650000
v -0.66700000 20.42280000 -0.23190000
v -0.68850000 20.38480000 -0.29780000
v -0.69130000 20.40130000 -0.16160000
v -0.71800000 20.36200000 -0.06800000
v -0.82770000 20.13370000 -0.13230000
v -0.83160000 20.06500000 -0.04580000
v -0.85800000 19.97580000 -0.12820000
v -0.86570000 19.82160000 -0.12640000
v -0.81550000 18.89720000 -0.35770000
v -0.78860000 18.88280000 -0.41070000
v -0.75800000 18.86820000 -0.48140000
v -0.71860000 18.85680000 -0.56530000
v -0.67130000 18.84910000 -0.65380000
v -0.58520000 18.73390000 -0.69880000
v -0.63970000 18.74270000 -0.61620000
v -0.61540000 18.84340000 -0.73910000
v -0.54940000 18.83840000 -0.81640000
v -0.68660000 18.75400000 -0.52970000
v -0.57640000 18.95310000 -0.86370000
v -0.49800000 18.94890000 -0.93470000
v -0.47340000 18.83300000 -0.88250000
v -0.38790000 18.82790000 -0.93390000
v -0.40870000 18.94450000 -0.99070000
v -0.52040000 19.07160000 -0.98100000
v -0.54110000 19.20080000 -1.01590000
v -0.42790000 19.06920000 -1.04070000
v -0.44570000 19.20140000 -1.07880000
v -0.29480000 18.82360000 -0.96810000
v -0.27960000 18.70930000 -0.91060000
v -0.20810000 18.93920000 -1.05140000
v -0.19740000 18.82100000 -0.98620000
v -0.31070000 18.94120000 -1.02910000
v -0.50820000 17.73310000 0.12140000
v -0.67080000 17.71110000 -0.06120000
v -0.72820000 17.64100000 -0.10710000
v -0.79420000 17.57070000 -0.13820000
v -0.73270000 17.50380000 -0.06260000
v -0.79980000 17.44370000 -0.08220000
v -0.86860000 17.49810000 -0.15290000
v -0.87030000 17.38110000 -0.08730000
v -0.94880000 17.42330000 -0.15230000
v -1.01700000 17.46450000 -0.21750000
v -2.68340000 16.17500000 0.02410000
v -2.74660000 16.06470000 0.00210000
v -2.81340000 16.25450000 -0.10330000
v -2.87190000 16.14170000 -0.11870000
v -2.95250000 16.21040000 -0.26450000
v -2.99530000 16.26890000 -0.42290000
v -2.89290000 16.32310000 -0.25210000
v -2.93510000 16.38050000 -0.41290000
v -2.75290000 16.37360000 -0.10190000
v -2.82700000 16.43800000 -0.24920000
v -2.58440000 16.43330000 0.01150000
v -2.68640000 16.49500000 -0.11100000
v -2.63820000 16.30470000 0.02430000
v -2.48590000 16.24070000 0.11760000
v -2.45200000 16.37810000 0.10590000
v -2.75510000 16.55510000 -0.25430000
v -2.79470000 16.60700000 -0.41230000
v -2.86830000 16.49300000 -0.40950000
v -2.61070000 16.61710000 -0.12790000
v -2.67510000 16.67320000 -0.26670000
v -2.43580000 16.68070000 -0.03810000
v -2.52310000 16.73680000 -0.15230000
v -2.51730000 16.55920000 -0.01000000
v -2.58390000 16.78900000 -0.28630000
v -2.95190000 16.44980000 -0.74860000
v -2.95070000 16.42310000 -0.58090000
v -2.88410000 16.56120000 -0.74670000
v -2.88390000 16.53420000 -0.57790000
v -2.80960000 16.64590000 -0.57930000
v -2.80850000 16.67250000 -0.74770000
v -2.79570000 16.68610000 -0.91110000
v -2.72630000 16.75700000 -0.58530000
v -2.63210000 16.86470000 -0.59620000
v -2.71250000 16.72100000 -0.42110000
v -2.61920000 16.83220000 -0.43620000
v -2.51340000 16.93710000 -0.45750000
v -2.47970000 16.89810000 -0.31300000
v -2.42220000 16.84910000 -0.18340000
v -2.31000000 16.95140000 -0.21910000
v -2.34050000 16.79440000 -0.07170000
v -2.23460000 16.89820000 -0.10850000
v -2.12090000 16.99040000 -0.14760000
v -2.03230000 16.93330000 -0.05190000
v -2.39620000 16.50520000 0.08350000
v 0.19680000 16.81420000 0.45400000
v 0.28600000 16.78680000 0.49300000
v 0.15820000 16.71720000 0.51370000
v 0.23630000 16.70060000 0.54590000
v 0.36600000 16.74700000 0.53260000
v 0.31190000 16.67540000 0.57810000
v 0.38030000 16.64650000 0.60410000
v 0.43430000 16.69910000 0.56840000
v 0.43070000 16.62220000 0.61970000
v 0.36100000 16.57520000 0.64450000
v 0.43590000 16.56650000 0.64920000
v 0.36050000 16.48720000 0.68960000
v 0.44800000 16.48480000 0.68860000
v 0.37090000 16.38920000 0.73730000
v 0.46490000 16.39050000 0.73210000
v 0.54240000 16.49000000 0.67530000
v 0.56600000 16.39550000 0.71730000
v 0.58820000 16.29610000 0.76090000
v 0.48410000 16.29020000 0.77730000
v 0.51720000 16.57490000 0.63570000
v 0.38670000 16.28610000 0.78600000
v 0.40440000 16.18110000 0.83480000
v 0.50370000 16.18760000 0.82320000
v 0.28500000 16.59020000 0.62740000
v 0.48610000 16.64480000 0.60030000
v 0.51770000 16.74210000 0.53180000
v 0.57240000 16.67090000 0.57120000
v 0.61350000 16.58990000 0.61090000
v 0.72340000 16.60580000 0.57920000
v -0.31190000 16.67520000 0.57790000
v -0.28500000 16.59020000 0.62750000
v -0.36100000 16.57520000 0.64460000
v -0.36040000 16.48750000 0.69020000
v -0.43070000 16.62200000 0.61960000
v -0.43590000 16.56650000 0.64940000
v -0.38030000 16.64630000 0.60400000
v -0.48610000 16.64450000 0.60010000
v -0.51720000 16.57480000 0.63580000
v -0.54240000 16.49020000 0.67580000
v -0.44800000 16.48510000 0.68920000
v -0.46480000 16.39100000 0.73300000
v -0.56590000 16.39590000 0.71810000
v -0.48400000 16.29090000 0.77850000
v -0.58810000 16.29680000 0.76190000
v -0.60870000 16.19580000 0.80630000
v -0.71920000 16.20340000 0.78270000
v -0.61350000 16.58980000 0.61100000
v -0.72350000 16.60570000 0.57920000
v -0.84460000 16.61960000 0.54310000
v 0.66770000 17.23150000 0.12710000
v 0.68260000 17.30090000 0.06290000
v 0.75490000 17.22860000 0.10070000
v 0.75330000 17.28140000 0.04350000
v 0.83780000 17.23130000 0.07020000
v 0.81020000 17.26730000 0.03280000
v 0.92140000 17.24470000 0.02390000
v 0.85980000 17.29070000 -0.01330000
v 1.01510000 17.26060000 -0.03460000
v 1.03070000 17.34820000 -0.13490000
v 0.94230000 17.31820000 -0.07320000
v 1.11210000 17.27880000 -0.09860000
v 0.87020000 17.38100000 -0.08750000
v 0.79570000 17.33390000 -0.02130000
v 0.73010000 17.37690000 -0.01000000
v 0.66490000 17.41990000 0.01340000
v 0.79950000 17.44350000 -0.08260000
v 0.73220000 17.50350000 -0.06320000
v 0.94870000 17.42320000 -0.15240000
v 1.19160000 17.22290000 -0.04950000
v 1.01700000 17.46450000 -0.21750000
v 0.92670000 17.54470000 -0.22250000
v 0.86830000 17.49800000 -0.15320000
v 1.06980000 17.50790000 -0.28680000
v 0.97120000 17.58790000 -0.29440000
v 0.79350000 17.57040000 -0.13890000
v 0.84350000 17.62450000 -0.21280000
v 0.72710000 17.64050000 -0.10800000
v 0.67080000 17.56060000 -0.02880000
v 0.77120000 17.70530000 -0.18690000
v 0.77860000 17.17720000 0.15450000
v 0.67370000 17.17040000 0.18240000
v 0.81290000 17.12460000 0.20400000
v 0.60270000 17.46330000 0.04950000
v 0.61690000 18.65630000 0.57760000
v 0.61270000 18.75490000 0.67140000
v 0.56090000 18.68410000 0.73740000
v 0.59240000 18.84830000 0.76610000
v 0.65540000 18.92150000 0.69910000
v 0.63270000 19.01090000 0.77790000
v 0.55140000 18.94490000 0.84700000
v 0.70510000 19.08340000 0.69530000
v 0.75910000 19.15510000 0.59810000
v 0.79340000 19.21410000 0.49570000
v 0.77640000 19.30710000 0.53570000
v 0.73650000 19.24630000 0.63890000
v 0.75350000 19.39630000 0.57110000
v 0.78110000 19.45330000 0.47980000
v 0.75760000 19.54120000 0.53590000
v 0.79310000 19.51580000 0.38390000
v 0.76140000 19.60760000 0.45070000
v 0.74130000 17.85520000 -0.23270000
v 0.71180000 17.79070000 -0.14570000
v 0.80320000 17.75800000 -0.26650000
v 0.88090000 17.67050000 -0.28780000
v 0.90690000 17.71060000 -0.36620000
v 0.82490000 17.79910000 -0.34690000
v 0.92380000 17.74560000 -0.44930000
v 0.83950000 17.83210000 -0.42960000
v 0.77080000 17.92700000 -0.40070000
v 0.75910000 17.89580000 -0.31740000
v 0.77620000 17.94900000 -0.48810000
v 0.71390000 18.05830000 -0.55040000
v 0.64570000 18.16310000 -0.61670000
v 0.68810000 18.05630000 -0.64450000
v 0.67040000 17.71080000 -0.06150000
v -1.57430000 16.87930000 0.14320000
v -1.43570000 16.86120000 0.21280000
v -1.49520000 16.96650000 0.11110000
v -1.36540000 16.95010000 0.17910000
v -1.29630000 17.02950000 0.14470000
v -1.41910000 17.04490000 0.07860000
v -1.53330000 17.06910000 0.00530000
v -1.61750000 16.99340000 0.03710000
v -1.34440000 17.11280000 0.04210000
v -1.63200000 17.10620000 -0.07680000
v -1.72510000 17.03570000 -0.04260000
v -1.70650000 16.91020000 0.06970000
v -1.82360000 16.95920000 -0.00650000
v -1.92350000 16.87490000 0.03070000
v -1.92290000 17.01500000 -0.09150000
v -1.81460000 17.08700000 -0.13120000
v -1.88610000 17.13870000 -0.23080000
v -2.00280000 17.06960000 -0.18890000
v -1.71210000 17.15350000 -0.16870000
v -1.77580000 17.20380000 -0.27020000
v -1.26910000 17.17070000 -0.00080000
v -1.22800000 17.09820000 0.10650000
v -0.11320000 18.85580000 1.11580000
v -0.08160000 18.90150000 1.12180000
v 0.42880000 18.37240000 0.81730000
v 0.43870000 18.47650000 0.85990000
v 0.00000000 18.62100000 1.14370000
v -0.00000000 18.64060000 1.16670000
v -0.31960000 15.52580000 1.10670000
v -0.41680000 15.54570000 1.10130000
v -0.30140000 15.62880000 1.07360000
v -0.39690000 15.64900000 1.06720000
v -0.49610000 15.66800000 1.05240000
v -0.37840000 15.75180000 1.02730000
v -0.47660000 15.76880000 1.01330000
v -0.59770000 15.68640000 1.03340000
v -0.57760000 15.78470000 0.99470000
v -0.68050000 15.79950000 0.97320000
v -0.70020000 15.70430000 1.01270000
v -0.72320000 15.60970000 1.05110000
v -0.62080000 15.58740000 1.06950000
v -0.80210000 15.72020000 0.98850000
v -0.82400000 15.62960000 1.02760000
v -0.92180000 15.64550000 0.99840000
v -0.94680000 15.55940000 1.03150000
v -0.90270000 15.73290000 0.96070000
v -0.51800000 15.56610000 1.08760000
v -0.78420000 15.81270000 0.94910000
v -0.55900000 15.88400000 0.95540000
v -0.66280000 15.89660000 0.93420000
v -0.76860000 15.90770000 0.91020000
v -0.64560000 15.99500000 0.89330000
v -0.75340000 16.00460000 0.86920000
v -1.11860000 15.58920000 0.96970000
v -1.26420000 15.65510000 0.89100000
v -1.33780000 15.63340000 0.87060000
v -1.18700000 15.66430000 0.91370000
v -1.10410000 15.66410000 0.93920000
v -1.27570000 15.72930000 0.85280000
v -1.18780000 15.74140000 0.87790000
v -1.28830000 15.81190000 0.81020000
v -1.19150000 15.82560000 0.83810000
v -1.03630000 15.57640000 0.99940000
v -1.01540000 15.65710000 0.96760000
v -1.00100000 15.74140000 0.93210000
v -0.88800000 15.82330000 0.92290000
v -0.99100000 15.82980000 0.89480000
v -1.09230000 15.83100000 0.86650000
v -1.09620000 15.74480000 0.90440000
v -0.98310000 15.92180000 0.85490000
v -1.09010000 15.92180000 0.82500000
v -0.87570000 15.91670000 0.88390000
v 0.25380000 15.94940000 0.94270000
v 0.34460000 15.96070000 0.93900000
v 0.42250000 16.07610000 0.88270000
v 0.44040000 15.97210000 0.92880000
v 0.52270000 16.08500000 0.86870000
v 0.54110000 15.98330000 0.91300000
v 0.62800000 16.09390000 0.84940000
v 0.60890000 16.19500000 0.80520000
v 0.64570000 15.99400000 0.89260000
v 0.66290000 15.89560000 0.93390000
v 0.55910000 15.88290000 0.95510000
v 0.75360000 16.00380000 0.86860000
v 0.87570000 15.91610000 0.88360000
v 0.76870000 15.90690000 0.90990000
v 0.68040000 15.79880000 0.97340000
v 0.57750000 15.78380000 0.99510000
v 0.59740000 15.68600000 1.03440000
v 0.47650000 15.76790000 1.01390000
v 0.49580000 15.66760000 1.05370000
v 0.45830000 15.86930000 0.97240000
v 0.69990000 15.70390000 1.01340000
v 1.33730000 16.66460000 -1.58710000
v 1.41470000 16.51810000 -1.63340000
v 1.57560000 16.43420000 -1.63190000
v 1.49820000 16.38210000 -1.66120000
v 1.50760000 16.57180000 -1.59940000
v 1.58310000 16.25400000 -1.67250000
v 1.85730000 16.38310000 -1.60390000
v 1.93030000 16.39060000 -1.60300000
v 1.78660000 16.36630000 -1.61140000
v 1.71750000 16.33970000 -1.62570000
v 1.64950000 16.30240000 -1.64650000
v 1.65480000 16.47230000 -1.60930000
v 1.60100000 16.60830000 -1.57430000
v 1.73510000 16.49850000 -1.59490000
v 1.81720000 16.51440000 -1.58890000
v 1.90180000 16.52100000 -1.59020000
v 1.78920000 16.64440000 -1.55400000
v 1.88580000 16.64860000 -1.55750000
v 1.69460000 16.63150000 -1.55920000
v 1.45210000 16.71550000 -1.54780000
v 1.56210000 16.74680000 -1.52010000
v 1.66970000 16.76410000 -1.50440000
v 1.77720000 16.77160000 -1.49970000
v 1.88580000 16.77180000 -1.50470000
v 1.99890000 16.76260000 -1.51450000
v 1.98540000 16.64410000 -1.56710000
v 2.11890000 16.73680000 -1.52030000
v 2.09070000 16.62720000 -1.57770000
v 1.98920000 16.51850000 -1.59760000
v 2.07990000 16.50600000 -1.60920000
v 2.23840000 16.69600000 -1.52310000
v 2.00590000 16.38880000 -1.60750000
v 2.03170000 16.86570000 -1.43810000
v 2.16060000 16.83310000 -1.44110000
v 1.90310000 16.88640000 -1.43320000
v 1.78420000 16.89180000 -1.42710000
v 2.21240000 16.91640000 -1.34210000
v 2.28640000 16.78740000 -1.44180000
v 2.34210000 16.86670000 -1.34150000
v 2.40080000 16.92880000 -1.22140000
v 1.66570000 16.89200000 -1.43140000
v 1.68560000 17.01100000 -1.34260000
v 1.55610000 17.01560000 -1.36100000
v 1.54540000 16.88410000 -1.44800000
v 1.41870000 16.86360000 -1.47780000
v 0.92370000 19.45410000 -0.12810000
v 0.90420000 19.43900000 -0.15140000
v 0.87810000 19.41770000 -0.17140000
v 0.88330000 19.37440000 -0.16840000
v 0.87190000 19.39500000 -0.13620000
v 0.87950000 19.35740000 -0.13660000
v 0.88550000 19.39730000 -0.11580000
v 0.87900000 19.34440000 -0.11050000
v 0.82980000 19.26570000 -0.55900000
v 0.86790000 19.25420000 -0.49130000
v 0.82470000 19.16600000 -0.55860000
v 0.86410000 19.16080000 -0.48950000
v 0.81160000 19.06570000 -0.54410000
v 0.84950000 19.06740000 -0.47430000
v 0.89000000 19.06710000 -0.43340000
v 0.88960000 18.98480000 -0.37030000
v 0.85720000 18.98140000 -0.40030000
v 0.92020000 18.98500000 -0.35260000
v 0.84480000 18.90860000 -0.31910000
v 0.81550000 18.89720000 -0.35770000
v 0.78860000 18.88280000 -0.41070000
v 0.82330000 18.97490000 -0.44690000
v 0.78910000 18.96620000 -0.51680000
v 0.71870000 18.85680000 -0.56530000
v 0.74780000 18.96040000 -0.60180000
v 0.75810000 18.86810000 -0.48150000
v 0.76920000 19.06680000 -0.63060000
v 0.78300000 19.17470000 -0.64610000
v 0.79220000 19.28200000 -0.64800000
v 0.72150000 19.07020000 -0.72400000
v 0.73850000 19.18510000 -0.74320000
v 0.69940000 18.95780000 -0.69240000
v 0.64310000 18.95600000 -0.78150000
v 0.66700000 19.07280000 -0.81800000
v 0.57620000 18.95320000 -0.86350000
v 0.60080000 19.07320000 -0.90560000
v 0.54880000 18.83870000 -0.81580000
v 0.47300000 18.83330000 -0.88190000
v 0.49780000 18.94910000 -0.93440000
v 0.61490000 18.84370000 -0.73870000
v 0.67110000 18.84920000 -0.65360000
v 0.58480000 18.73410000 -0.69850000
v 0.63950000 18.74280000 -0.61600000
v 0.68660000 18.75400000 -0.52970000
v 0.52160000 18.72680000 -0.77260000
v 0.44910000 18.72020000 -0.83450000
v 0.50070000 18.61270000 -0.74320000
v 0.43210000 18.60400000 -0.80380000
v 0.55990000 18.62240000 -0.66970000
v 0.40850000 18.94470000 -0.99030000
v 0.42800000 19.06920000 -1.04070000
v 0.52080000 19.07150000 -0.98140000
v 0.54230000 19.20040000 -1.01720000
v 0.62340000 19.19820000 -0.93650000
v 0.64340000 19.32660000 -0.95290000
v 0.56090000 19.33430000 -1.03760000
v 0.68780000 19.19340000 -0.84270000
v 0.70650000 19.31540000 -0.85390000
v 0.44610000 19.20120000 -1.07940000
v 0.33940000 19.20150000 -1.12160000
v 0.32550000 19.06750000 -1.08120000
v 0.31060000 18.94140000 -1.02870000
v 0.38760000 18.82810000 -0.93330000
v 0.29460000 18.82380000 -0.96770000
v 0.20800000 18.93940000 -1.05090000
v 0.75370000 19.30000000 -0.74920000
v 0.77050000 19.41300000 -0.74460000
v 0.78790000 19.52220000 -0.73020000
v 0.74090000 19.55490000 -0.84050000
v 0.66100000 19.45590000 -0.95570000
v 0.72480000 19.43660000 -0.85320000
v 0.72170000 19.68980000 0.52800000
v 0.72690000 19.61870000 0.60470000
v 0.67350000 19.84450000 0.53400000
v 0.67460000 19.75900000 0.61070000
v 0.61390000 19.90900000 0.61850000
v 0.61790000 19.81520000 0.69200000
v 0.62040000 20.00520000 0.54430000
v 0.54750000 20.06740000 0.62650000
v 0.54060000 19.96030000 0.69600000
v 0.68120000 19.93120000 0.45680000
v 0.63520000 20.09710000 0.46670000
v 0.69670000 20.01570000 0.37880000
v 0.65250000 20.18370000 0.38340000
v 0.71320000 20.09640000 0.29700000
v 0.55980000 20.16910000 0.54800000
v 0.57240000 20.26200000 0.45900000
v 0.47050000 20.32180000 0.51520000
v 0.46320000 20.22380000 0.61210000
v 0.57800000 20.34300000 0.35890000
v 0.66430000 20.26290000 0.29270000
v 0.72650000 20.17250000 0.21070000
v 0.47350000 20.40570000 0.40560000
v 0.36000000 20.45110000 0.43620000
v 0.46950000 20.47200000 0.28510000
v 0.35760000 20.52040000 0.30900000
v 0.57450000 20.40970000 0.24890000
v 0.35960000 20.36690000 0.55490000
v 0.35650000 20.26620000 0.66010000
v 0.34980000 20.14700000 0.74000000
v 0.45360000 20.11260000 0.69100000
v 0.44830000 19.99620000 0.75690000
v 0.34660000 20.02200000 0.80270000
v 0.24130000 20.29310000 0.68870000
v 0.23960000 20.17170000 0.77370000
v 0.24260000 20.39650000 0.57970000
v 0.76630000 20.00770000 0.20870000
v 0.78040000 20.08250000 0.12490000
v 0.73620000 20.24420000 0.12140000
v 0.79080000 20.15430000 0.03900000
v 0.78930000 20.22120000 -0.04990000
v 0.73490000 20.30900000 0.02810000
v 0.83160000 20.06500000 -0.04580000
v 0.77230000 20.28120000 -0.14010000
v 0.71810000 20.36210000 -0.06800000
v 0.66090000 20.39350000 0.09190000
v 0.66780000 20.33360000 0.19520000
v 0.54190000 19.85700000 0.76200000
v 0.62700000 19.73210000 0.75760000
v 0.54810000 19.77010000 0.82020000
v 0.68600000 19.68210000 0.68280000
v 0.62580000 19.66080000 0.80170000
v 0.55150000 19.70160000 0.86150000
v 0.55100000 19.64440000 0.88840000
v 0.45480000 19.79460000 0.87010000
v 0.45030000 19.88620000 0.81840000
v 0.72640000 18.76820000 -0.44630000
v 2.58530000 16.43370000 0.01260000
v 2.68690000 16.49520000 -0.11030000
v 2.61120000 16.61750000 -0.12730000
v 2.75380000 16.37390000 -0.10090000
v 2.81460000 16.25470000 -0.10220000
v 2.89370000 16.32340000 -0.25150000
v 2.82740000 16.43810000 -0.24880000
v 2.95380000 16.21060000 -0.26370000
v 2.87310000 16.14160000 -0.11780000
v 2.93540000 16.38050000 -0.41270000
v 2.86830000 16.49300000 -0.40940000
v 2.75530000 16.55520000 -0.25410000
v 2.67520000 16.67330000 -0.26650000
v 2.58400000 16.78910000 -0.28620000
v 2.52360000 16.73720000 -0.15170000
v 2.71260000 16.72100000 -0.42110000
v 2.61920000 16.83220000 -0.43610000
v 2.79470000 16.60700000 -0.41230000
v 2.72630000 16.75700000 -0.58530000
v 2.63210000 16.86470000 -0.59620000
v 2.80960000 16.64590000 -0.57930000
v 2.47980000 16.89810000 -0.31290000
v 2.42240000 16.84940000 -0.18300000
v 2.51340000 16.93720000 -0.45750000
v 2.39670000 17.03310000 -0.48430000
v 2.88390000 16.53420000 -0.57780000
v 2.88410000 16.56120000 -0.74670000
v 2.80850000 16.67250000 -0.74770000
v 2.95190000 16.44980000 -0.74860000
v 2.95070000 16.42310000 -0.58090000
v 2.87490000 16.57490000 -0.90940000
v 2.79570000 16.68610000 -0.91110000
v 2.94640000 16.46220000 -0.90920000
v 2.99580000 16.26900000 -0.42270000
v 0.24040000 20.04220000 0.83640000
v 0.41630000 15.54560000 1.10350000
v 0.51740000 15.56600000 1.08940000
v 0.62040000 15.58720000 1.07090000
v 0.72280000 15.60960000 1.05220000
v 0.82370000 15.62940000 1.02840000
v 0.80190000 15.71980000 0.98910000
v 0.94640000 15.55940000 1.03200000
v 1.11850000 15.58910000 0.96990000
v 1.33800000 15.63330000 0.87070000
v 1.26430000 15.65500000 0.89110000
v 1.36070000 15.70700000 0.82860000
v 1.44280000 15.67470000 0.80390000
v 1.10400000 15.66400000 0.93940000
v 1.18700000 15.66420000 0.91380000
v 1.09610000 15.74460000 0.90450000
v 1.18770000 15.74120000 0.87800000
v 1.09230000 15.83080000 0.86650000
v 1.19150000 15.82530000 0.83810000
v 1.00090000 15.74120000 0.93230000
v 1.01520000 15.65700000 0.96790000
v 0.90250000 15.73250000 0.96100000
v 0.92160000 15.64530000 0.99890000
v 0.99100000 15.82940000 0.89480000
v 0.88800000 15.82280000 0.92290000
v 1.03610000 15.57640000 0.99970000
v 1.19630000 15.91510000 0.79450000
v 1.09010000 15.92150000 0.82490000
v 1.28840000 15.81170000 0.81020000
v 1.27580000 15.72910000 0.85290000
v 1.38250000 15.78880000 0.78250000
v -0.00000000 16.36590000 -1.59870000
v -0.00000000 16.23030000 -1.62380000
v 0.05670000 16.23100000 -1.63190000
v 0.11870000 16.23250000 -1.65450000
v -2.25430000 16.31660000 -1.62830000
v 0.64360000 18.04550000 -0.73370000
v 0.60250000 18.15380000 -0.70470000
v 0.57110000 18.26770000 -0.68000000
v 0.61470000 18.27710000 -0.59360000
v 0.55120000 18.38590000 -0.66240000
v 0.59710000 18.39650000 -0.57820000
v 0.59660000 18.51710000 -0.57540000
v 0.61210000 18.63330000 -0.58810000
v 0.54740000 18.50570000 -0.65770000
v -0.10920000 19.06560000 -1.11960000
v -0.00000000 19.06540000 -1.12380000
v -0.00000000 19.20130000 -1.16750000
v 0.11410000 19.20140000 -1.16250000
v 0.10920000 19.06570000 -1.11940000
v 0.11840000 19.34270000 -1.19010000
v 0.23570000 19.34260000 -1.17330000
v 0.22760000 19.20160000 -1.14770000
v 0.21810000 19.06650000 -1.10590000
v 0.35100000 19.34160000 -1.14540000
v 0.12160000 19.48730000 -1.20210000
v 0.24180000 19.48690000 -1.18310000
v 0.35990000 19.48490000 -1.15270000
v 0.46150000 19.33910000 -1.10200000
v 0.47330000 19.47980000 -1.10810000
v 0.57610000 19.47030000 -1.04260000
v 0.36630000 19.62840000 -1.14650000
v 0.24620000 19.63240000 -1.17960000
v 0.25010000 19.77830000 -1.16820000
v 0.37210000 19.77150000 -1.13250000
v 0.12550000 19.78130000 -1.18990000
v 0.12370000 19.63360000 -1.20000000
v 0.00000000 19.34270000 -1.19580000
v -0.00000000 19.48720000 -1.20860000
v -0.11830000 19.34270000 -1.19000000
v -0.12160000 19.48730000 -1.20210000
v 0.00000000 19.63380000 -1.20700000
v -0.00000000 19.78210000 -1.19740000
v -0.00000000 19.93140000 -1.17460000
v 0.12690000 19.92950000 -1.16660000
v 0.00000000 20.07730000 -1.12690000
v 0.12730000 20.07440000 -1.11960000
v -0.12700000 19.92950000 -1.16680000
v -0.12730000 20.07430000 -1.11950000
v -0.12550000 19.78130000 -1.19000000
v -0.12370000 19.63360000 -1.20000000
v -0.24620000 19.63240000 -1.17950000
v -0.25010000 19.77830000 -1.16820000
v -0.24180000 19.48690000 -1.18300000
v -0.23570000 19.34260000 -1.17320000
v -0.35090000 19.34170000 -1.14500000
v -0.35970000 19.48490000 -1.15240000
v -0.33930000 19.20160000 -1.12140000
v -0.46090000 19.33920000 -1.10110000
v -0.47280000 19.47980000 -1.10730000
v -0.55950000 19.33460000 -1.03600000
v -0.57500000 19.47040000 -1.04140000
v -0.22760000 19.20160000 -1.14770000
v -0.21820000 19.06630000 -1.10630000
v -0.32560000 19.06740000 -1.08140000
v -0.11410000 19.20140000 -1.16250000
v -0.56250000 20.38050000 -0.60000000
v -0.55010000 20.44960000 -0.49220000
v -0.45190000 20.50290000 -0.52530000
v -0.53950000 20.50320000 -0.37420000
v -0.44470000 20.55370000 -0.39470000
v -0.62180000 20.44400000 -0.34460000
v -0.61450000 20.47280000 -0.23690000
v -0.53480000 20.53120000 -0.24550000
v -0.44230000 20.58170000 -0.25480000
v -0.34290000 20.62880000 -0.11330000
v -0.33980000 20.62150000 -0.26320000
v -0.44670000 20.58580000 -0.11200000
v -0.34080000 20.59340000 -0.40950000
v -0.23040000 20.65260000 -0.27190000
v -0.23100000 20.62490000 -0.42180000
v -0.23460000 20.57970000 -0.56560000
v -0.34630000 20.54700000 -0.54910000
v -0.23990000 20.51670000 -0.70370000
v -0.35500000 20.48430000 -0.68110000
v -0.24490000 20.42920000 -0.82880000
v -0.36360000 20.40040000 -0.80100000
v -0.12060000 20.53330000 -0.71500000
v -0.12290000 20.44470000 -0.84320000
v -0.11830000 20.59820000 -0.57560000
v -0.46270000 20.43710000 -0.64640000
v -0.11710000 20.64700000 -0.43340000
v -0.00000000 20.65450000 -0.44080000
v -0.00000000 20.60440000 -0.57920000
v -0.11680000 20.67520000 -0.28500000
v 0.00000000 20.68330000 -0.30070000
v -0.23260000 20.66240000 -0.11600000
v -0.45530000 20.56750000 0.02740000
v -0.34770000 20.61250000 0.03420000
v -0.55480000 20.50950000 0.01330000
v -0.56690000 20.46630000 0.13380000
v -0.46320000 20.52690000 0.15940000
v -0.57450000 20.40970000 0.24890000
v -0.46950000 20.47190000 0.28500000
v -0.47360000 20.40570000 0.40560000
v -0.35340000 20.57590000 0.17550000
v -0.35750000 20.52030000 0.30900000
v -0.23830000 20.61090000 0.18580000
v -0.23520000 20.64760000 0.03820000
v -0.24070000 20.55340000 0.32450000
v -0.64420000 20.44000000 -0.01550000
v -0.62440000 20.46980000 -0.12550000
v -0.54140000 20.53260000 -0.11390000
v -0.11720000 20.68040000 -0.12040000
v -0.00000000 20.68410000 -0.12470000
v 0.11720000 20.68010000 -0.12040000
v 0.00000000 20.67420000 0.04020000
v 0.11850000 20.66800000 0.03990000
v -0.11850000 20.66790000 0.03990000
v 0.11680000 20.67530000 -0.28500000
v -0.47490000 20.35640000 -0.75760000
v -0.24900000 20.32120000 -0.93660000
v -0.25220000 20.19930000 -1.02730000
v -0.25350000 20.06540000 -1.09690000
v -0.12650000 20.21080000 -1.04740000
v -0.25280000 19.92360000 -1.14310000
v -0.00000000 20.21400000 -1.05310000
v -0.12510000 20.33560000 -0.95480000
v -0.00000000 20.34050000 -0.96080000
v 0.00000000 20.45010000 -0.84800000
v 0.12510000 20.33560000 -0.95480000
v 0.12300000 20.44530000 -0.84360000
v 0.12660000 20.21080000 -1.04740000
v 0.25220000 20.19940000 -1.02750000
v 0.25360000 20.06550000 -1.09710000
v 0.37450000 20.17800000 -0.99000000
v 0.37660000 20.04910000 -1.05730000
v 0.37560000 19.91250000 -1.10390000
v 0.25280000 19.92360000 -1.14310000
v 0.48380000 20.25720000 -0.85370000
v 0.37010000 20.29590000 -0.90390000
v 0.36370000 20.40050000 -0.80110000
v 0.47490000 20.35650000 -0.75760000
v 0.57620000 20.30060000 -0.69960000
v 0.58750000 20.20740000 -0.78850000
v 0.46280000 20.43710000 -0.64640000
v 0.56250000 20.38050000 -0.60000000
v 0.35500000 20.48440000 -0.68120000
v 0.24900000 20.32110000 -0.93650000
v 0.24490000 20.42930000 -0.82890000
v 0.12070000 20.53390000 -0.71530000
v -0.00000000 20.53920000 -0.71890000
v 0.11830000 20.59830000 -0.57560000
v 0.11710000 20.64710000 -0.43340000
v 0.23460000 20.57990000 -0.56570000
v 0.23100000 20.62500000 -0.42180000
v 0.34090000 20.59350000 -0.40960000
v 0.34640000 20.54720000 -0.54920000
v 0.33990000 20.62170000 -0.26320000
v 0.44230000 20.58180000 -0.25480000
v 0.44480000 20.55380000 -0.39470000
v 0.53490000 20.53130000 -0.24550000
v 0.53960000 20.50320000 -0.37420000
v 0.44680000 20.58600000 -0.11190000
v 0.54150000 20.53270000 -0.11390000
v 0.34290000 20.62890000 -0.11330000
v 0.23040000 20.65270000 -0.27190000
v 0.23240000 20.66180000 -0.11600000
v 0.45200000 20.50290000 -0.52530000
v 0.55010000 20.44960000 -0.49220000
v 0.24000000 20.51700000 -0.70390000
v -0.72310000 19.43670000 -0.85200000
v -0.65970000 19.45600000 -0.95450000
v -0.36620000 19.62840000 -1.14630000
v -0.96580000 16.11500000 0.76820000
v -0.85020000 16.11050000 0.79920000
v -1.08780000 16.01670000 0.78090000
v -0.97520000 16.01690000 0.81240000
v -0.86350000 16.01240000 0.84250000
v -0.73720000 16.10330000 0.82650000
v -0.62780000 16.09490000 0.85040000
v 0.78410000 15.81210000 0.94920000
v 2.35500000 16.64120000 -1.52250000
v 2.40710000 16.72820000 -1.44030000
v 2.52170000 16.65640000 -1.43760000
v 2.46500000 16.80230000 -1.33930000
v 2.57960000 16.72340000 -1.33610000
v 2.52200000 16.85610000 -1.21700000
v 2.63260000 16.76770000 -1.21210000
v 2.68610000 16.63160000 -1.33240000
v 2.73280000 16.66730000 -1.20760000
v 2.82390000 16.55910000 -1.20290000
v 2.78390000 16.52900000 -1.32780000
v 2.85300000 16.57290000 -1.06180000
v 2.92960000 16.45980000 -1.06030000
v 2.76870000 16.68370000 -1.06520000
v 2.70750000 16.79440000 -0.91490000
v 2.67540000 16.78950000 -1.06960000
v 2.57090000 16.88610000 -1.07550000
v 2.60810000 16.89600000 -0.92130000
v 2.99820000 16.34490000 -1.06050000
v 2.62990000 16.57220000 -1.43360000
v 2.45440000 16.96850000 -1.08260000
v 2.49640000 16.98610000 -0.93040000
v 2.52130000 16.98450000 -0.77160000
v 2.62860000 16.88760000 -0.75980000
v 2.72400000 16.78220000 -0.75200000
v 2.52630000 16.96610000 -0.61230000
v 0.85800000 19.97580000 -0.12820000
v 0.72810000 20.24960000 -0.46800000
v 0.65110000 20.31610000 -0.54000000
v 0.63700000 20.38770000 -0.44570000
v 0.71100000 20.32350000 -0.38310000
v 0.62180000 20.44400000 -0.34460000
v 0.68850000 20.38480000 -0.29780000
v 0.73810000 20.33370000 -0.22650000
v 0.66710000 20.42290000 -0.23190000
v 0.69130000 20.40140000 -0.16160000
v 0.62450000 20.46990000 -0.12550000
v 0.64430000 20.44010000 -0.01550000
v 0.55490000 20.50960000 0.01340000
v 0.56700000 20.46640000 0.13380000
v 0.46330000 20.52700000 0.15940000
v 0.45540000 20.56760000 0.02740000
v 0.61450000 20.47290000 -0.23690000
v 0.98310000 15.92130000 0.85480000
v 1.71210000 17.15350000 -0.16870000
v 2.27010000 17.11610000 -0.51560000
v -0.36000000 20.45110000 0.43610000
v -0.24230000 20.48210000 0.45620000
v -0.12140000 20.49580000 0.46550000
v -0.12070000 20.57050000 0.33280000
v -0.00000000 20.49940000 0.46810000
v -0.00000000 20.57600000 0.33540000
v 0.12140000 20.49580000 0.46550000
v 0.12070000 20.57050000 0.33270000
v 0.24070000 20.55360000 0.32460000
v 0.24240000 20.48220000 0.45620000
v 0.23830000 20.61090000 0.18580000
v 0.11980000 20.63080000 0.19150000
v 0.23520000 20.64740000 0.03810000
v 0.34780000 20.61270000 0.03430000
v 0.35340000 20.57610000 0.17560000
v -0.00000000 20.63820000 0.19350000
v -0.11980000 20.63070000 0.19150000
v 0.12170000 20.40910000 0.59040000
v 0.00000000 20.41190000 0.59300000
v -0.12170000 20.40910000 0.59040000
v 0.00000000 20.30920000 0.70390000
v 0.12170000 20.30620000 0.70150000
v -0.24260000 20.39650000 0.57960000
v -1.38313700 16.20690600 -1.72901400
v -1.44751400 16.21075200 -1.71336400
v -1.50349300 16.21431700 -1.69953500
v -1.44751400 16.21075200 -1.71336400
v -1.54379700 16.21702900 -1.68952800
v -1.50349300 16.21431700 -1.69953500
v -1.69134800 16.22614900 -1.64419200
v -1.74578700 16.23035200 -1.62927700
v -1.76844400 16.23225900 -1.62346800
v -1.74578700 16.23035200 -1.62927700
v -1.69134800 16.22614900 -1.64419200
v -1.63449800 16.22231700 -1.66115300
v -1.60408900 16.22043400 -1.67049900
v -1.63449800 16.22231700 -1.66115300
v -1.54379700 16.21702900 -1.68952800
v -1.60408900 16.22043400 -1.67049900
v -1.34397200 16.20461800 -1.73803500
v -1.38313700 16.20690600 -1.72901400
v -1.17303200 16.19424100 -1.76909400
v -1.23389000 16.19782900 -1.75877000
v -1.01367000 16.18518200 -1.79127600
v -1.03581500 16.18640400 -1.78858000
v -1.17303200 16.19424100 -1.76909400
v -1.03581500 16.18640400 -1.78858000
v -1.34397200 16.20461800 -1.73803500
v -1.23389000 16.19782900 -1.75877000
v -0.86470600 16.17698800 -1.80490500
v -0.73404600 16.17010900 -1.81161900
v -0.55206600 16.15773300 -1.79791700
v -0.59390100 16.16110100 -1.80451000
v -0.55206600 16.15773300 -1.79791700
v -0.47399700 16.15215500 -1.78712700
v -0.71858100 16.16916800 -1.81142500
v -0.72340800 16.16954100 -1.81185700
v -0.71858100 16.16916800 -1.81142500
v -0.59390100 16.16110100 -1.80451000
v -0.72340800 16.16954100 -1.81185700
v -0.73404600 16.17010900 -1.81161900
v -0.98416500 16.18347000 -1.79421300
v -1.01367000 16.18518200 -1.79127600
v -0.98416500 16.18347000 -1.79421300
v -0.86470600 16.17698800 -1.80490500
v -0.26556800 16.13406800 -1.73293900
v -0.32412100 16.13947200 -1.75122900
v -0.36343600 16.14318300 -1.76317900
v -0.32412100 16.13947200 -1.75122900
v -0.47399700 16.15215500 -1.78712700
v -0.41903400 16.14764800 -1.77556600
v -0.36343600 16.14318300 -1.76317900
v -0.41903400 16.14764800 -1.77556600
v -0.18237100 16.12523700 -1.69957500
v -0.23886300 16.13121400 -1.72241800
v -0.26556800 16.13406800 -1.73293900
v -0.23886300 16.13121400 -1.72241800
v -0.12755300 16.11918600 -1.67515900
v -0.18237100 16.12523700 -1.69957500
v -0.12755300 16.11918600 -1.67515900
v -0.11282500 16.11765100 -1.66882600
v -2.49111100 16.35012800 -1.59955700
v -2.57576300 16.36132700 -1.57247400
v -2.36092300 16.33058200 -1.62556300
v -2.43080900 16.34229700 -1.61792400
v 0.41897800 16.14765700 -1.77561400
v 0.47395300 16.15216300 -1.78717200
v 0.41897800 16.14765700 -1.77561400
v 0.36338000 16.14319400 -1.76323500
v 0.59390200 16.16110700 -1.80453800
v 0.55203700 16.15773900 -1.79795300
v 0.47395300 16.15216300 -1.78717200
v 0.55203700 16.15773900 -1.79795300
v 0.59390200 16.16110700 -1.80453800
v 0.71858200 16.16916900 -1.81142900
v 0.72340800 16.16954100 -1.81185700
v 0.71858200 16.16916900 -1.81142900
v 0.23878900 16.13122700 -1.72248200
v 0.26550200 16.13408100 -1.73300500
v 0.23878900 16.13122700 -1.72248200
v 0.18229600 16.12523600 -1.69957500
v 0.32405500 16.13948300 -1.75128600
v 0.36338000 16.14319400 -1.76323500
v 0.32405500 16.13948300 -1.75128600
v 0.26550200 16.13408100 -1.73300500
v 0.73404200 16.17011100 -1.81162700
v 0.86472000 16.17700800 -1.80499100
v 0.86472000 16.17700800 -1.80499100
v 0.98444900 16.18355900 -1.79451700
v 1.01380000 16.18527500 -1.79165200
v 0.98444900 16.18355900 -1.79451700
v -2.26852000 15.93421600 0.09832300
v -2.26288100 15.93315500 0.09850200
v -2.29214500 15.93896000 0.09635100
v -2.26852000 15.93421600 0.09832300
v -2.36308000 15.95422300 0.08701400
v -2.39931400 15.96275700 0.07959700
v -2.29214500 15.93896000 0.09635100
v -2.36308000 15.95422300 0.08701400
v -2.18096700 15.91506600 0.11453800
v -2.16765000 15.91211800 0.11741200
v -2.18096700 15.91506600 0.11453800
v -2.26288100 15.93315500 0.09850200
v -1.80269700 15.76674900 0.51472400
v -1.86246600 15.79372500 0.43193500
v -1.80269700 15.76674900 0.51472400
v -1.79273400 15.76220900 0.52885000
v -1.86246600 15.79372500 0.43193500
v -1.89922600 15.81011800 0.38256300
v -1.79273400 15.76220900 0.52885000
v -1.78656500 15.75954500 0.53694300
v -1.92300200 15.82277900 0.34153800
v -1.89922600 15.81011800 0.38256300
v -2.03418400 15.87168000 0.19925500
v -2.04353600 15.87472500 0.19234700
v -2.09450200 15.89246000 0.15008000
v -2.04353600 15.87472500 0.19234700
v -2.10448500 15.89528600 0.14485600
v -2.09450200 15.89246000 0.15008000
v -2.10448500 15.89528600 0.14485600
v -2.16765000 15.91211800 0.11741200
v -2.03180100 15.87073800 0.20177500
v -2.03418400 15.87168000 0.19925500
v -2.03180100 15.87073800 0.20177500
v -1.97740000 15.84862100 0.26265100
v -1.46820400 15.66129300 0.79514600
v -1.50621700 15.67129300 0.77024700
v -1.50621700 15.67129300 0.77024700
v -1.54342000 15.68112500 0.74618400
v -1.58907700 15.69431500 0.71223400
v -1.56596700 15.68766100 0.72922300
v -1.56596700 15.68766100 0.72922300
v -1.54342000 15.68112500 0.74618400
v -1.44863900 15.65627800 0.80756500
v -1.43261800 15.65214100 0.81797700
v -1.46820400 15.66129300 0.79514600
v -1.44863900 15.65627800 0.80756500
v -1.58907700 15.69431500 0.71223400
v -1.62490500 15.70486500 0.68521800
v -1.62490500 15.70486500 0.68521800
v -1.66494000 15.71675700 0.65510900
v -1.68415400 15.72306900 0.63811900
v -1.66494000 15.71675700 0.65510900
v -1.69959800 15.72836400 0.62355100
v -1.68415400 15.72306900 0.63811900
v -1.69959800 15.72836400 0.62355100
v -1.78656500 15.75954500 0.53694300
v 0.06614600 15.51299600 1.07808800
v 0.03332000 15.51323500 1.07640600
v -0.00014400 15.51365600 1.07429100
v 0.03332000 15.51323500 1.07640600
v 0.14015000 15.51135100 1.08833800
v 0.11537100 15.51174200 1.08541000
v 0.06614600 15.51299600 1.07808800
v 0.11537100 15.51174200 1.08541000
v -0.22367500 15.50977300 1.10103700
v -0.22778700 15.50972000 1.10161700
v -0.22367500 15.50977300 1.10103700
v -0.14047200 15.51170000 1.08676800
v -0.11557900 15.51204100 1.08405900
v -0.06649900 15.51316500 1.07732800
v -0.11557900 15.51204100 1.08405900
v -0.14047200 15.51170000 1.08676800
v -0.03361500 15.51333300 1.07596500
v -0.00014400 15.51365600 1.07429100
v -0.03361500 15.51333300 1.07596500
v -0.06649900 15.51316500 1.07732800
v 0.22735000 15.50921300 1.10388500
v 0.22359200 15.50926800 1.10332800
v 0.14015000 15.51135100 1.08833800
v 0.22359200 15.50926800 1.10332800
v 0.24266400 15.50912800 1.10558000
v 0.22735000 15.50921300 1.10388500
v 0.24266400 15.50912800 1.10558000
v 0.32177200 15.50913900 1.11364800
v 1.44713400 16.21092500 -1.71434900
v 1.50371000 16.21452800 -1.70037300
v 1.44713400 16.21092500 -1.71434900
v 1.38327200 16.20710600 -1.72985800
v 1.38327200 16.20710600 -1.72985800
v 1.34441400 16.20483000 -1.73878200
v 2.16715400 16.29359100 -1.61694700
v 2.24817800 16.31008600 -1.62688200
v 2.25370700 16.31123100 -1.62756000
v 2.24817800 16.31008600 -1.62688200
v 2.16715400 16.29359100 -1.61694700
v 2.12247600 16.28457400 -1.61080900
v 2.09348300 16.27864300 -1.60607500
v 2.12247600 16.28457400 -1.61080900
v 2.70207800 16.37370000 -1.50750500
v 2.64494800 16.36827500 -1.53838600
v 2.79071400 16.37864200 -1.44144900
v 2.70207800 16.37370000 -1.50750500
v 2.79071400 16.37864200 -1.44144900
v 2.81285600 16.37999800 -1.42505300
v 2.57576300 16.36132700 -1.57247400
v 2.64494800 16.36827500 -1.53838600
v 2.43080900 16.34229700 -1.61792400
v 2.49111100 16.35012800 -1.59955700
v 2.57576300 16.36132700 -1.57247400
v 2.49111100 16.35012800 -1.59955700
v 2.43080900 16.34229700 -1.61792400
v 2.36092600 16.33059200 -1.62560700
v 2.26109300 16.31274300 -1.62837000
v 2.36092600 16.33059200 -1.62560700
v 2.26109300 16.31274300 -1.62837000
v 2.25370700 16.31123100 -1.62756000
v 2.93146400 16.36940800 -1.25304000
v 2.89874500 16.37688900 -1.32172700
v 2.93146400 16.36940800 -1.25304000
v 2.95809900 16.36357400 -1.19800100
v 2.89874500 16.37688900 -1.32172700
v 2.82849300 16.37972300 -1.40776700
v 2.04444100 15.87491100 0.19217400
v 2.09492600 15.89252600 0.15010200
v 2.04444100 15.87491100 0.19217400
v 2.03466500 15.87172100 0.19942300
v 2.60227100 16.01045500 0.04735100
v 2.56519200 15.99972300 0.06129500
v 2.69569500 16.03652500 0.01884600
v 2.60227100 16.01045500 0.04735100
v 2.47364000 15.97887400 0.07218800
v 2.56519200 15.99972300 0.06129500
v 2.39965400 15.96286100 0.07942100
v 2.47364000 15.97887400 0.07218800
v 2.39965400 15.96286100 0.07942100
v 2.36330800 15.95431400 0.08679400
v 2.36330800 15.95431400 0.08679400
v 2.29216400 15.93899600 0.09620300
v 2.26323000 15.93325600 0.09832800
v 2.18126200 15.91516000 0.11434700
v 2.16799100 15.91221600 0.11723500
v 2.18126200 15.91516000 0.11434700
v 2.09492600 15.89252600 0.15010200
v 2.10485900 15.89534900 0.14485700
v 2.16799100 15.91221600 0.11723500
v 2.10485900 15.89534900 0.14485700
v 2.03466500 15.87172100 0.19942300
v 2.03216800 15.87073300 0.20207000
v 1.97794500 15.84866500 0.26284300
v 2.03216800 15.87073300 0.20207000
v 1.92358600 15.82281700 0.34177300
v 1.94493200 15.83307900 0.31014300
v 1.97794500 15.84866500 0.26284300
v 1.94493200 15.83307900 0.31014300
v 1.89993100 15.81019200 0.38271600
v 1.92358600 15.82281700 0.34177300
v 1.89993100 15.81019200 0.38271600
v 1.86308300 15.79374600 0.43225900
v 1.66568600 15.71685700 0.65510700
v 1.62534000 15.70489200 0.68535100
v 1.62534000 15.70489200 0.68535100
v 1.58927000 15.69427800 0.71251400
v 1.78725600 15.75962700 0.53701800
v 1.70004800 15.72835300 0.62388100
v -2.12247600 16.28453800 -1.61064600
v -2.09348600 16.27860500 -1.60589700
v -2.12247600 16.28453800 -1.61064600
v -2.16715400 16.29356900 -1.61685100
v -2.03490900 16.26764500 -1.60004900
v -2.09348600 16.27860500 -1.60589700
v -2.03490900 16.26764500 -1.60004900
v -2.02690200 16.26611200 -1.59899600
v -1.84282900 16.23964000 -1.60817700
v -1.83786600 16.23901900 -1.60867800
v -1.84282900 16.23964000 -1.60817700
v -1.90213300 16.24670400 -1.59990600
v -1.90224300 16.24672000 -1.59990400
v -1.90213300 16.24670400 -1.59990600
v -1.90224300 16.24672000 -1.59990400
v -1.96414500 16.25561700 -1.59682700
v -1.78306600 16.23374000 -1.62075900
v -1.76844400 16.23225900 -1.62346800
v -1.78306600 16.23374000 -1.62075900
v -1.83786600 16.23901900 -1.60867800
v -1.96451100 16.25568000 -1.59685400
v -1.96414500 16.25561700 -1.59682700
v -1.96451100 16.25568000 -1.59685400
v -2.02690200 16.26611200 -1.59899600
v -2.64494800 16.36827500 -1.53838600
v -2.70207800 16.37370000 -1.50750500
v -2.82847600 16.37970800 -1.40771500
v -2.81287100 16.37998100 -1.42496000
v -2.82847600 16.37970800 -1.40771500
v -2.89874500 16.37688900 -1.32172700
v -2.95809900 16.36357400 -1.19800100
v -2.93146400 16.36940800 -1.25304000
v -2.89874500 16.37688900 -1.32172700
v -2.93146400 16.36940800 -1.25304000
v -2.99723500 16.34416700 -1.06740800
v -2.95809900 16.36357400 -1.19800100
v -2.81287100 16.37998100 -1.42496000
v -2.79076700 16.37862900 -1.44133800
v -2.70207800 16.37370000 -1.50750500
v -2.79076700 16.37862900 -1.44133800
v -2.49111100 16.35012800 -1.59955700
v -2.43080900 16.34229700 -1.61792400
v -2.64494800 16.36827500 -1.53838600
v -2.57576300 16.36132700 -1.57247400
v -2.47337800 15.97879500 0.07231400
v -2.39931400 15.96275700 0.07959700
v -2.56494400 15.99974500 0.06096700
v -2.47337800 15.97879500 0.07231400
v -2.56494400 15.99974500 0.06096700
v -2.60168500 16.01043000 0.04691000
v -2.60168500 16.01043000 0.04691000
v -2.69447000 16.03643300 0.01806300
v -2.73807200 16.04907800 0.00365400
v -2.69447000 16.03643300 0.01806300
v -2.75258000 16.05335200 -0.00129300
v -2.73807200 16.04907800 0.00365400
v -2.75258000 16.05335200 -0.00129300
v -2.85345800 16.09672300 -0.09560900
v -2.88584000 16.11078000 -0.12571300
v -2.85345800 16.09672300 -0.09560900
v -0.34104300 15.51015100 1.11137200
v -0.32226800 15.50972800 1.11102800
v -0.34104300 15.51015100 1.11137200
v -0.42315900 15.51274000 1.11101100
v -0.22778700 15.50972000 1.10161700
v -0.24464900 15.50964300 1.10341300
v -0.83779800 15.54511700 1.05890700
v -0.74374600 15.53595300 1.07351400
v -0.83779800 15.54511700 1.05890700
v -0.84841100 15.54629200 1.05682100
v -0.84841100 15.54629200 1.05682100
v -0.94145200 15.55817600 1.03307800
v -0.71268000 15.53322100 1.07770500
v -0.74374600 15.53595300 1.07351400
v -0.71268000 15.53322100 1.07770500
v -0.63626300 15.52666700 1.08875500
v -0.58646900 15.52280300 1.09524900
v -0.52858300 15.51865000 1.10239000
v -0.58646900 15.52280300 1.09524900
v -0.63626300 15.52666700 1.08875500
v -0.32226800 15.50972800 1.11102800
v -0.24464900 15.50964300 1.10341300
v -0.46224600 15.51473600 1.10823000
v -0.52858300 15.51865000 1.10239000
v -0.46224600 15.51473600 1.10823000
v -0.42315900 15.51274000 1.11101100
v -0.94697700 15.55891200 1.03162900
v -0.94650600 15.55885400 1.03173200
v -0.94650600 15.55885400 1.03173200
v -0.94145200 15.55817600 1.03307800
v -1.15120800 15.59217600 0.95834100
v -1.12219200 15.58707600 0.96952800
v -1.12219200 15.58707600 0.96952800
v -1.11947700 15.58661200 0.97053300
v -1.28569700 15.61839700 0.89874200
v -1.25802700 15.61236600 0.91336100
v -1.28569700 15.61839700 0.89874200
v -1.33626700 15.62935200 0.87305600
v -1.23991500 15.60879200 0.92138100
v -1.25802700 15.61236600 0.91336100
v -1.23991500 15.60879200 0.92138100
v -1.19156100 15.59940300 0.94268000
v -1.18818800 15.59879300 0.94399400
v -1.19156100 15.59940300 0.94268000
v -1.15120800 15.59217600 0.95834100
v -1.18818800 15.59879300 0.94399400
v -1.33907100 15.63002000 0.87138500
v -1.33626700 15.62935200 0.87305600
v -1.34313600 15.63096200 0.86908500
v -1.33907100 15.63002000 0.87138500
v -1.39069500 15.64219600 0.84165900
v -1.43261800 15.65214100 0.81797700
v -1.34313600 15.63096200 0.86908500
v -1.39069500 15.64219600 0.84165900
v -1.11947700 15.58661200 0.97053300
v -1.11683800 15.58617400 0.97145200
v -1.03755800 15.57296900 1.00041800
v -1.11683800 15.58617400 0.97145200
v -1.03755800 15.57296900 1.00041800
v -1.03408700 15.57244400 1.00149500
v -0.94697700 15.55891200 1.03162900
v -1.03408700 15.57244400 1.00149500
v 1.23383200 16.19797900 -1.75947700
v 1.17333400 16.19438600 -1.76962500
v 1.03576700 16.18649400 -1.78900700
v 1.17333400 16.19438600 -1.76962500
v 1.03576700 16.18649400 -1.78900700
v 1.01380000 16.18527500 -1.79165200
v 1.50371000 16.21452800 -1.70037300
v 1.54444500 16.21726500 -1.69023700
v 1.60436500 16.22064200 -1.67128600
v 1.54444500 16.21726500 -1.69023700
v 1.90239000 16.24683100 -1.60030900
v 1.90256900 16.24685800 -1.60030700
v 1.96441600 16.25572600 -1.59713200
v 1.90256900 16.24685800 -1.60030700
v 1.83815300 16.23917100 -1.60917500
v 1.84324000 16.23980400 -1.60864900
v 1.90239000 16.24683100 -1.60030900
v 1.84324000 16.23980400 -1.60864900
v 1.76882700 16.23245800 -1.62412800
v 1.78351400 16.23394200 -1.62138800
v 1.83815300 16.23917100 -1.60917500
v 1.78351400 16.23394200 -1.62138800
v 1.63466000 16.22250600 -1.66191700
v 1.60436500 16.22064200 -1.67128600
v 1.63466000 16.22250600 -1.66191700
v 1.69172900 16.22634600 -1.64485400
v 1.74597300 16.23053700 -1.62999900
v 1.69172900 16.22634600 -1.64485400
v 1.74597300 16.23053700 -1.62999900
v 1.76882700 16.23245800 -1.62412800
v 1.23383200 16.19797900 -1.75947700
v 1.34441400 16.20483000 -1.73878200
v 2.85471600 16.09684900 -0.09487700
v 2.75352200 16.05329700 -0.00010000
v 2.85471600 16.09684900 -0.09487700
v 2.88683500 16.11082600 -0.12488000
v 2.69569500 16.03652500 0.01884600
v 2.73906600 16.04905600 0.00474500
v 2.75352200 16.05329700 -0.00010000
v 2.26880700 15.93430900 0.09813900
v 2.29216400 15.93899600 0.09620300
v 2.26323000 15.93325600 0.09832800
v 2.26880700 15.93430900 0.09813900
v 0.32177200 15.50913900 1.11364800
v 0.34101600 15.50958400 1.11394300
v 0.42265400 15.51217400 1.11350800
v 0.34101600 15.50958400 1.11394300
v 0.52803500 15.51816100 1.10450800
v 0.46232000 15.51423300 1.11052900
v 0.42265400 15.51217400 1.11350800
v 0.46232000 15.51423300 1.11052900
v 0.63582300 15.52627600 1.09043200
v 0.58643000 15.52240300 1.09705800
v 0.52803500 15.51816100 1.10450800
v 0.58643000 15.52240300 1.09705800
v 0.84799500 15.54605000 1.05779000
v 0.83767700 15.54490100 1.05985200
v 0.74329600 15.53564400 1.07479800
v 0.83767700 15.54490100 1.05985200
v 0.63582300 15.52627600 1.09043200
v 0.71265400 15.53293300 1.07900900
v 0.74329600 15.53564400 1.07479800
v 0.71265400 15.53293300 1.07900900
v 0.93938200 15.55779600 1.03409800
v 0.94601900 15.55869100 1.03230300
v 0.94601900 15.55869100 1.03230300
v 0.94663000 15.55876800 1.03216700
v 1.11936200 15.58656100 0.97071800
v 1.12202700 15.58701700 0.96973100
v 1.12202700 15.58701700 0.96973100
v 1.15093500 15.59210000 0.95857200
v 1.33650600 15.62937200 0.87308400
v 1.33923200 15.63002000 0.87146100
v 1.33923200 15.63002000 0.87146100
v 1.34318300 15.63093500 0.86923000
v 1.25806000 15.61234900 0.91345400
v 1.28574600 15.61838400 0.89882400
v 1.33650600 15.62937200 0.87308400
v 1.28574600 15.61838400 0.89882400
v 1.39086900 15.64219800 0.84173800
v 1.34318300 15.63093500 0.86923000
v 1.43294200 15.65218500 0.81794300
v 1.39086900 15.64219800 0.84173800
v 1.43294200 15.65218500 0.81794300
v 1.44880400 15.65628400 0.80762300
v 1.44880400 15.65628400 0.80762300
v 1.46817900 15.66124600 0.79534400
v 1.18820600 15.59877100 0.94409900
v 1.15093500 15.59210000 0.95857200
v 1.19156200 15.59937900 0.94278900
v 1.18820600 15.59877100 0.94409900
v 1.25806000 15.61234900 0.91345400
v 1.23991500 15.60877000 0.92148100
v 1.19156200 15.59937900 0.94278900
v 1.23991500 15.60877000 0.92148100
v 1.03382600 15.57234300 1.00185700
v 0.94663000 15.55876800 1.03216700
v 1.03382600 15.57234300 1.00185700
v 1.03738900 15.57288300 1.00074400
v 1.11676500 15.58612900 0.97162500
v 1.03738900 15.57288300 1.00074400
v 1.11676500 15.58612900 0.97162500
v 1.11936200 15.58656100 0.97071800
v 0.04481600 16.11212500 -1.64566000
v 0.00000000 16.11058700 -1.63903200
v 0.04481600 16.11212500 -1.64566000
v 0.05366600 16.11243300 -1.64690000
v 0.16468700 16.12332800 -1.69201600
v 0.11282500 16.11765100 -1.66882600
v 0.16468700 16.12332800 -1.69201600
v 0.18229600 16.12523600 -1.69957500
v 0.05366600 16.11243300 -1.64690000
v 0.06370600 16.11326700 -1.65047600
v 0.11282500 16.11765100 -1.66882600
v 0.06370600 16.11326700 -1.65047600
v 0.00000000 16.11058700 -1.63903200
v -0.04481600 16.11212500 -1.64566000
v -0.05366700 16.11243300 -1.64689800
v -0.04481600 16.11212500 -1.64566000
v -0.11282500 16.11765100 -1.66882600
v -0.10099400 16.11662300 -1.66461500
v -0.05366700 16.11243300 -1.64689800
v -0.10099400 16.11662300 -1.66461500
v -2.25370700 16.31123000 -1.62755500
v -2.26109500 16.31274200 -1.62836200
v -2.24817600 16.31008400 -1.62687400
v -2.16715400 16.29356900 -1.61685100
v -2.24817600 16.31008400 -1.62687400
v -2.25370700 16.31123000 -1.62755500
v -2.36092300 16.33058200 -1.62556300
v -2.26109500 16.31274200 -1.62836200
v -1.94443300 15.83307300 0.30981700
v -1.97740000 15.84862100 0.26265100
v -1.94443300 15.83307300 0.30981700
v -1.92300200 15.82277900 0.34153800
v 0.73404200 16.17011100 -1.81162700
v 0.72340800 16.16954100 -1.81185700
v 1.96441600 16.25572600 -1.59713200
v 1.96484700 16.25580100 -1.59716200
v 2.02708100 16.26618500 -1.59919200
v 1.96484700 16.25580100 -1.59716200
v 2.02708100 16.26618500 -1.59919200
v 2.03512300 16.26772400 -1.60024900
v 2.09348300 16.27864300 -1.60607500
v 2.03512300 16.26772400 -1.60024900
v 2.81285600 16.37999800 -1.42505300
v 2.82849300 16.37972300 -1.40776700
v 2.95809900 16.36357400 -1.19800100
v 2.99723500 16.34416700 -1.06740800
v 1.56642200 15.68769900 0.72930800
v 1.58927000 15.69427800 0.71251400
v 1.54405300 15.68123400 0.74604300
v 1.78725600 15.75962700 0.53701800
v 1.79326400 15.76222500 0.52912300
v 1.79326400 15.76222500 0.52912300
v 1.80298200 15.76664800 0.51537200
v 1.86308300 15.79374600 0.43225900
v 1.80298200 15.76664800 0.51537200
v 1.54405300 15.68123400 0.74604300
v 1.50648700 15.67131400 0.77030000
v 1.50648700 15.67131400 0.77030000
v 1.46817900 15.66124600 0.79534400
v 1.68472700 15.72310100 0.63832200
v 1.70004800 15.72835300 0.62388100
v 1.66568600 15.71685700 0.65510700
v 1.68472700 15.72310100 0.63832200
v 0.93938200 15.55779600 1.03409800
v 0.84799500 15.54605000 1.05779000
v 0.00143600 15.83080900 -0.36731100
f 1 2 3
f 1 3 4
f 4 3 5
f 4 5 6
f 7 8 6
f 7 6 5
f 9 4 6
f 9 6 10
f 11 1 4
f 11 4 9
f 12 13 1
f 12 1 11
f 9 14 15
f 9 15 11
f 14 3442 3443
f 15 14 3445
f 15 3445 3444
f 16 15 3447
f 16 3447 3446
f 15 16 17
f 17 16 18
f 17 18 19
f 20 21 19
f 20 19 18
f 18 3448 3449
f 20 18 3451
f 20 3451 3450
f 18 16 3453
f 18 3453 3452
f 16 3454 3455
f 11 15 17
f 11 17 12
f 12 17 19
f 12 19 22
f 16 3456 3457
f 14 3458 3459
f 10 3460 3461
f 8 3462 3463
f 10 8 3465
f 10 3465 3464
f 8 10 6
f 14 10 3467
f 14 3467 3466
f 10 14 9
f 23 24 25
f 23 25 13
f 26 27 24
f 26 24 23
f 28 26 23
f 28 23 22
f 27 26 29
f 27 29 30
f 30 29 31
f 30 31 32
f 31 29 33
f 31 33 34
f 33 29 26
f 33 26 28
f 35 24 27
f 35 27 36
f 30 37 36
f 30 36 27
f 22 23 13
f 22 13 12
f 24 35 38
f 24 38 25
f 39 40 38
f 39 38 41
f 40 2 25
f 40 25 38
f 13 25 2
f 13 2 1
f 42 2 40
f 42 40 43
f 42 43 44
f 42 44 45
f 46 44 43
f 46 43 47
f 40 39 47
f 40 47 43
f 48 41 49
f 48 49 50
f 51 52 50
f 51 50 49
f 49 35 36
f 49 36 51
f 35 49 41
f 35 41 38
f 41 48 53
f 41 53 39
f 54 53 48
f 54 48 55
f 55 48 50
f 55 50 56
f 7 57 3469
f 7 3469 3468
f 57 7 58
f 58 59 60
f 58 60 57
f 61 62 59
f 61 59 58
f 61 5 3
f 61 3 63
f 62 61 63
f 62 63 64
f 65 66 64
f 65 64 45
f 66 65 67
f 66 67 68
f 68 67 69
f 68 69 70
f 71 69 67
f 71 67 72
f 65 73 72
f 65 72 67
f 66 74 62
f 66 62 64
f 68 75 74
f 68 74 66
f 45 44 73
f 45 73 65
f 45 64 63
f 45 63 42
f 3 2 42
f 3 42 63
f 5 61 58
f 5 58 7
f 60 59 76
f 60 76 77
f 78 79 77
f 78 77 76
f 60 3470 3471
f 60 77 3473
f 60 3473 3472
f 57 3474 3475
f 57 60 3477
f 57 3477 3476
f 57 3478 3479
f 8 3480 3481
f 8 7 3483
f 8 3483 3482
f 80 3484 3485
f 79 80 3487
f 79 3487 3486
f 77 79 3489
f 77 3489 3488
f 79 3490 3491
f 76 74 75
f 76 75 78
f 79 78 81
f 79 81 80
f 80 81 82
f 80 82 83
f 81 84 85
f 81 85 82
f 84 81 78
f 84 78 75
f 84 70 86
f 84 86 85
f 75 68 70
f 75 70 84
f 83 82 87
f 83 87 88
f 88 87 89
f 88 89 90
f 91 89 87
f 91 87 92
f 82 85 92
f 82 92 87
f 83 3492 3493
f 80 83 3495
f 80 3495 3494
f 83 3496 3497
f 83 88 3499
f 83 3499 3498
f 59 62 74
f 59 74 76
f 93 94 95
f 93 95 96
f 94 46 47
f 94 47 95
f 97 98 46
f 97 46 94
f 98 73 44
f 98 44 46
f 73 98 99
f 73 99 72
f 72 99 100
f 72 100 71
f 71 100 101
f 71 101 102
f 100 103 104
f 100 104 101
f 105 103 106
f 105 106 107
f 97 108 107
f 97 107 106
f 108 109 110
f 108 110 107
f 111 112 110
f 111 110 109
f 107 110 113
f 107 113 105
f 112 114 113
f 112 113 110
f 109 108 93
f 109 93 115
f 108 97 94
f 108 94 93
f 116 115 93
f 116 93 96
f 98 97 106
f 98 106 99
f 99 106 103
f 99 103 100
f 117 104 103
f 117 103 105
f 101 104 118
f 101 118 119
f 104 117 120
f 104 120 118
f 120 117 121
f 120 121 122
f 120 123 124
f 120 124 118
f 123 120 122
f 123 122 125
f 119 118 124
f 119 124 126
f 127 128 129
f 127 129 126
f 130 127 126
f 130 126 124
f 131 119 126
f 131 126 129
f 102 101 119
f 102 119 131
f 131 132 133
f 131 133 102
f 69 71 102
f 69 102 133
f 70 69 133
f 70 133 86
f 86 133 132
f 86 132 134
f 134 132 135
f 134 135 136
f 128 137 135
f 128 135 129
f 132 131 129
f 132 129 135
f 136 135 137
f 136 137 138
f 85 86 134
f 85 134 92
f 136 91 92
f 136 92 134
f 96 95 53
f 96 53 54
f 95 47 39
f 95 39 53
f 139 116 96
f 139 96 140
f 141 142 143
f 141 143 140
f 144 145 143
f 144 143 146
f 145 139 140
f 145 140 143
f 147 148 116
f 147 116 139
f 149 150 151
f 149 151 148
f 151 111 109
f 151 109 115
f 150 152 111
f 150 111 151
f 153 154 152
f 153 152 150
f 155 156 154
f 155 154 157
f 154 156 158
f 154 158 152
f 158 159 114
f 158 114 112
f 160 159 158
f 160 158 156
f 152 158 112
f 152 112 111
f 161 160 156
f 161 156 155
f 157 162 163
f 157 163 155
f 164 161 155
f 164 155 163
f 154 153 165
f 154 165 157
f 166 165 153
f 166 153 167
f 166 167 168
f 166 168 169
f 168 167 149
f 168 149 170
f 167 153 150
f 167 150 149
f 162 157 165
f 162 165 171
f 166 172 171
f 166 171 165
f 148 151 115
f 148 115 116
f 170 149 148
f 170 148 147
f 173 147 139
f 173 139 145
f 147 173 174
f 147 174 170
f 175 174 176
f 175 176 177
f 176 174 173
f 176 173 178
f 179 176 178
f 179 178 180
f 180 178 144
f 180 144 181
f 178 173 145
f 178 145 144
f 179 182 177
f 179 177 176
f 183 184 185
f 183 185 182
f 186 183 182
f 186 182 179
f 187 177 182
f 187 182 185
f 169 168 175
f 169 175 188
f 177 187 188
f 177 188 175
f 189 169 188
f 189 188 190
f 190 188 187
f 190 187 191
f 168 170 174
f 168 174 175
f 181 144 146
f 181 146 192
f 193 181 192
f 193 192 194
f 195 193 194
f 195 194 196
f 197 180 181
f 197 181 193
f 186 179 180
f 186 180 197
f 198 186 197
f 198 197 199
f 199 200 201
f 199 201 198
f 202 203 198
f 202 198 201
f 203 204 184
f 203 184 183
f 202 205 204
f 202 204 203
f 198 203 183
f 198 183 186
f 206 202 201
f 206 201 207
f 206 207 208
f 206 208 209
f 210 208 207
f 210 207 211
f 200 211 207
f 200 207 201
f 200 199 195
f 200 195 212
f 212 195 196
f 212 196 213
f 213 196 214
f 213 214 215
f 196 194 216
f 196 216 214
f 211 200 212
f 211 212 217
f 213 218 217
f 213 217 212
f 199 197 193
f 199 193 195
f 219 216 194
f 219 194 192
f 220 221 216
f 220 216 219
f 214 216 221
f 214 221 222
f 215 214 222
f 215 222 223
f 223 222 224
f 223 224 225
f 226 227 225
f 226 225 224
f 228 226 224
f 228 224 229
f 229 224 222
f 229 222 221
f 223 230 231
f 223 231 215
f 215 231 218
f 215 218 213
f 218 231 232
f 218 232 233
f 231 230 234
f 231 234 232
f 225 235 230
f 225 230 223
f 236 235 225
f 236 225 227
f 237 234 230
f 237 230 235
f 235 236 238
f 235 238 237
f 221 220 239
f 221 239 229
f 240 239 220
f 240 220 241
f 242 228 229
f 242 229 239
f 243 242 239
f 243 239 240
f 228 242 244
f 228 244 245
f 242 243 246
f 242 246 244
f 219 247 241
f 219 241 220
f 248 241 247
f 248 247 142
f 146 143 142
f 146 142 247
f 192 146 247
f 192 247 219
f 249 240 241
f 249 241 248
f 240 249 250
f 240 250 243
f 251 250 249
f 251 249 252
f 252 249 248
f 252 248 253
f 142 141 253
f 142 253 248
f 55 253 141
f 55 141 54
f 140 96 54
f 140 54 141
f 254 3500 3501
f 255 3502 3503
f 256 257 258
f 256 258 259
f 260 257 261
f 260 261 262
f 262 261 263
f 262 263 264
f 265 263 261
f 265 261 266
f 257 256 266
f 257 266 261
f 267 268 256
f 267 256 259
f 160 161 269
f 160 269 268
f 256 268 269
f 256 269 266
f 266 269 270
f 266 270 265
f 265 270 271
f 265 271 272
f 273 274 272
f 273 272 271
f 275 276 277
f 275 277 274
f 274 273 278
f 274 278 275
f 274 277 279
f 274 279 272
f 273 271 280
f 273 280 281
f 271 270 164
f 271 164 280
f 281 280 282
f 281 282 283
f 280 164 163
f 280 163 282
f 272 279 263
f 272 263 265
f 161 164 270
f 161 270 269
f 160 268 267
f 160 267 159
f 125 159 267
f 125 267 284
f 285 284 267
f 285 267 259
f 286 284 285
f 286 285 287
f 288 289 290
f 288 290 287
f 287 285 291
f 287 291 288
f 287 290 130
f 287 130 286
f 292 291 285
f 292 285 259
f 291 292 293
f 291 293 294
f 293 292 295
f 293 295 296
f 292 259 258
f 292 258 295
f 286 123 125
f 286 125 284
f 264 263 279
f 264 279 297
f 298 299 300
f 298 300 297
f 301 264 297
f 301 297 300
f 302 262 264
f 302 264 301
f 260 262 302
f 260 302 303
f 303 302 304
f 303 304 305
f 304 306 307
f 304 307 305
f 308 307 306
f 308 306 309
f 307 310 311
f 307 311 305
f 312 310 307
f 312 307 308
f 306 304 313
f 306 313 314
f 315 316 314
f 315 314 313
f 300 315 313
f 300 313 301
f 304 302 301
f 304 301 313
f 317 303 305
f 317 305 311
f 317 318 319
f 317 319 320
f 311 321 318
f 311 318 317
f 320 260 303
f 320 303 317
f 299 322 315
f 299 315 300
f 299 298 323
f 299 323 324
f 276 323 298
f 276 298 277
f 324 323 325
f 324 325 326
f 325 327 328
f 325 328 329
f 327 330 331
f 327 331 328
f 276 275 330
f 276 330 327
f 327 325 323
f 327 323 276
f 329 332 326
f 329 326 325
f 333 334 332
f 333 332 329
f 335 333 329
f 335 329 328
f 322 299 324
f 322 324 336
f 337 322 336
f 337 336 338
f 338 336 339
f 338 339 340
f 326 339 336
f 326 336 324
f 277 298 297
f 277 297 279
f 320 258 257
f 320 257 260
f 341 342 343
f 341 343 344
f 345 346 347
f 345 347 342
f 348 346 349
f 348 349 350
f 351 352 349
f 351 349 353
f 354 352 355
f 354 355 356
f 356 355 357
f 356 357 358
f 358 357 359
f 358 359 360
f 360 359 361
f 360 361 362
f 362 361 3505
f 362 3505 3504
f 362 3506 3507
f 363 3508 3509
f 361 363 3511
f 361 3511 3510
f 363 364 3513
f 363 3513 3512
f 364 3514 3515
f 362 365 366
f 362 366 360
f 367 366 365
f 367 365 368
f 368 365 3517
f 368 3517 3516
f 368 3518 3519
f 365 362 3521
f 365 3521 3520
f 365 3522 3523
f 369 358 360
f 369 360 366
f 361 359 370
f 361 370 363
f 357 371 370
f 357 370 359
f 370 371 372
f 370 372 373
f 372 371 374
f 372 374 375
f 371 357 355
f 371 355 374
f 363 370 373
f 363 373 364
f 356 376 377
f 356 377 354
f 369 378 379
f 369 379 376
f 380 377 376
f 380 376 379
f 354 377 381
f 354 381 350
f 377 380 382
f 377 382 381
f 350 381 383
f 350 383 348
f 381 382 384
f 381 384 383
f 352 354 350
f 352 350 349
f 385 380 379
f 385 379 386
f 387 386 388
f 387 388 389
f 389 388 390
f 389 390 391
f 367 390 388
f 367 388 378
f 386 379 378
f 386 378 388
f 138 387 389
f 138 389 392
f 386 387 393
f 386 393 385
f 387 138 137
f 387 137 393
f 358 369 376
f 358 376 356
f 374 355 352
f 374 352 351
f 353 394 395
f 353 395 351
f 396 397 395
f 396 395 394
f 398 399 396
f 398 396 394
f 400 396 399
f 400 399 401
f 402 397 396
f 402 396 400
f 401 403 404
f 401 404 400
f 405 406 403
f 405 403 401
f 407 405 401
f 407 401 399
f 399 398 341
f 399 341 407
f 342 341 398
f 342 398 345
f 345 398 394
f 345 394 353
f 351 395 375
f 351 375 374
f 395 397 408
f 395 408 375
f 372 375 408
f 372 408 409
f 373 372 409
f 373 409 410
f 410 409 411
f 410 411 412
f 364 410 3525
f 364 3525 3524
f 410 364 373
f 410 412 3527
f 410 3527 3526
f 412 3528 3529
f 409 408 413
f 409 413 411
f 411 413 414
f 411 414 415
f 416 414 413
f 416 413 417
f 408 397 417
f 408 417 413
f 353 349 346
f 353 346 345
f 346 348 418
f 346 418 347
f 419 418 348
f 419 348 383
f 420 421 419
f 420 419 422
f 418 419 421
f 418 421 423
f 423 421 293
f 423 293 296
f 423 424 347
f 423 347 418
f 424 343 342
f 424 342 347
f 343 424 425
f 343 425 426
f 318 426 425
f 318 425 319
f 343 426 427
f 343 427 344
f 426 318 321
f 426 321 427
f 319 425 296
f 319 296 295
f 424 423 296
f 424 296 425
f 294 293 421
f 294 421 420
f 294 420 288
f 294 288 291
f 422 289 288
f 422 288 420
f 289 422 384
f 289 384 428
f 428 429 290
f 428 290 289
f 430 431 429
f 430 429 428
f 385 393 431
f 385 431 430
f 380 385 430
f 380 430 382
f 428 384 382
f 428 382 430
f 127 130 290
f 127 290 429
f 127 429 431
f 127 431 128
f 383 384 422
f 383 422 419
f 407 341 344
f 407 344 432
f 405 407 432
f 405 432 433
f 433 434 406
f 433 406 405
f 435 436 434
f 435 434 433
f 437 438 439
f 437 439 436
f 440 441 439
f 440 439 442
f 442 443 444
f 442 444 440
f 445 446 444
f 445 444 447
f 448 449 446
f 448 446 445
f 450 448 445
f 450 445 451
f 452 453 448
f 452 448 450
f 453 454 449
f 453 449 448
f 455 451 456
f 455 456 457
f 451 445 447
f 451 447 456
f 451 455 458
f 451 458 450
f 446 459 440
f 446 440 444
f 459 460 441
f 459 441 440
f 434 441 460
f 434 460 406
f 406 460 461
f 406 461 403
f 460 459 462
f 460 462 461
f 449 462 459
f 449 459 446
f 447 444 443
f 447 443 463
f 464 465 463
f 464 463 443
f 456 447 463
f 456 463 466
f 466 467 457
f 466 457 456
f 467 466 468
f 467 468 469
f 466 463 465
f 466 465 468
f 465 464 470
f 465 470 471
f 464 472 473
f 464 473 470
f 471 470 474
f 471 474 475
f 476 474 470
f 476 470 473
f 443 442 472
f 443 472 464
f 442 439 438
f 442 438 472
f 472 438 477
f 472 477 473
f 478 476 473
f 478 473 477
f 479 480 478
f 479 478 481
f 482 483 480
f 482 480 479
f 480 484 476
f 480 476 478
f 483 485 484
f 483 484 480
f 486 479 481
f 486 481 487
f 488 489 487
f 488 487 481
f 477 488 481
f 477 481 478
f 438 437 488
f 438 488 477
f 489 488 437
f 489 437 490
f 490 491 492
f 490 492 489
f 435 493 491
f 435 491 490
f 490 437 436
f 490 436 435
f 441 434 436
f 441 436 439
f 433 432 493
f 433 493 435
f 494 493 432
f 494 432 344
f 493 494 495
f 493 495 491
f 496 492 491
f 496 491 495
f 492 496 497
f 492 497 498
f 499 500 498
f 499 498 497
f 489 492 498
f 489 498 487
f 487 498 500
f 487 500 486
f 501 502 486
f 501 486 500
f 503 504 502
f 503 502 501
f 504 505 482
f 504 482 502
f 506 507 505
f 506 505 504
f 505 508 483
f 505 483 482
f 508 505 507
f 508 507 509
f 502 482 479
f 502 479 486
f 504 503 510
f 504 510 506
f 511 510 512
f 511 512 513
f 512 510 503
f 512 503 514
f 515 506 510
f 515 510 511
f 514 503 501
f 514 501 516
f 517 514 516
f 517 516 518
f 519 520 521
f 519 521 518
f 518 516 499
f 518 499 519
f 518 521 522
f 518 522 517
f 516 501 500
f 516 500 499
f 519 499 497
f 519 497 523
f 496 524 523
f 496 523 497
f 524 525 526
f 524 526 523
f 527 526 525
f 527 525 528
f 527 528 529
f 527 529 530
f 308 529 528
f 308 528 312
f 530 529 531
f 530 531 532
f 529 308 309
f 529 309 531
f 526 527 533
f 526 533 520
f 533 527 530
f 533 530 534
f 528 525 535
f 528 535 312
f 536 310 312
f 536 312 535
f 535 537 538
f 535 538 536
f 525 524 537
f 525 537 535
f 524 496 495
f 524 495 537
f 523 526 520
f 523 520 519
f 537 495 494
f 537 494 538
f 538 494 344
f 538 344 427
f 539 540 541
f 539 541 542
f 540 543 544
f 540 544 541
f 545 546 544
f 545 544 547
f 548 545 547
f 548 547 549
f 550 548 549
f 550 549 551
f 550 551 552
f 550 552 553
f 554 555 556
f 554 556 552
f 553 552 556
f 553 556 557
f 558 559 557
f 558 557 560
f 560 561 562
f 560 562 558
f 563 562 561
f 563 561 564
f 565 564 561
f 565 561 566
f 561 560 555
f 561 555 566
f 567 568 558
f 567 558 562
f 568 569 559
f 568 559 558
f 560 557 556
f 560 556 555
f 570 553 557
f 570 557 559
f 550 553 571
f 550 571 572
f 571 553 570
f 571 570 573
f 574 572 571
f 574 571 573
f 550 572 575
f 550 575 548
f 554 576 566
f 554 566 555
f 576 577 578
f 576 578 566
f 577 579 580
f 577 580 581
f 582 580 579
f 582 579 583
f 581 580 584
f 581 584 585
f 586 584 580
f 586 580 582
f 579 577 576
f 579 576 587
f 587 588 589
f 587 589 590
f 576 554 588
f 576 588 587
f 579 587 590
f 579 590 583
f 578 577 581
f 578 581 591
f 592 578 591
f 592 591 593
f 591 594 595
f 591 595 593
f 591 581 585
f 591 585 594
f 554 552 596
f 554 596 588
f 597 596 598
f 597 598 599
f 551 549 599
f 551 599 598
f 599 600 601
f 599 601 597
f 600 599 549
f 600 549 547
f 596 552 551
f 596 551 598
f 589 588 596
f 589 596 597
f 546 545 602
f 546 602 603
f 604 605 603
f 604 603 602
f 603 606 607
f 603 607 546
f 607 608 542
f 607 542 541
f 546 607 541
f 546 541 544
f 609 542 608
f 609 608 610
f 611 609 610
f 611 610 612
f 613 611 612
f 613 612 614
f 614 612 615
f 614 615 616
f 612 610 617
f 612 617 615
f 618 619 542
f 618 542 609
f 620 618 609
f 620 609 611
f 621 617 610
f 621 610 608
f 622 623 617
f 622 617 621
f 621 606 624
f 621 624 622
f 606 621 608
f 606 608 607
f 606 603 605
f 606 605 624
f 624 605 567
f 624 567 625
f 626 625 563
f 626 563 627
f 628 626 627
f 628 627 629
f 630 631 632
f 630 632 629
f 633 634 630
f 633 630 629
f 635 636 633
f 635 633 629
f 629 627 637
f 629 637 635
f 638 628 629
f 638 629 632
f 639 623 622
f 639 622 626
f 640 639 626
f 640 626 628
f 622 624 625
f 622 625 626
f 564 637 627
f 564 627 563
f 562 563 625
f 562 625 567
f 568 567 605
f 568 605 604
f 604 602 575
f 604 575 641
f 574 641 575
f 574 575 572
f 604 641 569
f 604 569 568
f 641 574 573
f 641 573 569
f 575 602 545
f 575 545 548
f 543 600 547
f 543 547 544
f 642 601 600
f 642 600 543
f 601 642 643
f 601 643 644
f 645 646 644
f 645 644 643
f 647 648 646
f 647 646 645
f 645 649 650
f 645 650 647
f 651 652 653
f 651 653 650
f 653 654 647
f 653 647 650
f 653 655 656
f 653 656 654
f 655 653 652
f 655 652 657
f 658 651 659
f 658 659 660
f 649 659 651
f 649 651 650
f 652 651 658
f 652 658 661
f 649 645 643
f 649 643 662
f 662 643 642
f 662 642 663
f 664 662 663
f 664 663 665
f 665 663 540
f 665 540 539
f 663 642 543
f 663 543 540
f 659 649 662
f 659 662 664
f 666 582 583
f 666 583 648
f 654 666 648
f 654 648 647
f 667 586 582
f 667 582 666
f 666 654 656
f 666 656 667
f 668 586 667
f 668 667 669
f 669 667 656
f 669 656 670
f 648 583 590
f 648 590 646
f 646 590 589
f 646 589 644
f 644 589 597
f 644 597 601
f 619 671 539
f 619 539 542
f 672 665 539
f 672 539 671
f 673 664 665
f 673 665 672
f 660 659 664
f 660 664 673
f 674 660 673
f 674 673 675
f 676 674 675
f 676 675 677
f 677 675 678
f 677 678 679
f 672 678 675
f 672 675 673
f 679 678 680
f 679 680 681
f 681 680 682
f 681 682 683
f 682 619 618
f 682 618 684
f 683 682 684
f 683 684 685
f 686 683 685
f 686 685 687
f 687 685 688
f 687 688 689
f 685 684 690
f 685 690 688
f 620 690 684
f 620 684 618
f 680 671 619
f 680 619 682
f 691 679 681
f 691 681 692
f 683 686 692
f 683 692 681
f 693 691 692
f 693 692 694
f 695 693 694
f 695 694 696
f 696 694 697
f 696 697 698
f 694 692 686
f 694 686 697
f 679 691 699
f 679 699 677
f 700 699 691
f 700 691 693
f 678 672 671
f 678 671 680
f 701 676 677
f 701 677 699
f 702 703 701
f 702 701 704
f 703 705 676
f 703 676 701
f 705 706 674
f 705 674 676
f 706 658 660
f 706 660 674
f 707 661 658
f 707 658 706
f 708 707 706
f 708 706 705
f 709 661 707
f 709 707 710
f 711 710 707
f 711 707 708
f 712 708 705
f 712 705 703
f 703 702 713
f 703 713 712
f 714 713 702
f 714 702 715
f 716 714 715
f 716 715 717
f 717 715 718
f 717 718 719
f 715 702 704
f 715 704 718
f 720 721 712
f 720 712 713
f 722 720 713
f 722 713 714
f 721 711 708
f 721 708 712
f 704 701 699
f 704 699 700
f 723 724 725
f 723 725 726
f 725 724 727
f 725 727 728
f 729 728 727
f 729 727 730
f 731 728 732
f 731 732 733
f 733 732 734
f 733 734 735
f 736 734 737
f 736 737 738
f 738 737 739
f 738 739 740
f 732 728 729
f 732 729 739
f 730 741 742
f 730 742 729
f 595 594 742
f 595 742 741
f 742 740 739
f 742 739 729
f 585 740 742
f 585 742 594
f 595 741 743
f 595 743 593
f 743 565 592
f 743 592 593
f 637 564 565
f 637 565 743
f 743 741 635
f 743 635 637
f 730 636 635
f 730 635 741
f 724 636 730
f 724 730 727
f 737 734 732
f 737 732 739
f 744 738 740
f 744 740 745
f 668 746 744
f 668 744 745
f 669 747 746
f 669 746 668
f 670 748 747
f 670 747 669
f 736 746 747
f 736 747 749
f 748 750 749
f 748 749 747
f 738 744 746
f 738 746 736
f 668 745 584
f 668 584 586
f 745 740 585
f 745 585 584
f 749 735 734
f 749 734 736
f 750 751 735
f 750 735 749
f 752 753 751
f 752 751 750
f 753 754 755
f 753 755 751
f 756 757 758
f 756 758 755
f 759 760 731
f 759 731 758
f 759 758 757
f 759 757 761
f 758 731 733
f 758 733 755
f 762 756 763
f 762 763 764
f 763 756 755
f 763 755 754
f 762 765 757
f 762 757 756
f 735 751 755
f 735 755 733
f 753 752 766
f 753 766 754
f 767 766 752
f 767 752 768
f 766 767 769
f 766 769 754
f 768 752 750
f 768 750 748
f 770 767 768
f 770 768 771
f 771 768 748
f 771 748 670
f 731 726 725
f 731 725 728
f 760 772 726
f 760 726 731
f 772 773 723
f 772 723 726
f 772 774 638
f 772 638 773
f 760 775 774
f 760 774 772
f 775 776 640
f 775 640 774
f 776 777 639
f 776 639 640
f 778 779 780
f 778 780 777
f 777 776 781
f 777 781 778
f 777 780 623
f 777 623 639
f 782 781 776
f 782 776 775
f 775 760 759
f 775 759 782
f 781 782 783
f 781 783 784
f 782 759 761
f 782 761 783
f 628 638 774
f 628 774 640
f 773 631 630
f 773 630 723
f 723 630 634
f 723 634 724
f 632 631 773
f 632 773 638
f 634 633 636
f 634 636 724
f 785 786 787
f 785 787 788
f 789 787 790
f 789 790 791
f 790 792 793
f 790 793 791
f 794 795 796
f 794 796 792
f 797 796 795
f 797 795 798
f 792 796 799
f 792 799 793
f 793 799 800
f 793 800 801
f 802 803 801
f 802 801 800
f 791 793 801
f 791 801 804
f 805 804 806
f 805 806 807
f 808 809 806
f 808 806 803
f 803 806 804
f 803 804 801
f 807 806 809
f 807 809 810
f 804 805 789
f 804 789 791
f 811 789 805
f 811 805 812
f 807 813 812
f 807 812 805
f 814 808 803
f 814 803 802
f 808 814 815
f 808 815 816
f 817 818 815
f 817 815 819
f 819 815 814
f 819 814 820
f 818 821 816
f 818 816 815
f 820 814 802
f 820 802 822
f 823 822 824
f 823 824 825
f 822 802 800
f 822 800 824
f 826 820 822
f 826 822 823
f 824 800 799
f 824 799 827
f 825 824 827
f 825 827 828
f 828 829 830
f 828 830 825
f 831 830 829
f 831 829 832
f 833 823 825
f 833 825 830
f 834 833 830
f 834 830 831
f 829 828 835
f 829 835 836
f 828 827 797
f 828 797 835
f 836 835 837
f 836 837 838
f 835 797 798
f 835 798 837
f 827 799 796
f 827 796 797
f 798 795 839
f 798 839 840
f 841 839 795
f 841 795 794
f 794 842 843
f 794 843 841
f 786 844 843
f 786 843 842
f 845 843 844
f 845 844 846
f 847 845 846
f 847 846 848
f 849 847 848
f 849 848 850
f 851 852 850
f 851 850 848
f 851 848 853
f 851 853 854
f 848 846 855
f 848 855 853
f 845 847 856
f 845 856 857
f 843 845 857
f 843 857 841
f 846 844 858
f 846 858 855
f 855 858 859
f 855 859 860
f 861 859 858
f 861 858 785
f 844 786 785
f 844 785 858
f 790 787 786
f 790 786 842
f 792 790 842
f 792 842 794
f 862 863 840
f 862 840 839
f 862 864 865
f 862 865 863
f 857 856 864
f 857 864 862
f 839 841 857
f 839 857 862
f 864 866 867
f 864 867 865
f 868 867 866
f 868 866 869
f 869 866 870
f 869 870 871
f 849 872 871
f 849 871 870
f 870 856 847
f 870 847 849
f 866 864 856
f 866 856 870
f 869 873 874
f 869 874 868
f 875 873 876
f 875 876 877
f 871 876 873
f 871 873 869
f 873 875 878
f 873 878 874
f 867 868 879
f 867 879 880
f 868 874 881
f 868 881 879
f 863 865 882
f 863 882 883
f 882 880 884
f 882 884 885
f 879 886 884
f 879 884 880
f 884 887 888
f 884 888 885
f 884 886 889
f 884 889 887
f 865 867 880
f 865 880 882
f 883 882 885
f 883 885 890
f 885 888 891
f 885 891 890
f 890 892 893
f 890 893 883
f 890 891 894
f 890 894 892
f 840 863 883
f 840 883 893
f 840 893 837
f 840 837 798
f 811 788 787
f 811 787 789
f 895 861 785
f 895 785 788
f 784 895 778
f 784 778 781
f 779 778 895
f 779 895 788
f 896 861 895
f 896 895 784
f 897 859 861
f 897 861 896
f 898 860 859
f 898 859 897
f 899 898 900
f 899 900 901
f 902 903 901
f 902 901 900
f 903 904 905
f 903 905 901
f 906 907 904
f 906 904 903
f 906 908 909
f 906 909 910
f 911 909 908
f 911 908 912
f 908 906 903
f 908 903 902
f 902 913 912
f 902 912 908
f 764 909 911
f 764 911 762
f 911 912 765
f 911 765 762
f 910 909 764
f 910 764 914
f 914 915 916
f 914 916 910
f 917 918 915
f 917 915 914
f 764 763 917
f 764 917 914
f 907 906 910
f 907 910 916
f 919 904 907
f 919 907 920
f 921 919 920
f 921 920 922
f 922 920 923
f 922 923 924
f 916 923 920
f 916 920 907
f 925 905 904
f 925 904 919
f 905 925 926
f 905 926 927
f 926 928 929
f 926 929 927
f 930 928 931
f 930 931 932
f 933 931 928
f 933 928 926
f 930 854 929
f 930 929 928
f 927 899 901
f 927 901 905
f 899 927 929
f 899 929 934
f 933 926 925
f 933 925 935
f 933 935 936
f 933 936 937
f 936 935 921
f 936 921 938
f 919 921 935
f 919 935 925
f 939 913 902
f 939 902 900
f 939 897 896
f 939 896 940
f 913 939 940
f 913 940 941
f 783 761 941
f 783 941 940
f 941 765 912
f 941 912 913
f 761 757 765
f 761 765 941
f 940 896 784
f 940 784 783
f 900 898 897
f 900 897 939
f 898 899 934
f 898 934 860
f 811 616 779
f 811 779 788
f 942 3530 3531
f 942 3532 3533
f 943 944 3535
f 943 3535 3534
f 942 943 3537
f 942 3537 3536
f 942 945 946
f 942 946 943
f 945 3538 3539
f 945 942 3541
f 945 3541 3540
f 947 948 3543
f 947 3543 3542
f 947 3544 3545
f 949 950 948
f 949 948 947
f 948 951 3547
f 948 3547 3546
f 951 948 952
f 952 948 950
f 952 950 953
f 947 3548 3549
f 951 3550 3551
f 954 955 956
f 954 956 3553
f 954 3553 3552
f 956 3554 3555
f 956 3556 3557
f 956 945 3559
f 956 3559 3558
f 955 946 945
f 955 945 956
f 946 955 957
f 946 957 958
f 959 960 958
f 959 958 957
f 960 961 962
f 960 962 963
f 961 960 959
f 961 959 964
f 965 958 960
f 965 960 963
f 966 967 959
f 966 959 957
f 968 967 966
f 968 966 969
f 964 959 967
f 964 967 970
f 970 967 968
f 970 968 971
f 966 957 955
f 966 955 954
f 954 972 969
f 954 969 966
f 972 954 3561
f 972 3561 3560
f 972 3562 3563
f 973 974 975
f 973 975 976
f 977 975 978
f 977 978 979
f 979 978 980
f 979 980 918
f 981 915 918
f 981 918 980
f 915 981 923
f 915 923 916
f 924 923 981
f 924 981 982
f 982 983 984
f 982 984 924
f 983 982 985
f 983 985 986
f 980 985 982
f 980 982 981
f 986 985 987
f 986 987 988
f 987 978 989
f 987 989 988
f 990 988 989
f 990 989 991
f 992 986 988
f 992 988 990
f 993 990 991
f 993 991 994
f 994 991 995
f 994 995 996
f 974 995 991
f 974 991 989
f 975 974 989
f 975 989 978
f 985 980 978
f 985 978 987
f 983 997 998
f 983 998 984
f 992 999 1000
f 992 1000 997
f 1001 1002 1000
f 1001 1000 1003
f 1002 998 997
f 1002 997 1000
f 1004 1005 998
f 1004 998 1002
f 984 998 1005
f 984 1005 1006
f 1002 1001 1007
f 1002 1007 1004
f 1008 1007 1001
f 1008 1001 1009
f 1003 1010 1009
f 1003 1009 1001
f 999 1011 1003
f 999 1003 1000
f 1011 999 993
f 1011 993 1012
f 1013 1011 1012
f 1013 1012 1014
f 1014 1012 1015
f 1014 1015 1016
f 1012 993 994
f 1012 994 1015
f 990 993 999
f 990 999 992
f 986 992 997
f 986 997 983
f 1017 977 979
f 1017 979 1018
f 1019 976 975
f 1019 975 977
f 1020 976 1019
f 1020 1019 1021
f 1022 1020 1021
f 1022 1021 1023
f 1020 1024 1025
f 1020 1025 976
f 1026 1027 1025
f 1026 1025 1024
f 1028 1029 1026
f 1028 1026 1024
f 1029 184 204
f 1029 204 1026
f 205 1027 1026
f 205 1026 204
f 1030 1031 1029
f 1030 1029 1028
f 1028 1022 1032
f 1028 1032 1030
f 1028 1024 1020
f 1028 1020 1022
f 1033 976 1025
f 1033 1025 1027
f 1027 205 1034
f 1027 1034 1033
f 1035 1034 206
f 1035 206 209
f 202 206 1034
f 202 1034 205
f 1034 1035 1036
f 1034 1036 1033
f 1033 1036 973
f 1033 973 976
f 995 974 973
f 995 973 1037
f 1036 1038 1037
f 1036 1037 973
f 1039 1040 1023
f 1039 1023 1041
f 1042 1043 1032
f 1042 1032 1040
f 1044 1045 1042
f 1044 1042 1046
f 1047 1048 1049
f 1047 1049 1045
f 1045 1044 1050
f 1045 1050 1047
f 1045 1049 1043
f 1045 1043 1042
f 1046 1042 1040
f 1046 1040 1039
f 1051 1044 1046
f 1051 1046 1052
f 1039 1053 1052
f 1039 1052 1046
f 1022 1023 1040
f 1022 1040 1032
f 1054 1041 1023
f 1054 1023 1021
f 1055 1041 1054
f 1055 1054 1056
f 1057 1056 1054
f 1057 1054 1058
f 1059 1055 1056
f 1059 1056 1060
f 1056 1057 1061
f 1056 1061 1060
f 1058 1054 1021
f 1058 1021 1019
f 1053 1039 1041
f 1053 1041 1055
f 1019 977 1017
f 1019 1017 1058
f 1017 769 1057
f 1017 1057 1058
f 1018 754 769
f 1018 769 1017
f 1018 917 763
f 1018 763 754
f 918 917 1018
f 918 1018 979
f 1062 1063 1064
f 1062 1064 1065
f 1064 1066 1067
f 1064 1067 1068
f 1066 1069 1070
f 1066 1070 1067
f 1069 1071 1072
f 1069 1072 1070
f 1073 1072 1071
f 1073 1071 1074
f 1070 1072 1075
f 1070 1075 1076
f 1077 1075 1072
f 1077 1072 1073
f 1078 1073 1074
f 1078 1074 1079
f 1074 1071 1080
f 1074 1080 1081
f 1081 1080 1082
f 1081 1082 1083
f 1084 1083 1082
f 1084 1082 1085
f 1086 1085 1082
f 1086 1082 1087
f 1080 1088 1087
f 1080 1087 1082
f 1074 1081 1089
f 1074 1089 1079
f 1081 1083 1090
f 1081 1090 1089
f 1071 1069 1088
f 1071 1088 1080
f 1078 1091 1092
f 1078 1092 1093
f 1094 1095 1092
f 1094 1092 1096
f 1097 1094 1096
f 1097 1096 1098
f 1099 1100 1098
f 1099 1098 1096
f 1101 1099 1096
f 1101 1096 1092
f 1093 1092 1095
f 1093 1095 1102
f 1103 1104 1102
f 1103 1102 1095
f 1095 1094 1097
f 1095 1097 1103
f 1105 1101 1092
f 1105 1092 1091
f 1105 1091 1106
f 1105 1106 1107
f 1106 1091 1078
f 1106 1078 1079
f 1093 1077 1073
f 1093 1073 1078
f 1077 1093 1102
f 1077 1102 1108
f 1075 1077 1108
f 1075 1108 1109
f 1109 1108 1110
f 1109 1110 1111
f 1104 1110 1108
f 1104 1108 1102
f 1076 1075 1109
f 1076 1109 1065
f 1068 1076 1065
f 1068 1065 1064
f 1067 1070 1076
f 1067 1076 1068
f 1111 1062 1065
f 1111 1065 1109
f 1112 1113 1062
f 1112 1062 1111
f 1114 1115 1116
f 1114 1116 1113
f 1113 1116 1063
f 1113 1063 1062
f 1116 1117 1118
f 1116 1118 1063
f 1117 1116 1115
f 1117 1115 1119
f 1120 1121 1115
f 1120 1115 1114
f 1114 1122 1123
f 1114 1123 1120
f 1122 1114 1113
f 1122 1113 1112
f 1124 1088 1069
f 1124 1069 1066
f 1066 1064 1063
f 1066 1063 1124
f 1125 1124 1063
f 1125 1063 1118
f 1118 1086 1087
f 1118 1087 1125
f 1125 1087 1088
f 1125 1088 1124
f 1126 1127 1128
f 1126 1128 1129
f 1129 1128 1130
f 1129 1130 1131
f 1132 1133 1131
f 1132 1131 1130
f 1131 1134 1135
f 1131 1135 1129
f 1136 1137 1135
f 1136 1135 1134
f 1137 1138 1139
f 1137 1139 1135
f 1139 1140 1141
f 1139 1141 1126
f 1142 1140 1143
f 1142 1143 1144
f 1140 1139 1138
f 1140 1138 1143
f 1143 1138 1145
f 1143 1145 1146
f 1147 1148 1146
f 1147 1146 1145
f 1149 1147 1145
f 1149 1145 1150
f 1138 1137 1150
f 1138 1150 1145
f 1144 1143 1146
f 1144 1146 1151
f 1152 1144 1151
f 1152 1151 1153
f 1144 1152 1154
f 1144 1154 1142
f 1153 1151 1155
f 1153 1155 1156
f 1153 1157 1158
f 1153 1158 1152
f 1156 1159 1157
f 1156 1157 1153
f 1151 1146 1148
f 1151 1148 1155
f 1140 1142 1160
f 1140 1160 1141
f 1161 1162 1160
f 1161 1160 1163
f 1162 1161 1164
f 1162 1164 1165
f 1166 1164 1161
f 1166 1161 1167
f 1167 1161 1163
f 1167 1163 1168
f 1169 1170 1165
f 1169 1165 1164
f 1171 1162 1165
f 1171 1165 1172
f 1170 1173 1172
f 1170 1172 1165
f 1141 1160 1162
f 1141 1162 1171
f 1171 1127 1126
f 1171 1126 1141
f 1163 1160 1142
f 1163 1142 1154
f 1126 1129 1135
f 1126 1135 1139
f 1137 1136 1174
f 1137 1174 1150
f 1175 1174 1136
f 1175 1136 1176
f 1177 1175 1176
f 1177 1176 1178
f 1174 1175 1179
f 1174 1179 1180
f 1180 1179 1181
f 1180 1181 1182
f 1181 1183 1184
f 1181 1184 1185
f 1183 1181 1179
f 1183 1179 1186
f 1185 1187 1182
f 1185 1182 1181
f 1182 1188 1149
f 1182 1149 1180
f 1150 1174 1180
f 1150 1180 1149
f 1175 1177 1186
f 1175 1186 1179
f 1177 1178 1189
f 1177 1189 1186
f 1190 1178 1176
f 1190 1176 1191
f 1134 1131 1133
f 1134 1133 1191
f 1191 1133 1192
f 1191 1192 1190
f 1193 1194 1192
f 1193 1192 1195
f 1133 1132 1195
f 1133 1195 1192
f 1190 1192 1194
f 1190 1194 1196
f 1191 1176 1136
f 1191 1136 1134
f 1197 1132 1130
f 1197 1130 1128
f 1197 1128 1198
f 1197 1198 1199
f 1199 1198 1200
f 1199 1200 1201
f 1198 1128 1127
f 1198 1127 1200
f 1202 1201 1200
f 1202 1200 1203
f 1203 1204 1205
f 1203 1205 1206
f 1205 1207 1208
f 1205 1208 1206
f 1209 1210 1208
f 1209 1208 1211
f 1212 1209 1211
f 1212 1211 1213
f 1214 1209 1212
f 1214 1212 1215
f 1209 1214 1216
f 1209 1216 1210
f 1217 1213 1218
f 1217 1218 1219
f 1220 1218 1213
f 1220 1213 1211
f 1221 1212 1213
f 1221 1213 1217
f 1207 1220 1211
f 1207 1211 1208
f 1220 1207 1222
f 1220 1222 1223
f 1207 1205 1173
f 1207 1173 1222
f 1210 1224 1206
f 1210 1206 1208
f 1202 1203 1206
f 1202 1206 1224
f 1202 1224 1225
f 1202 1225 1226
f 1210 1216 1225
f 1210 1225 1224
f 1173 1205 1204
f 1173 1204 1172
f 1127 1171 1172
f 1127 1172 1204
f 1204 1203 1200
f 1204 1200 1127
f 1227 1228 1199
f 1227 1199 1201
f 1229 1230 1228
f 1229 1228 1227
f 1231 1232 1233
f 1231 1233 1230
f 1234 1193 1195
f 1234 1195 1232
f 1235 1236 1193
f 1235 1193 1234
f 1237 1235 1234
f 1237 1234 1238
f 1238 1234 1232
f 1238 1232 1231
f 1132 1233 1232
f 1132 1232 1195
f 1233 1132 1197
f 1233 1197 1239
f 1230 1233 1239
f 1230 1239 1228
f 1240 1231 1230
f 1240 1230 1229
f 1240 1229 1241
f 1240 1241 1242
f 1243 1016 1242
f 1243 1242 1241
f 1244 1243 1241
f 1244 1241 1245
f 1245 1241 1229
f 1245 1229 1227
f 1231 1240 1246
f 1231 1246 1238
f 1242 1247 1246
f 1242 1246 1240
f 1239 1197 1199
f 1239 1199 1228
f 1248 1249 1227
f 1248 1227 1201
f 1250 1248 1251
f 1250 1251 1252
f 1251 1253 1254
f 1251 1254 1252
f 1255 1254 1256
f 1255 1256 1257
f 1257 1256 1258
f 1257 1258 1259
f 1256 1260 1261
f 1256 1261 1258
f 1260 1256 1254
f 1260 1254 1262
f 1255 1263 1252
f 1255 1252 1254
f 1264 1263 1255
f 1264 1255 1265
f 1265 1255 1257
f 1265 1257 1266
f 1262 1254 1253
f 1262 1253 1226
f 1253 1201 1202
f 1253 1202 1226
f 1253 1251 1248
f 1253 1248 1201
f 1248 1250 1267
f 1248 1267 1249
f 1250 1268 1269
f 1250 1269 1267
f 1270 1269 1268
f 1270 1268 1271
f 1271 1268 1272
f 1271 1272 1273
f 1274 1272 1268
f 1274 1268 1275
f 1250 1252 1275
f 1250 1275 1268
f 1276 1249 1267
f 1276 1267 1269
f 1277 1227 1249
f 1277 1249 1276
f 1278 1279 1280
f 1278 1280 1281
f 1282 1280 1279
f 1282 1279 1283
f 1283 1279 1284
f 1283 1284 1285
f 1285 1284 1286
f 1285 1286 1287
f 1286 1288 1289
f 1286 1289 1287
f 1290 1287 1289
f 1290 1289 1291
f 1292 1290 1291
f 1292 1291 1293
f 1294 1292 1293
f 1294 1293 1295
f 1296 1297 1290
f 1296 1290 1292
f 1285 1297 1298
f 1285 1298 1283
f 1283 1298 1299
f 1283 1299 1282
f 1298 1300 1301
f 1298 1301 1299
f 1300 1298 1297
f 1300 1297 1296
f 1297 1285 1287
f 1297 1287 1290
f 1302 1296 1292
f 1302 1292 1294
f 1303 1302 1294
f 1303 1294 1304
f 1304 1294 1295
f 1304 1295 1305
f 1304 1306 1307
f 1304 1307 1303
f 1305 1308 1306
f 1305 1306 1304
f 1309 1310 1302
f 1309 1302 1303
f 1310 1300 1296
f 1310 1296 1302
f 1295 1293 1311
f 1295 1311 1312
f 1313 1314 1315
f 1313 1315 1311
f 1314 1316 1317
f 1314 1317 1315
f 1318 1317 1316
f 1318 1316 1319
f 1320 1321 1315
f 1320 1315 1317
f 1322 1320 1317
f 1322 1317 1318
f 1288 1316 1314
f 1288 1314 1289
f 1323 1319 1316
f 1323 1316 1288
f 1288 1286 1324
f 1288 1324 1323
f 1289 1314 1313
f 1289 1313 1291
f 1313 1311 1293
f 1313 1293 1291
f 1311 1315 1321
f 1311 1321 1312
f 1325 1305 1295
f 1325 1295 1312
f 1312 1321 1326
f 1312 1326 1325
f 1327 1308 1305
f 1327 1305 1325
f 1328 1327 1325
f 1328 1325 1326
f 1284 1329 1324
f 1284 1324 1286
f 1330 1324 1329
f 1330 1329 1331
f 1330 1331 1332
f 1330 1332 1333
f 1333 1332 1334
f 1333 1334 1335
f 1336 1337 1334
f 1336 1334 1338
f 1339 1336 1338
f 1339 1338 1340
f 1338 1341 1342
f 1338 1342 1340
f 1343 1344 1339
f 1343 1339 1340
f 1343 1340 1342
f 1343 1342 1345
f 1346 1337 1336
f 1346 1336 1347
f 1339 1348 1347
f 1339 1347 1336
f 1332 1341 1338
f 1332 1338 1334
f 1337 1349 1335
f 1337 1335 1334
f 1335 1350 1351
f 1335 1351 1333
f 1352 1351 1350
f 1352 1350 1353
f 1330 1333 1351
f 1330 1351 1354
f 1351 1352 1355
f 1351 1355 1354
f 1356 1350 1335
f 1356 1335 1349
f 1357 1356 1349
f 1357 1349 1358
f 1358 1349 1337
f 1358 1337 1346
f 1332 1331 1359
f 1332 1359 1341
f 1331 1329 1278
f 1331 1278 1359
f 1360 1341 1359
f 1360 1359 1361
f 1362 1363 1360
f 1362 1360 1361
f 1364 1341 1360
f 1364 1360 1365
f 1365 1360 1363
f 1365 1363 1366
f 1367 1368 1363
f 1367 1363 1362
f 1369 1367 1362
f 1369 1362 1370
f 1361 1371 1370
f 1361 1370 1362
f 1359 1278 1371
f 1359 1371 1361
f 1329 1284 1279
f 1329 1279 1278
f 1372 1373 1281
f 1372 1281 1280
f 1371 1278 1281
f 1371 1281 1373
f 1371 1373 1374
f 1371 1374 1370
f 1375 1369 1370
f 1375 1370 1374
f 1369 1375 1376
f 1369 1376 1377
f 1378 1379 1377
f 1378 1377 1376
f 1380 1381 1382
f 1380 1382 1379
f 1381 1380 1244
f 1381 1244 1245
f 1380 1383 1384
f 1380 1384 1244
f 1379 1378 1383
f 1379 1383 1380
f 1385 1378 1376
f 1385 1376 1386
f 1378 1385 1387
f 1378 1387 1383
f 1388 1384 1383
f 1388 1383 1387
f 1389 1390 1391
f 1389 1391 1388
f 1389 1388 1387
f 1389 1387 1392
f 1388 1391 1393
f 1388 1393 1384
f 1381 1277 1394
f 1381 1394 1382
f 1382 1394 1395
f 1382 1395 1396
f 1396 1395 1368
f 1396 1368 1367
f 1379 1382 1396
f 1379 1396 1377
f 1377 1396 1367
f 1377 1367 1369
f 1368 1395 1397
f 1368 1397 1398
f 1398 1397 1399
f 1398 1399 1400
f 1397 1401 1270
f 1397 1270 1399
f 1395 1394 1401
f 1395 1401 1397
f 1276 1401 1394
f 1276 1394 1277
f 1277 1381 1245
f 1277 1245 1227
f 1386 1376 1375
f 1386 1375 1402
f 1403 1386 1402
f 1403 1402 1404
f 1405 1403 1404
f 1405 1404 1406
f 1407 1408 1409
f 1407 1409 1406
f 1409 1410 1411
f 1409 1411 1412
f 1413 1414 1412
f 1413 1412 1411
f 1411 1415 1416
f 1411 1416 1413
f 1410 1417 1415
f 1410 1415 1411
f 1410 1409 1408
f 1410 1408 1418
f 1419 1420 1418
f 1419 1418 1408
f 1421 1422 1419
f 1421 1419 1408
f 1408 1407 1423
f 1408 1423 1421
f 1406 1409 1412
f 1406 1412 1405
f 1424 1425 1403
f 1424 1403 1405
f 1405 1412 1414
f 1405 1414 1424
f 1426 1407 1406
f 1426 1406 1404
f 1426 1427 1372
f 1426 1372 1428
f 1280 1282 1428
f 1280 1428 1372
f 1427 1374 1373
f 1427 1373 1372
f 1404 1402 1427
f 1404 1427 1426
f 1407 1426 1428
f 1407 1428 1423
f 1402 1375 1374
f 1402 1374 1427
f 1429 970 971
f 1429 971 1430
f 1431 1430 1432
f 1431 1432 1433
f 1434 1435 1433
f 1434 1433 1432
f 1436 1431 1433
f 1436 1433 1437
f 1438 1429 1430
f 1438 1430 1431
f 1439 1440 1441
f 1439 1441 1438
f 1442 1429 1438
f 1442 1438 1441
f 1429 1442 1443
f 1429 1443 1444
f 1444 1443 1445
f 1444 1445 1446
f 1446 1445 1447
f 1446 1447 1448
f 1449 1450 1448
f 1449 1448 1447
f 1451 1449 1447
f 1451 1447 1452
f 1452 1447 1445
f 1452 1445 1453
f 1446 961 964
f 1446 964 1444
f 1448 962 961
f 1448 961 1446
f 1453 1445 1443
f 1453 1443 1454
f 1455 1453 1454
f 1455 1454 1456
f 1456 1454 1457
f 1456 1457 1458
f 1442 1457 1454
f 1442 1454 1443
f 1457 1442 1441
f 1457 1441 1459
f 1458 1457 1459
f 1458 1459 1159
f 1159 1459 1460
f 1159 1460 1157
f 1461 1158 1157
f 1461 1157 1460
f 1462 1463 1461
f 1462 1461 1464
f 1464 1461 1460
f 1464 1460 1440
f 1158 1461 1463
f 1158 1463 1465
f 1440 1460 1459
f 1440 1459 1441
f 1466 1464 1440
f 1466 1440 1439
f 1464 1466 1467
f 1464 1467 1462
f 1468 1469 1462
f 1468 1462 1467
f 1470 1471 1468
f 1470 1468 1472
f 1473 1470 1472
f 1473 1472 1474
f 1474 1472 1475
f 1474 1475 1476
f 1472 1468 1467
f 1472 1467 1475
f 1471 1477 1469
f 1471 1469 1468
f 1477 1471 1478
f 1477 1478 1479
f 1480 1478 1471
f 1480 1471 1470
f 1466 1481 1475
f 1466 1475 1467
f 1482 1476 1475
f 1482 1475 1481
f 1481 1436 1437
f 1481 1437 1482
f 1483 1484 1476
f 1483 1476 1482
f 1485 1483 1482
f 1485 1482 1437
f 1481 1466 1439
f 1481 1439 1436
f 1439 1438 1431
f 1439 1431 1436
f 1437 1433 1435
f 1437 1435 1485
f 1435 1434 1486
f 1435 1486 1487
f 1488 1486 1434
f 1488 1434 1489
f 1489 1434 1432
f 1489 1432 1490
f 1490 953 950
f 1490 950 1489
f 953 1490 971
f 953 971 968
f 1490 1432 1430
f 1490 1430 971
f 950 949 1488
f 950 1488 1489
f 1486 1488 1491
f 1486 1491 1492
f 1492 1491 1493
f 1492 1493 1494
f 1495 1494 3565
f 1495 3565 3564
f 1494 1493 3567
f 1494 3567 3566
f 1496 1492 1494
f 1496 1494 1497
f 1497 1494 1495
f 1497 1495 1498
f 1493 3568 3569
f 1493 3570 3571
f 1495 3572 3573
f 1495 3574 3575
f 1493 1491 3577
f 1493 3577 3576
f 1491 1499 3579
f 1491 3579 3578
f 1499 3580 3581
f 1499 3582 3583
f 1499 947 3585
f 1499 3585 3584
f 947 1499 949
f 1488 949 1499
f 1488 1499 1491
f 1492 1496 1487
f 1492 1487 1486
f 1485 1435 1487
f 1485 1487 1500
f 1483 1485 1500
f 1483 1500 1501
f 1501 1500 1502
f 1501 1502 1503
f 1500 1487 1496
f 1500 1496 1502
f 970 1429 1444
f 970 1444 964
f 1504 1505 1506
f 1504 1506 1507
f 1508 1509 1505
f 1508 1505 1504
f 1510 1511 1509
f 1510 1509 1512
f 1513 1514 1511
f 1513 1511 1510
f 1515 1516 1513
f 1515 1513 1510
f 1517 1514 1513
f 1517 1513 1518
f 1505 1509 1511
f 1505 1511 1514
f 1505 1514 1517
f 1505 1517 1506
f 1519 1520 1506
f 1519 1506 1517
f 1521 1522 1520
f 1521 1520 1519
f 1523 1524 1522
f 1523 1522 1521
f 1525 1523 1521
f 1525 1521 1526
f 1526 1521 1519
f 1526 1519 1527
f 1528 1522 1524
f 1528 1524 1529
f 1529 1524 1530
f 1529 1530 1531
f 1524 1523 1532
f 1524 1532 1530
f 1533 1520 1522
f 1533 1522 1528
f 1520 1533 1507
f 1520 1507 1506
f 1534 1507 1533
f 1534 1533 1535
f 1528 1536 1535
f 1528 1535 1533
f 1519 1517 1518
f 1519 1518 1527
f 1537 1538 1527
f 1537 1527 1518
f 1518 1513 1516
f 1518 1516 1537
f 1539 1540 1516
f 1539 1516 1515
f 1540 1541 1537
f 1540 1537 1516
f 1541 1542 1538
f 1541 1538 1537
f 1526 1527 1538
f 1526 1538 1543
f 1543 1538 1542
f 1543 1542 1544
f 1545 1515 1510
f 1545 1510 1546
f 1547 1545 1546
f 1547 1546 1548
f 1539 1515 1545
f 1539 1545 1547
f 1539 1547 1549
f 1539 1549 1550
f 1549 1551 1552
f 1549 1552 1550
f 1548 1553 1554
f 1548 1554 1551
f 1555 1556 1554
f 1555 1554 1553
f 1551 1554 1557
f 1551 1557 1552
f 1558 1557 1554
f 1558 1554 1556
f 1547 1548 1551
f 1547 1551 1549
f 1559 1553 1548
f 1559 1548 1546
f 1539 1550 1560
f 1539 1560 1540
f 1540 1560 1561
f 1540 1561 1541
f 1560 1562 1563
f 1560 1563 1561
f 1550 1552 1562
f 1550 1562 1560
f 1546 1510 1512
f 1546 1512 1559
f 1559 1512 1564
f 1559 1564 1565
f 1564 1566 1567
f 1564 1567 1565
f 1568 1567 1566
f 1568 1566 1569
f 1570 1568 1569
f 1570 1569 1571
f 1571 1572 1573
f 1571 1573 1570
f 1574 1572 1571
f 1574 1571 1575
f 1571 1569 1508
f 1571 1508 1575
f 1576 1565 1567
f 1576 1567 1568
f 1577 1576 1568
f 1577 1568 1570
f 1569 1566 1509
f 1569 1509 1508
f 1512 1509 1566
f 1512 1566 1564
f 1575 1508 1504
f 1575 1504 1578
f 932 931 1579
f 932 1579 1578
f 1578 1579 1580
f 1578 1580 1575
f 1575 1580 1581
f 1575 1581 1574
f 1123 1582 1581
f 1123 1581 1583
f 1122 1584 1582
f 1122 1582 1123
f 1585 1584 1586
f 1585 1586 1587
f 1587 1586 1110
f 1587 1110 1104
f 1588 1585 1587
f 1588 1587 1589
f 1584 1585 1590
f 1584 1590 1582
f 1591 1590 1585
f 1591 1585 1588
f 1581 1582 1590
f 1581 1590 1574
f 1592 1574 1590
f 1592 1590 1591
f 1589 1593 1594
f 1589 1594 1588
f 1595 1594 1596
f 1595 1596 1597
f 1596 1594 1593
f 1596 1593 1598
f 1588 1594 1599
f 1588 1599 1591
f 1595 1600 1599
f 1595 1599 1594
f 1593 1589 1601
f 1593 1601 1602
f 1601 1104 1103
f 1601 1103 1603
f 1589 1587 1104
f 1589 1104 1601
f 1602 1601 1603
f 1602 1603 1604
f 1111 1110 1586
f 1111 1586 1112
f 1112 1586 1584
f 1112 1584 1122
f 1120 1123 1583
f 1120 1583 1605
f 1606 1605 1607
f 1606 1607 1608
f 1609 1607 1605
f 1609 1605 1583
f 1609 1580 1579
f 1609 1579 937
f 1580 1609 1583
f 1580 1583 1581
f 937 936 1607
f 937 1607 1609
f 938 1608 1607
f 938 1607 936
f 1006 1005 1608
f 1006 1608 938
f 1608 1005 1610
f 1608 1610 1606
f 1606 1610 1611
f 1606 1611 1121
f 1119 1115 1121
f 1119 1121 1611
f 1612 1119 1611
f 1612 1611 1613
f 1613 1611 1610
f 1613 1610 1614
f 1605 1606 1121
f 1605 1121 1120
f 1614 1610 1005
f 1614 1005 1004
f 931 933 937
f 931 937 1579
f 1578 1504 1615
f 1578 1615 932
f 930 932 1615
f 930 1615 1616
f 1534 1617 1616
f 1534 1616 1615
f 1618 1619 852
f 1618 852 1617
f 877 876 1620
f 877 1620 1619
f 872 849 850
f 872 850 1620
f 876 871 872
f 876 872 1620
f 852 1619 1620
f 852 1620 850
f 1619 1618 1621
f 1619 1621 877
f 1536 1621 1618
f 1536 1618 1535
f 877 1621 1622
f 877 1622 875
f 1623 1624 1625
f 1623 1625 1622
f 1625 1624 1626
f 1625 1626 878
f 1627 881 1626
f 1627 1626 1628
f 1629 1628 1626
f 1629 1626 1624
f 874 878 1626
f 874 1626 881
f 875 1622 1625
f 875 1625 878
f 1629 1624 1531
f 1629 1531 1530
f 1531 1624 1623
f 1531 1623 1529
f 1529 1623 1536
f 1529 1536 1528
f 1621 1536 1623
f 1621 1623 1622
f 1535 1618 1617
f 1535 1617 1534
f 851 1616 1617
f 851 1617 852
f 1616 851 854
f 1616 854 930
f 1507 1534 1615
f 1507 1615 1504
f 1630 1631 1632
f 1630 1632 1633
f 1631 1634 1635
f 1631 1635 1632
f 1636 1632 1635
f 1636 1635 1597
f 1596 1637 1636
f 1596 1636 1597
f 1638 1632 1636
f 1638 1636 1637
f 1633 1632 1638
f 1633 1638 1639
f 1633 1639 1640
f 1633 1640 1641
f 1640 1642 1643
f 1640 1643 1641
f 1644 1645 1643
f 1644 1643 1642
f 1645 1646 1647
f 1645 1647 1643
f 1648 1649 1647
f 1648 1647 1650
f 1650 1647 1646
f 1650 1646 1651
f 1649 1641 1643
f 1649 1643 1647
f 1645 1644 1652
f 1645 1652 1653
f 1653 1654 1646
f 1653 1646 1645
f 1655 1644 1642
f 1655 1642 1656
f 1656 1657 1658
f 1656 1658 1655
f 1659 1100 1660
f 1659 1660 1657
f 1657 1656 1661
f 1657 1661 1659
f 1662 1658 1657
f 1662 1657 1660
f 1663 1652 1644
f 1663 1644 1655
f 1664 1663 1655
f 1664 1655 1658
f 1640 1661 1656
f 1640 1656 1642
f 1639 1665 1661
f 1639 1661 1640
f 1638 1637 1665
f 1638 1665 1639
f 1659 1661 1665
f 1659 1665 1666
f 1667 1666 1668
f 1667 1668 1669
f 1666 1665 1637
f 1666 1637 1668
f 1669 1668 1598
f 1669 1598 1670
f 1668 1637 1596
f 1668 1596 1598
f 1666 1667 1100
f 1666 1100 1659
f 1667 1671 1098
f 1667 1098 1100
f 1669 1672 1671
f 1669 1671 1667
f 1673 1630 1633
f 1673 1633 1641
f 1674 1675 1631
f 1674 1631 1630
f 1675 1674 1676
f 1675 1676 1677
f 1678 1677 1676
f 1678 1676 1679
f 1676 1674 1680
f 1676 1680 1679
f 1631 1675 1681
f 1631 1681 1634
f 1682 1683 1684
f 1682 1684 1681
f 1675 1685 1682
f 1675 1682 1681
f 1686 1634 1681
f 1686 1681 1684
f 1677 1556 1685
f 1677 1685 1675
f 1680 1674 1630
f 1680 1630 1673
f 1687 1679 1680
f 1687 1680 1673
f 1641 1649 1687
f 1641 1687 1673
f 1679 1687 1688
f 1679 1688 1678
f 1689 1688 1687
f 1689 1687 1649
f 1595 1597 1635
f 1595 1635 1600
f 1686 1600 1635
f 1686 1635 1634
f 1690 1627 1628
f 1690 1628 1691
f 1627 1690 889
f 1627 889 886
f 887 889 1690
f 887 1690 1692
f 888 887 1692
f 888 1692 1693
f 891 888 1693
f 891 1693 1694
f 1695 894 891
f 1695 891 1694
f 1696 1697 894
f 1696 894 1695
f 836 838 1697
f 836 1697 1698
f 1698 1697 1696
f 1698 1696 1699
f 1700 1701 1699
f 1700 1699 1696
f 1701 1702 1703
f 1701 1703 1699
f 831 832 1703
f 831 1703 1704
f 1704 1703 1702
f 1704 1702 1705
f 832 1698 1699
f 832 1699 1703
f 1702 1701 1706
f 1702 1706 1707
f 1708 1707 1706
f 1708 1706 1709
f 1710 1711 1709
f 1710 1709 1706
f 1701 1700 1710
f 1701 1710 1706
f 1696 1695 1712
f 1696 1712 1700
f 1713 1712 1695
f 1713 1695 1694
f 1714 1715 1713
f 1714 1713 1716
f 1716 1713 1694
f 1716 1694 1693
f 1712 1713 1715
f 1712 1715 1717
f 1700 1712 1717
f 1700 1717 1710
f 1698 832 829
f 1698 829 836
f 892 894 1697
f 892 1697 838
f 1718 1716 1693
f 1718 1693 1692
f 1716 1718 1719
f 1716 1719 1714
f 1720 1714 1719
f 1720 1719 1721
f 1722 1720 1721
f 1722 1721 1723
f 1724 1722 1723
f 1724 1723 1725
f 1720 1722 1726
f 1720 1726 1727
f 1728 1729 1727
f 1728 1727 1726
f 1714 1720 1727
f 1714 1727 1715
f 1729 1717 1715
f 1729 1715 1727
f 1730 1711 1729
f 1730 1729 1728
f 1728 1731 1732
f 1728 1732 1730
f 1733 1731 1728
f 1733 1728 1726
f 1722 1724 1733
f 1722 1733 1726
f 1734 1733 1724
f 1734 1724 1735
f 1724 1725 1736
f 1724 1736 1735
f 1737 1738 1725
f 1737 1725 1723
f 1736 1725 1738
f 1736 1738 1739
f 1738 1737 1740
f 1738 1740 1739
f 1741 1742 1737
f 1741 1737 1723
f 1737 1742 1743
f 1737 1743 1740
f 1736 1739 1744
f 1736 1744 1745
f 1746 1745 1744
f 1746 1744 1747
f 1748 1749 1747
f 1748 1747 1744
f 1739 1740 1748
f 1739 1748 1744
f 1741 1723 1721
f 1741 1721 1750
f 1751 1752 1741
f 1751 1741 1750
f 1752 1751 1753
f 1752 1753 1754
f 1754 1753 1755
f 1754 1755 1756
f 1542 1755 1753
f 1542 1753 1544
f 1544 1753 1751
f 1544 1751 1757
f 1752 1758 1742
f 1752 1742 1741
f 1752 1754 1759
f 1752 1759 1758
f 1750 1760 1757
f 1750 1757 1751
f 1757 1760 1761
f 1757 1761 1762
f 1760 1719 1718
f 1760 1718 1761
f 1760 1750 1721
f 1760 1721 1719
f 1718 1692 1763
f 1718 1763 1761
f 1690 1691 1763
f 1690 1763 1692
f 1762 1761 1763
f 1762 1763 1525
f 1525 1763 1691
f 1525 1691 1523
f 1691 1764 1532
f 1691 1532 1523
f 1764 1629 1530
f 1764 1530 1532
f 1628 1629 1764
f 1628 1764 1691
f 1765 1766 1767
f 1765 1767 1768
f 1769 1770 1766
f 1769 1766 1771
f 1772 1769 1771
f 1772 1771 1773
f 1774 1775 1770
f 1774 1770 1769
f 1770 1776 1767
f 1770 1767 1766
f 1085 1768 1767
f 1085 1767 1084
f 1776 1777 1084
f 1776 1084 1767
f 1776 1770 1775
f 1776 1775 1778
f 1775 1779 1780
f 1775 1780 1778
f 1781 1780 1779
f 1781 1779 1782
f 1779 1775 1774
f 1779 1774 1783
f 1784 1774 1769
f 1784 1769 1772
f 1784 1785 1783
f 1784 1783 1774
f 1783 1786 1782
f 1783 1782 1779
f 1785 1787 1786
f 1785 1786 1783
f 1786 1788 1789
f 1786 1789 1782
f 1787 1790 1788
f 1787 1788 1786
f 1780 1781 1791
f 1780 1791 1792
f 1792 1791 1793
f 1792 1793 1794
f 1795 1793 1791
f 1795 1791 1796
f 1781 1797 1796
f 1781 1796 1791
f 1781 1782 1789
f 1781 1789 1797
f 1778 1780 1792
f 1778 1792 1798
f 1794 1799 1798
f 1794 1798 1792
f 1800 1801 1799
f 1800 1799 1794
f 1798 1799 1090
f 1798 1090 1777
f 1799 1801 1089
f 1799 1089 1090
f 1778 1798 1777
f 1778 1777 1776
f 1802 1772 1773
f 1802 1773 1803
f 1804 1805 1803
f 1804 1803 1773
f 1803 1805 1806
f 1803 1806 1802
f 1802 1806 1807
f 1802 1807 1808
f 1807 1806 1809
f 1807 1809 1810
f 1811 1809 1806
f 1811 1806 1805
f 1805 1804 1812
f 1805 1812 1811
f 1813 1812 1804
f 1813 1804 1814
f 1008 1009 1811
f 1008 1811 1812
f 1812 1813 1815
f 1812 1815 1008
f 1816 1809 1811
f 1816 1811 1009
f 1817 1816 1390
f 1817 1390 1389
f 1816 1009 1010
f 1816 1010 1390
f 1810 1809 1816
f 1810 1816 1817
f 1818 1808 1807
f 1818 1807 1819
f 1808 1818 1785
f 1808 1785 1784
f 1787 1785 1818
f 1787 1818 1820
f 1820 1821 1790
f 1820 1790 1787
f 1819 1821 1820
f 1819 1820 1818
f 1808 1784 1772
f 1808 1772 1802
f 1807 1810 1822
f 1807 1822 1819
f 1819 1822 1823
f 1819 1823 1821
f 1414 1824 1823
f 1414 1823 1424
f 1413 1825 1824
f 1413 1824 1414
f 1821 1823 1824
f 1821 1824 1790
f 1825 1788 1790
f 1825 1790 1824
f 1826 1424 1823
f 1826 1823 1822
f 1817 1389 1392
f 1817 1392 1826
f 1826 1822 1810
f 1826 1810 1817
f 1826 1392 1425
f 1826 1425 1424
f 1773 1771 1814
f 1773 1814 1804
f 1765 1814 1771
f 1765 1771 1766
f 1827 1813 1814
f 1827 1814 1765
f 1765 1768 1828
f 1765 1828 1827
f 1768 1829 1612
f 1768 1612 1828
f 1829 1117 1119
f 1829 1119 1612
f 1086 1118 1117
f 1086 1117 1829
f 1829 1768 1085
f 1829 1085 1086
f 1830 1827 1828
f 1830 1828 1831
f 1831 1613 1614
f 1831 1614 1832
f 1830 1831 1832
f 1830 1832 1815
f 1813 1827 1830
f 1813 1830 1815
f 1815 1832 1007
f 1815 1007 1008
f 1004 1007 1832
f 1004 1832 1614
f 1828 1612 1613
f 1828 1613 1831
f 1833 1834 1835
f 1833 1835 1836
f 1837 1838 1839
f 1837 1839 1836
f 1840 1833 1836
f 1840 1836 1839
f 1841 1842 1834
f 1841 1834 1833
f 1842 1843 1844
f 1842 1844 1834
f 1835 1834 1844
f 1835 1844 1845
f 1843 1846 1845
f 1843 1845 1844
f 1795 1796 1846
f 1795 1846 1843
f 1796 1797 1847
f 1796 1847 1846
f 1848 1845 1846
f 1848 1846 1847
f 1845 1848 1849
f 1845 1849 1835
f 1848 1850 1851
f 1848 1851 1849
f 1850 1848 1847
f 1850 1847 1852
f 1852 1847 1797
f 1852 1797 1853
f 1853 1415 1417
f 1853 1417 1852
f 1416 1415 1853
f 1416 1853 1854
f 1853 1797 1789
f 1853 1789 1854
f 1843 1842 1855
f 1843 1855 1795
f 1856 1855 1842
f 1856 1842 1841
f 1857 1856 1841
f 1857 1841 1858
f 1855 1856 1859
f 1855 1859 1860
f 1856 1857 1861
f 1856 1861 1859
f 1840 1839 1838
f 1840 1838 1858
f 1858 1841 1833
f 1858 1833 1840
f 1858 1838 1862
f 1858 1862 1857
f 1795 1855 1860
f 1795 1860 1793
f 1838 1837 1863
f 1838 1863 1862
f 1660 1864 1863
f 1660 1863 1662
f 1864 1660 1100
f 1864 1100 1099
f 1862 1863 1864
f 1862 1864 1865
f 1865 1861 1857
f 1865 1857 1862
f 1861 1865 1101
f 1861 1101 1105
f 1865 1864 1099
f 1865 1099 1101
f 1662 1863 1837
f 1662 1837 1866
f 1866 1664 1658
f 1866 1658 1662
f 1835 1849 1664
f 1835 1664 1866
f 1836 1835 1866
f 1836 1866 1837
f 1688 1689 1867
f 1688 1867 1868
f 1678 1688 1868
f 1678 1868 1869
f 1869 1868 1558
f 1869 1558 1556
f 1869 1556 1677
f 1869 1677 1678
f 1868 1867 1557
f 1868 1557 1558
f 1867 1870 1552
f 1867 1552 1557
f 1562 1552 1870
f 1562 1870 1871
f 1562 1871 1872
f 1562 1872 1563
f 1872 1871 1873
f 1872 1873 1874
f 1874 1873 1875
f 1874 1875 1876
f 1877 1878 1876
f 1877 1876 1875
f 1879 1874 1876
f 1879 1876 1880
f 1881 1872 1874
f 1881 1874 1879
f 1759 1881 1879
f 1759 1879 1882
f 1563 1872 1881
f 1563 1881 1756
f 1754 1756 1881
f 1754 1881 1759
f 1883 1882 1884
f 1883 1884 1885
f 1885 1884 1886
f 1885 1886 1887
f 1888 1886 1884
f 1888 1884 1880
f 1880 1884 1882
f 1880 1882 1879
f 1883 1889 1890
f 1883 1890 1758
f 1889 1883 1885
f 1889 1885 1891
f 1758 1759 1882
f 1758 1882 1883
f 1878 1888 1880
f 1878 1880 1876
f 1888 1878 1892
f 1888 1892 1893
f 1893 1892 1894
f 1893 1894 1895
f 1896 1895 1894
f 1896 1894 1897
f 1898 1893 1895
f 1898 1895 1899
f 1896 1900 1899
f 1896 1899 1895
f 1901 1896 1897
f 1901 1897 1902
f 1902 1897 1903
f 1902 1903 1904
f 1905 1903 1897
f 1905 1897 1894
f 1892 1906 1905
f 1892 1905 1894
f 1906 1907 1908
f 1906 1908 1905
f 1907 1906 1877
f 1907 1877 1909
f 1906 1892 1878
f 1906 1878 1877
f 1648 1909 1877
f 1648 1877 1875
f 1649 1648 1875
f 1649 1875 1689
f 1689 1875 1873
f 1689 1873 1867
f 1873 1871 1870
f 1873 1870 1867
f 1910 1911 1912
f 1910 1912 1913
f 1912 1911 1914
f 1912 1914 1915
f 1916 1915 1914
f 1916 1914 1917
f 1918 1919 1912
f 1918 1912 1915
f 1916 1920 1918
f 1916 1918 1915
f 1920 1916 3587
f 1920 3587 3586
f 1916 3588 3589
f 1921 1920 3591
f 1921 3591 3590
f 1920 3592 3593
f 1922 1923 3595
f 1922 3595 3594
f 1922 3596 3597
f 1917 3598 3599
f 1917 1922 3601
f 1917 3601 3600
f 1916 3602 3603
f 1916 1917 3605
f 1916 3605 3604
f 1924 1921 3607
f 1924 3607 3606
f 1921 3608 3609
f 1925 1926 1927
f 1925 1927 1924
f 1928 1929 1930
f 1928 1930 1926
f 1931 1928 1926
f 1931 1926 1925
f 1932 1927 1926
f 1932 1926 1930
f 1933 1924 3611
f 1933 3611 3610
f 1924 1933 1925
f 1933 3612 3613
f 1921 1924 1927
f 1921 1927 1919
f 1934 1919 1927
f 1934 1927 1932
f 1921 1919 1918
f 1921 1918 1920
f 1912 1919 1934
f 1912 1934 1913
f 1922 1917 1914
f 1922 1914 1911
f 1935 1910 1936
f 1935 1936 1937
f 1936 1938 1939
f 1936 1939 1937
f 1940 1939 1938
f 1940 1938 1941
f 1942 1940 1941
f 1942 1941 1943
f 1219 1942 1943
f 1219 1943 1217
f 1944 1945 1940
f 1944 1940 1942
f 1939 1940 1945
f 1939 1945 1946
f 1945 1944 1947
f 1945 1947 1948
f 1944 1949 1950
f 1944 1950 1947
f 1951 1949 1219
f 1951 1219 1218
f 1942 1219 1949
f 1942 1949 1944
f 1952 1950 1949
f 1952 1949 1951
f 1948 1947 1953
f 1948 1953 1954
f 1955 1953 1947
f 1955 1947 1950
f 1946 1945 1948
f 1946 1948 1956
f 1957 1956 1958
f 1957 1958 1959
f 1959 1958 1960
f 1959 1960 1961
f 1962 1960 1958
f 1962 1958 1954
f 1954 1958 1956
f 1954 1956 1948
f 1963 1957 1964
f 1963 1964 1965
f 1966 1964 1957
f 1966 1957 1959
f 1956 1957 1963
f 1956 1963 1946
f 1946 1963 1937
f 1946 1937 1939
f 1937 1963 1965
f 1937 1965 1935
f 1967 1968 1935
f 1967 1935 1965
f 1968 1911 1910
f 1968 1910 1935
f 1217 1943 1969
f 1217 1969 1221
f 1970 1221 1969
f 1970 1969 1971
f 1972 1970 1971
f 1972 1971 1973
f 1215 1212 1221
f 1215 1221 1970
f 1974 1215 1970
f 1974 1970 1972
f 1975 1974 1972
f 1975 1972 1976
f 1974 1975 1977
f 1974 1977 1978
f 1215 1974 1978
f 1215 1978 1214
f 1979 1975 1976
f 1979 1976 1980
f 1980 1976 1981
f 1980 1981 1982
f 1973 1981 1976
f 1973 1976 1972
f 1973 1971 1983
f 1973 1983 1984
f 1985 1986 1984
f 1985 1984 1983
f 1984 1987 1981
f 1984 1981 1973
f 1982 1981 1987
f 1982 1987 1988
f 1989 1990 1988
f 1989 1988 1987
f 1986 1989 1987
f 1986 1987 1984
f 1983 1991 1992
f 1983 1992 1985
f 1943 1941 1991
f 1943 1991 1969
f 1991 1983 1971
f 1991 1971 1969
f 1941 1938 1992
f 1941 1992 1991
f 1986 1985 1993
f 1986 1993 1994
f 1993 1934 1932
f 1993 1932 1994
f 1913 1934 1993
f 1913 1993 1995
f 1985 1992 1995
f 1985 1995 1993
f 1938 1936 1995
f 1938 1995 1992
f 1936 1910 1913
f 1936 1913 1995
f 1922 1911 1968
f 1922 1968 1923
f 1996 1997 3615
f 1996 3615 3614
f 1996 3616 3617
f 1996 3618 3619
f 1998 1999 3621
f 1998 3621 3620
f 1999 3622 3623
f 1998 3624 3625
f 2000 1998 3627
f 2000 3627 3626
f 2001 3628 3629
f 2001 3630 3631
f 2001 2002 3633
f 2001 3633 3632
f 2003 2001 3635
f 2003 3635 3634
f 2001 2003 2004
f 2004 2003 2005
f 2004 2005 2006
f 2007 2003 3637
f 2007 3637 3636
f 2003 2007 2005
f 2003 3638 3639
f 2007 3640 3641
f 1999 2007 3643
f 1999 3643 3642
f 2007 1999 2008
f 2005 2007 2008
f 2005 2008 2009
f 2010 2011 2009
f 2010 2009 2008
f 1998 2010 2008
f 1998 2008 1999
f 1999 3644 3645
f 2012 3646 3647
f 2012 2013 3649
f 2012 3649 3648
f 2012 3650 3651
f 2014 2015 2016
f 2014 2016 2017
f 2018 2019 2014
f 2018 2014 2017
f 2020 2021 2015
f 2020 2015 2014
f 2022 2016 2015
f 2022 2015 2023
f 2024 2023 2025
f 2024 2025 2026
f 2021 2025 2023
f 2021 2023 2015
f 2025 2021 2027
f 2025 2027 2028
f 2028 2027 2029
f 2028 2029 2030
f 2031 2032 2030
f 2031 2030 2029
f 2033 2034 2035
f 2033 2035 2032
f 2035 2034 2036
f 2035 2036 2037
f 2038 2039 2036
f 2038 2036 2034
f 2034 2033 2040
f 2034 2040 2038
f 2032 2031 2041
f 2032 2041 2033
f 2042 2041 2031
f 2042 2031 2043
f 2043 2031 2029
f 2043 2029 2044
f 2032 2035 2045
f 2032 2045 2030
f 2030 2045 2046
f 2030 2046 2028
f 2047 2046 2045
f 2047 2045 2048
f 2045 2035 2037
f 2045 2037 2048
f 2027 2049 2044
f 2027 2044 2029
f 2044 2049 2050
f 2044 2050 2051
f 2052 2053 2050
f 2052 2050 2054
f 2049 2020 2054
f 2049 2054 2050
f 2051 2050 2053
f 2051 2053 2055
f 2049 2027 2021
f 2049 2021 2020
f 2028 2046 2026
f 2028 2026 2025
f 2046 2047 2056
f 2046 2056 2026
f 2056 2047 2057
f 2056 2057 2058
f 2059 2060 2057
f 2059 2057 2061
f 2061 2062 1328
f 2061 1328 2059
f 2063 2064 2060
f 2063 2060 2059
f 1326 2063 2059
f 1326 2059 1328
f 2062 2065 2066
f 2062 2066 2067
f 2061 2048 2065
f 2061 2065 2062
f 2062 2067 1327
f 2062 1327 1328
f 2061 2057 2047
f 2061 2047 2048
f 2060 2068 2058
f 2060 2058 2057
f 2058 2069 2070
f 2058 2070 2056
f 2071 2072 2073
f 2071 2073 2069
f 2068 2071 2069
f 2068 2069 2058
f 2069 2073 2074
f 2069 2074 2070
f 2026 2056 2070
f 2026 2070 2024
f 2074 2075 2024
f 2074 2024 2070
f 2076 2077 2075
f 2076 2075 2074
f 2077 2078 2022
f 2077 2022 2075
f 2079 2080 2078
f 2079 2078 2077
f 2077 2076 2081
f 2077 2081 2079
f 2075 2022 2023
f 2075 2023 2024
f 2019 2054 2020
f 2019 2020 2014
f 2054 2019 2082
f 2054 2082 2052
f 2083 2084 2052
f 2083 2052 2082
f 2084 2083 2085
f 2084 2085 2086
f 2087 2088 2086
f 2087 2086 2085
f 2086 2089 2090
f 2086 2090 2084
f 2089 2091 2092
f 2089 2092 2090
f 2055 2053 2090
f 2055 2090 2092
f 2093 2055 2092
f 2093 2092 2094
f 2095 2096 2093
f 2095 2093 2094
f 2094 2097 2098
f 2094 2098 2095
f 2092 2091 2097
f 2092 2097 2094
f 2099 2100 2091
f 2099 2091 2089
f 2089 2086 2088
f 2089 2088 2099
f 2100 2099 2101
f 2100 2101 2102
f 2099 2088 2103
f 2099 2103 2101
f 2053 2052 2084
f 2053 2084 2090
f 2104 2103 2088
f 2104 2088 2087
f 2087 2105 2106
f 2087 2106 2104
f 2106 2107 2108
f 2106 2108 2109
f 2109 2108 2110
f 2109 2110 2111
f 2112 2110 2108
f 2112 2108 2113
f 2107 2114 2113
f 2107 2113 2108
f 2107 2106 2105
f 2107 2105 2115
f 2105 2087 2085
f 2105 2085 2116
f 2116 2117 2115
f 2116 2115 2105
f 2104 2106 2109
f 2104 2109 2118
f 2118 2119 2103
f 2118 2103 2104
f 2119 2118 2120
f 2119 2120 2121
f 2118 2109 2111
f 2118 2111 2120
f 2083 2122 2116
f 2083 2116 2085
f 2123 2124 2125
f 2123 2125 2122
f 2018 2126 2124
f 2018 2124 2123
f 2126 2018 2017
f 2126 2017 2127
f 2128 2126 2127
f 2128 2127 2129
f 2129 2127 2130
f 2129 2130 2131
f 2017 2016 2130
f 2017 2130 2127
f 2123 2082 2019
f 2123 2019 2018
f 2126 2128 2132
f 2126 2132 2124
f 2133 2125 2124
f 2133 2124 2132
f 2132 2134 2135
f 2132 2135 2133
f 2134 2132 2128
f 2134 2128 2136
f 2082 2123 2122
f 2082 2122 2083
f 2122 2125 2117
f 2122 2117 2116
f 2130 2016 2137
f 2130 2137 2138
f 2016 2022 2078
f 2016 2078 2137
f 2138 2137 2139
f 2138 2139 2140
f 2140 2139 2141
f 2140 2141 2142
f 2143 2144 2142
f 2143 2142 2141
f 2145 2140 2142
f 2145 2142 2146
f 2147 2138 2140
f 2147 2140 2145
f 2131 2130 2138
f 2131 2138 2147
f 2148 2131 2147
f 2148 2147 2149
f 2150 2148 2149
f 2150 2149 2151
f 2152 2150 2151
f 2152 2151 2153
f 2153 2151 2154
f 2153 2154 2155
f 2152 2153 2156
f 2152 2156 2157
f 2156 2153 2155
f 2156 2155 2158
f 2148 2150 2159
f 2148 2159 2160
f 2161 2159 2150
f 2161 2150 2152
f 2162 2154 2151
f 2162 2151 2149
f 2163 2164 2154
f 2163 2154 2162
f 2162 2145 2146
f 2162 2146 2163
f 2145 2162 2149
f 2145 2149 2147
f 2146 2142 2144
f 2146 2144 2165
f 2166 2167 2165
f 2166 2165 2144
f 2167 2168 2169
f 2167 2169 2165
f 2170 2171 2169
f 2170 2169 2168
f 2169 2171 2164
f 2169 2164 2163
f 2171 2172 2173
f 2171 2173 2164
f 2173 2174 2158
f 2173 2158 2155
f 2174 2173 2172
f 2174 2172 2175
f 2174 2176 2177
f 2174 2177 2158
f 2175 2178 2176
f 2175 2176 2174
f 2164 2173 2155
f 2164 2155 2154
f 2171 2170 2179
f 2171 2179 2172
f 2180 2181 2182
f 2180 2182 2179
f 2183 2181 2184
f 2183 2184 2185
f 2186 2184 2181
f 2186 2181 2180
f 2181 2183 2187
f 2181 2187 2182
f 2188 2180 2179
f 2188 2179 2170
f 2188 2170 2168
f 2188 2168 2189
f 2179 2182 2175
f 2179 2175 2172
f 2165 2169 2163
f 2165 2163 2146
f 2167 2190 2189
f 2167 2189 2168
f 2189 2190 2191
f 2189 2191 2192
f 2193 2192 2191
f 2193 2191 2194
f 2195 2193 2194
f 2195 2194 2196
f 2197 2196 2194
f 2197 2194 2198
f 2198 2194 2191
f 2198 2191 2190
f 2199 2188 2189
f 2199 2189 2192
f 2200 2199 2192
f 2200 2192 2193
f 2201 2198 2190
f 2201 2190 2202
f 2144 2143 2202
f 2144 2202 2166
f 2201 2202 2143
f 2201 2143 2203
f 2141 2204 2203
f 2141 2203 2143
f 2167 2166 2202
f 2167 2202 2190
f 2204 2141 2139
f 2204 2139 2080
f 2080 2139 2137
f 2080 2137 2078
f 2205 2206 2207
f 2205 2207 2208
f 2184 2208 2207
f 2184 2207 2185
f 2184 2186 2209
f 2184 2209 2208
f 2199 2210 2209
f 2199 2209 2186
f 2209 2210 2205
f 2209 2205 2208
f 2211 2206 2205
f 2211 2205 2212
f 2210 2213 2212
f 2210 2212 2205
f 2213 2214 2215
f 2213 2215 2212
f 2214 2213 2200
f 2214 2200 2216
f 2217 2214 2216
f 2217 2216 2218
f 2218 2081 2076
f 2218 2076 2217
f 2081 2218 2219
f 2081 2219 2220
f 2195 2219 2218
f 2195 2218 2216
f 2193 2195 2216
f 2193 2216 2200
f 2214 2217 2073
f 2214 2073 2215
f 2072 2221 2215
f 2072 2215 2073
f 2212 2215 2221
f 2212 2221 2211
f 2222 2223 2211
f 2222 2211 2221
f 2222 2221 2224
f 2222 2224 2225
f 2226 2227 2224
f 2226 2224 2221
f 2221 2072 2228
f 2221 2228 2226
f 2210 2199 2200
f 2210 2200 2213
f 2207 2206 2229
f 2207 2229 2185
f 2183 2185 2229
f 2183 2229 2230
f 2231 2232 2233
f 2231 2233 2230
f 2232 2234 2235
f 2232 2235 2233
f 2235 2236 2237
f 2235 2237 2238
f 2239 2237 2236
f 2239 2236 2240
f 2241 2242 2240
f 2241 2240 2236
f 2243 2240 2242
f 2243 2242 2244
f 2245 2239 2240
f 2245 2240 2243
f 1355 2245 2243
f 1355 2243 2246
f 2246 2243 2244
f 2246 2244 1323
f 2247 2248 2237
f 2247 2237 2239
f 2239 2245 2249
f 2239 2249 2247
f 2244 2242 1319
f 2244 1319 1323
f 1319 2242 2241
f 1319 2241 2250
f 2250 2241 2234
f 2250 2234 2251
f 2251 2234 2232
f 2251 2232 2231
f 2234 2241 2236
f 2234 2236 2235
f 2250 2252 1318
f 2250 1318 1319
f 2251 2253 2252
f 2251 2252 2250
f 2248 2254 2238
f 2248 2238 2237
f 2176 2178 2254
f 2176 2254 2248
f 2254 2255 2256
f 2254 2256 2238
f 2183 2230 2255
f 2183 2255 2187
f 2254 2178 2187
f 2254 2187 2255
f 2256 2255 2230
f 2256 2230 2233
f 2238 2256 2233
f 2238 2233 2235
f 2231 2230 2229
f 2231 2229 2257
f 2251 2231 2257
f 2251 2257 2253
f 2257 2258 2259
f 2257 2259 2253
f 2258 2223 2260
f 2258 2260 2259
f 2261 2253 2259
f 2261 2259 2260
f 2261 2260 2262
f 2261 2262 2263
f 2262 2260 2225
f 2262 2225 2224
f 2262 2264 2265
f 2262 2265 2263
f 2228 2266 2265
f 2228 2265 2264
f 2266 2228 2072
f 2266 2072 2071
f 2266 2267 2268
f 2266 2268 2265
f 2267 2266 2071
f 2267 2071 2068
f 2264 2227 2226
f 2264 2226 2228
f 2264 2262 2224
f 2264 2224 2227
f 2252 2253 2261
f 2252 2261 2263
f 2268 2252 2263
f 2268 2263 2265
f 2225 2260 2223
f 2225 2223 2222
f 2258 2206 2211
f 2258 2211 2223
f 2229 2206 2258
f 2229 2258 2257
f 2269 3652 3653
f 2269 2270 3655
f 2269 3655 3654
f 2270 2269 2271
f 2271 2269 2272
f 2271 2272 2273
f 2274 2275 2273
f 2274 2273 2272
f 2275 2276 2277
f 2275 2277 2273
f 2278 2277 2276
f 2278 2276 2279
f 2280 2281 2278
f 2280 2278 2279
f 2279 2282 2283
f 2279 2283 2280
f 2279 2276 2284
f 2279 2284 2282
f 2273 2277 2285
f 2273 2285 2271
f 2277 2278 2286
f 2277 2286 2285
f 2276 2275 2287
f 2276 2287 2284
f 2288 2289 2284
f 2288 2284 2287
f 2288 2287 3657
f 2288 3657 3656
f 2290 2288 3659
f 2290 3659 3658
f 2287 3660 3661
f 2287 3662 3663
f 2287 2275 3665
f 2287 3665 3664
f 2275 2274 3667
f 2275 3667 3666
f 2274 2272 3669
f 2274 3669 3668
f 2272 3670 3671
f 2269 3672 3673
f 2272 2269 3675
f 2272 3675 3674
f 2291 2270 2271
f 2291 2271 2285
f 2270 2292 3677
f 2270 3677 3676
f 2292 3678 3679
f 2293 3680 3681
f 2292 2293 3683
f 2292 3683 3682
f 2293 3684 3685
f 2292 2294 2295
f 2292 2295 2293
f 2296 2295 2294
f 2296 2294 2297
f 2297 2294 2291
f 2297 2291 2298
f 2296 2297 2299
f 2296 2299 2300
f 2297 2298 2301
f 2297 2301 2299
f 2293 2302 3687
f 2293 3687 3686
f 2302 2293 2295
f 2295 2296 2303
f 2295 2303 2302
f 2270 2291 2294
f 2270 2294 2292
f 2304 2305 2306
f 2304 2306 2307
f 2308 2306 2305
f 2308 2305 2309
f 2310 2281 2309
f 2310 2309 2305
f 2311 2308 2309
f 2311 2309 2312
f 2313 2314 2306
f 2313 2306 2308
f 2315 2316 2313
f 2315 2313 2317
f 2317 2318 2319
f 2317 2319 2315
f 2318 2317 2311
f 2318 2311 2320
f 2317 2313 2308
f 2317 2308 2311
f 2320 2311 2312
f 2320 2312 2321
f 2321 2312 2280
f 2321 2280 2283
f 2322 2320 2321
f 2322 2321 2323
f 2321 2283 2324
f 2321 2324 2323
f 2281 2280 2312
f 2281 2312 2309
f 2325 2319 2318
f 2325 2318 2326
f 2327 2328 2315
f 2327 2315 2319
f 2316 2315 2328
f 2316 2328 2329
f 2330 2331 2328
f 2330 2328 2327
f 2329 2328 2331
f 2329 2331 2332
f 2329 2333 2334
f 2329 2334 2316
f 2314 2313 2316
f 2314 2316 2334
f 2335 2327 2319
f 2335 2319 2325
f 2336 2337 2335
f 2336 2335 2325
f 2338 2330 2327
f 2338 2327 2335
f 2337 2339 2338
f 2337 2338 2335
f 2340 475 2337
f 2340 2337 2336
f 2341 2340 2336
f 2341 2336 2342
f 2342 2336 2325
f 2342 2325 2326
f 2320 2322 2326
f 2320 2326 2318
f 2286 2278 2281
f 2286 2281 2310
f 2298 2286 2310
f 2298 2310 2301
f 2305 2304 2301
f 2305 2301 2310
f 2314 2343 2307
f 2314 2307 2306
f 2343 2314 2334
f 2343 2334 2344
f 2345 2346 2347
f 2345 2347 2344
f 2348 2347 2346
f 2348 2346 2349
f 2349 2346 2350
f 2349 2350 2351
f 2351 2350 2352
f 2351 2352 2353
f 2350 2354 2355
f 2350 2355 2352
f 2355 2356 2357
f 2355 2357 2358
f 2359 2357 2356
f 2359 2356 2360
f 509 2359 2360
f 509 2360 2361
f 2361 2360 2332
f 2361 2332 2331
f 2360 2356 2362
f 2360 2362 2332
f 2363 2364 2358
f 2363 2358 2357
f 2365 2363 2357
f 2365 2357 2359
f 2354 2362 2356
f 2354 2356 2355
f 2345 2333 2362
f 2345 2362 2354
f 2354 2350 2346
f 2354 2346 2345
f 2352 2355 2358
f 2352 2358 2366
f 2366 2358 2364
f 2366 2364 2367
f 2368 2369 2367
f 2368 2367 2364
f 2370 2366 2367
f 2370 2367 2371
f 2369 2372 2371
f 2369 2371 2367
f 2353 2352 2366
f 2353 2366 2370
f 2353 2373 2374
f 2353 2374 2351
f 2373 2353 2370
f 2373 2370 2375
f 2376 2348 2349
f 2376 2349 2377
f 2351 2374 2377
f 2351 2377 2349
f 2377 2378 2379
f 2377 2379 2376
f 2380 2381 2376
f 2380 2376 2379
f 2382 2383 2381
f 2382 2381 2380
f 2384 2385 2383
f 2384 2383 2382
f 2386 2381 2383
f 2386 2383 2387
f 2385 2388 2387
f 2385 2387 2383
f 2380 2389 2390
f 2380 2390 2382
f 2379 2391 2389
f 2379 2389 2380
f 2381 2386 2348
f 2381 2348 2376
f 2347 2348 2386
f 2347 2386 2392
f 2391 2379 2378
f 2391 2378 2393
f 2393 2378 2394
f 2393 2394 1259
f 2374 2394 2378
f 2374 2378 2377
f 1266 1257 1259
f 1266 1259 2394
f 2373 1266 2394
f 2373 2394 2374
f 2395 2391 2393
f 2395 2393 2396
f 1259 1258 2396
f 1259 2396 2393
f 2344 2347 2392
f 2344 2392 2343
f 2333 2345 2344
f 2333 2344 2334
f 2343 2392 2397
f 2343 2397 2307
f 2398 2304 2307
f 2398 2307 2397
f 2398 2399 2400
f 2398 2400 2304
f 2401 2400 2399
f 2401 2399 2402
f 2304 2400 2299
f 2304 2299 2301
f 2300 2299 2400
f 2300 2400 2401
f 2403 2300 2401
f 2403 2401 2404
f 2405 2404 2406
f 2405 2406 2407
f 2407 2406 2408
f 2407 2408 2409
f 2409 2408 2410
f 2409 2410 2411
f 2412 2410 2408
f 2412 2408 2413
f 2413 2408 2406
f 2413 2406 2402
f 2407 2414 2415
f 2407 2415 2405
f 2414 2407 2409
f 2414 2409 2416
f 2404 2401 2402
f 2404 2402 2406
f 2404 2405 2417
f 2404 2417 2403
f 2418 2419 2417
f 2418 2417 2420
f 2418 2420 3689
f 2418 3689 3688
f 2420 2421 3691
f 2420 3691 3690
f 2421 2420 2415
f 2421 2415 2422
f 2405 2415 2420
f 2405 2420 2417
f 2303 2403 2417
f 2303 2417 2419
f 2302 2303 2419
f 2302 2419 2423
f 2423 2419 2418
f 2423 2418 3693
f 2423 3693 3692
f 2402 2399 2424
f 2402 2424 2413
f 2399 2398 2388
f 2399 2388 2424
f 2413 2424 2425
f 2413 2425 2412
f 2388 2385 2425
f 2388 2425 2424
f 2412 2425 2426
f 2412 2426 2427
f 2428 2429 2427
f 2428 2427 2426
f 2430 2431 2432
f 2430 2432 2429
f 2429 2432 2433
f 2429 2433 2427
f 2432 2434 2435
f 2432 2435 2433
f 2431 2436 2434
f 2431 2434 2432
f 2437 2438 2439
f 2437 2439 2430
f 2430 2429 2428
f 2430 2428 2437
f 2439 2440 2431
f 2439 2431 2430
f 2384 2441 2428
f 2384 2428 2426
f 2441 2442 2437
f 2441 2437 2428
f 2443 2442 2444
f 2443 2444 2445
f 2390 2444 2442
f 2390 2442 2441
f 2442 2443 2438
f 2442 2438 2437
f 2441 2384 2382
f 2441 2382 2390
f 2385 2384 2426
f 2385 2426 2425
f 2388 2398 2397
f 2388 2397 2387
f 2392 2386 2387
f 2392 2387 2397
f 2446 2447 2448
f 2446 2448 1743
f 1740 1743 2448
f 1740 2448 1748
f 2448 2449 1749
f 2448 1749 1748
f 2448 2447 2450
f 2448 2450 2449
f 2451 2449 2450
f 2451 2450 2452
f 1899 2451 2452
f 1899 2452 1898
f 2451 1899 1900
f 2451 1900 2453
f 2454 1747 1749
f 2454 1749 2453
f 2453 1900 2455
f 2453 2455 2454
f 2456 2457 2454
f 2456 2454 2455
f 1902 2456 2455
f 1902 2455 1901
f 2457 2456 2458
f 2457 2458 2459
f 2460 2461 2459
f 2460 2459 2458
f 2458 1904 2462
f 2458 2462 2460
f 1904 2458 2456
f 1904 2456 1902
f 1747 2454 2457
f 1747 2457 1746
f 1746 2457 2459
f 1746 2459 2463
f 1900 1896 1901
f 1900 1901 2455
f 2453 1749 2449
f 2453 2449 2451
f 1898 2452 1887
f 1898 1887 1886
f 1887 2452 2450
f 1887 2450 2447
f 1889 2446 2464
f 1889 2464 1890
f 2464 2446 1743
f 2464 1743 1742
f 1890 2464 1742
f 1890 1742 1758
f 1891 2447 2446
f 1891 2446 1889
f 1887 2447 1891
f 1887 1891 1885
f 56 50 52
f 56 52 2465
f 252 56 2465
f 252 2465 251
f 2466 2467 251
f 2466 251 2465
f 2467 2466 2468
f 2467 2468 2469
f 2470 2471 2469
f 2470 2469 2468
f 2472 2467 2469
f 2472 2469 2473
f 250 251 2467
f 250 2467 2472
f 243 250 2472
f 243 2472 246
f 246 2472 2473
f 246 2473 2474
f 2475 2476 2474
f 2475 2474 2473
f 2477 2474 2476
f 2477 2476 2478
f 2479 2480 2478
f 2479 2478 2476
f 2481 2478 2480
f 2481 2480 2482
f 2483 2477 2478
f 2483 2478 2481
f 2480 2479 2484
f 2480 2484 2485
f 2479 2486 2487
f 2479 2487 2484
f 2476 2475 2486
f 2476 2486 2479
f 244 246 2474
f 244 2474 2477
f 2473 2469 2471
f 2473 2471 2475
f 2475 2471 2488
f 2475 2488 2486
f 2489 2487 2486
f 2489 2486 2488
f 2487 2489 2490
f 2487 2490 2491
f 2492 2490 2489
f 2492 2489 2493
f 2488 2494 2493
f 2488 2493 2489
f 2494 2488 2471
f 2494 2471 2470
f 2470 2495 2496
f 2470 2496 2494
f 2495 2470 2468
f 2495 2468 2497
f 2466 2498 2497
f 2466 2497 2468
f 2465 52 2498
f 2465 2498 2466
f 2499 2497 2498
f 2499 2498 2500
f 52 51 2500
f 52 2500 2498
f 2501 2499 2500
f 2501 2500 37
f 2497 2499 2502
f 2497 2502 2495
f 2503 2496 2495
f 2503 2495 2502
f 2504 2505 2496
f 2504 2496 2503
f 2503 2506 2507
f 2503 2507 2504
f 2506 2508 2509
f 2506 2509 2507
f 2504 2507 2510
f 2504 2510 2511
f 2512 2510 2507
f 2512 2507 2509
f 2511 2513 2505
f 2511 2505 2504
f 2513 2492 2493
f 2513 2493 2505
f 2505 2493 2494
f 2505 2494 2496
f 2502 2514 2506
f 2502 2506 2503
f 2514 2502 2499
f 2514 2499 2501
f 2515 2514 2501
f 2515 2501 32
f 32 2501 37
f 32 37 30
f 2508 2506 2514
f 2508 2514 2515
f 37 2500 51
f 37 51 36
f 56 252 253
f 56 253 55
f 21 2516 33
f 21 33 28
f 2516 2517 34
f 2516 34 33
f 2518 34 2517
f 2518 2517 2519
f 2520 2521 2522
f 2520 2522 2519
f 2519 2522 2523
f 2519 2523 2518
f 2518 2523 2524
f 2518 2524 2525
f 2515 2525 2524
f 2515 2524 2508
f 2525 31 34
f 2525 34 2518
f 2525 2515 32
f 2525 32 31
f 2526 2509 2508
f 2526 2508 2524
f 2526 2524 2523
f 2526 2523 2527
f 2522 2528 2527
f 2522 2527 2523
f 2528 2529 2530
f 2528 2530 2527
f 2531 2526 2527
f 2531 2527 2530
f 2532 2531 2530
f 2532 2530 2533
f 2529 2534 2533
f 2529 2533 2530
f 2529 2528 2535
f 2529 2535 2536
f 2536 2535 3695
f 2536 3695 3694
f 2536 3696 3697
f 2535 3698 3699
f 2535 2521 3701
f 2535 3701 3700
f 2521 2535 2528
f 2521 2528 2522
f 2531 2512 2509
f 2531 2509 2526
f 2537 2520 2519
f 2537 2519 2517
f 2538 2537 2517
f 2538 2517 2516
f 2537 2538 3703
f 2537 3703 3702
f 2537 3704 3705
f 2520 2537 3707
f 2520 3707 3706
f 2520 3708 3709
f 2538 20 3711
f 2538 3711 3710
f 2538 3712 3713
f 20 2538 2516
f 20 2516 21
f 2521 2520 3715
f 2521 3715 3714
f 2521 3716 3717
f 22 19 21
f 22 21 28
f 114 159 125
f 114 125 122
f 113 114 122
f 113 122 121
f 121 117 105
f 121 105 113
f 130 124 123
f 130 123 286
f 282 163 162
f 282 162 2539
f 2540 2541 2542
f 2540 2542 2539
f 2543 283 2542
f 2543 2542 2544
f 2541 2545 2544
f 2541 2544 2542
f 2541 2540 2546
f 2541 2546 2547
f 172 2546 2540
f 172 2540 171
f 2547 2546 2548
f 2547 2548 1048
f 189 2548 2546
f 189 2546 172
f 2549 1049 1048
f 2549 1048 2548
f 2548 189 190
f 2548 190 2549
f 2550 1043 1049
f 2550 1049 2549
f 1031 1030 2550
f 1031 2550 191
f 2549 190 191
f 2549 191 2550
f 1043 2550 1030
f 1043 1030 1032
f 2545 2541 2547
f 2545 2547 2551
f 2552 2545 2551
f 2552 2551 2553
f 2554 2552 2553
f 2554 2553 2555
f 2556 2554 2555
f 2556 2555 2557
f 2558 2559 2557
f 2558 2557 2555
f 1050 2558 2555
f 1050 2555 2553
f 2545 2552 2560
f 2545 2560 2544
f 2561 2560 2552
f 2561 2552 2554
f 2553 2551 1047
f 2553 1047 1050
f 2551 2547 1048
f 2551 1048 1047
f 171 2540 2539
f 171 2539 162
f 2562 2543 2544
f 2562 2544 2560
f 2563 281 283
f 2563 283 2543
f 2564 278 2563
f 2564 2563 2565
f 2566 2564 2565
f 2566 2565 2567
f 275 278 2564
f 275 2564 330
f 2566 331 330
f 2566 330 2564
f 331 2566 2568
f 331 2568 2569
f 2569 2568 2570
f 2569 2570 2571
f 2572 2573 2571
f 2572 2571 2570
f 2572 2570 2574
f 2572 2574 2575
f 2570 2568 2576
f 2570 2576 2574
f 335 2569 2571
f 335 2571 2577
f 2569 335 328
f 2569 328 331
f 2568 2566 2567
f 2568 2567 2576
f 2578 2579 2576
f 2578 2576 2567
f 2567 2565 2562
f 2567 2562 2578
f 2565 2563 2543
f 2565 2543 2562
f 281 2563 278
f 281 278 273
f 283 282 2539
f 283 2539 2542
f 2580 3718 3719
f 2581 2580 2582
f 2581 2582 2583
f 2582 2584 2585
f 2582 2585 2583
f 2586 2582 3721
f 2586 3721 3720
f 2582 2586 2584
f 2586 3722 3723
f 2587 2586 3725
f 2587 3725 3724
f 2586 3726 3727
f 2588 2584 2586
f 2588 2586 2587
f 2589 2588 2587
f 2589 2587 2590
f 2591 2590 2592
f 2592 2590 2587
f 2592 2587 3729
f 2592 3729 3728
f 2593 2589 2590
f 2593 2590 2591
f 2594 2585 2584
f 2594 2584 2588
f 2595 2594 2588
f 2595 2588 2589
f 2582 2580 3731
f 2582 3731 3730
f 2580 3732 3733
f 2583 2596 2597
f 2583 2597 2581
f 2598 2596 2583
f 2598 2583 2585
f 2596 2598 2599
f 2596 2599 2600
f 2599 2601 2511
f 2599 2511 2510
f 2513 2511 2601
f 2513 2601 2602
f 2602 2603 2492
f 2602 2492 2513
f 2604 2605 2606
f 2604 2606 2603
f 2603 2602 2607
f 2603 2607 2604
f 2603 2606 2490
f 2603 2490 2492
f 2608 2607 2602
f 2608 2602 2601
f 2594 2595 2607
f 2594 2607 2608
f 2608 2598 2585
f 2608 2585 2594
f 2601 2599 2598
f 2601 2598 2608
f 2600 2599 2510
f 2600 2510 2512
f 2600 2532 2597
f 2600 2597 2596
f 2581 2597 2609
f 2581 2609 254
f 2534 255 2609
f 2534 2609 2533
f 2597 2532 2533
f 2597 2533 2609
f 254 255 3735
f 254 3735 3734
f 255 254 2609
f 2580 2581 254
f 2580 254 3737
f 2580 3737 3736
f 2532 2600 2512
f 2532 2512 2531
f 295 258 320
f 295 320 319
f 427 321 536
f 427 536 538
f 310 536 321
f 310 321 311
f 2610 620 611
f 2610 611 613
f 690 620 2610
f 690 2610 2611
f 2612 2613 2614
f 2612 2614 2611
f 689 688 2614
f 689 2614 2615
f 2616 689 2615
f 2616 2615 2617
f 2618 2616 2617
f 2618 2617 2619
f 2616 2618 2620
f 2616 2620 2621
f 2618 2622 2623
f 2618 2623 2620
f 2623 2624 2625
f 2623 2625 2626
f 2627 2628 2625
f 2627 2625 2629
f 2630 2631 2632
f 2630 2632 2628
f 2633 2630 2628
f 2633 2628 2627
f 2628 2632 2626
f 2628 2626 2625
f 2629 2634 2635
f 2629 2635 2627
f 2636 2637 2634
f 2636 2634 2629
f 2624 2636 2629
f 2624 2629 2625
f 2622 2638 2624
f 2622 2624 2623
f 2638 2639 2636
f 2638 2636 2624
f 2639 2638 2640
f 2639 2640 2641
f 2637 2636 2639
f 2637 2639 2642
f 2642 2639 2641
f 2642 2641 2643
f 2638 2622 2644
f 2638 2644 2640
f 2644 2619 2645
f 2644 2645 2646
f 2622 2618 2619
f 2622 2619 2644
f 2646 2647 2640
f 2646 2640 2644
f 2620 2623 2626
f 2620 2626 698
f 2621 2620 698
f 2621 698 697
f 697 686 687
f 697 687 2621
f 2621 687 689
f 2621 689 2616
f 2619 2617 2648
f 2619 2648 2645
f 2648 2649 2650
f 2648 2650 2651
f 2652 2650 2649
f 2652 2649 2613
f 2653 2651 2650
f 2653 2650 2654
f 2648 2651 2655
f 2648 2655 2645
f 2645 2655 2656
f 2645 2656 2646
f 2657 2656 2655
f 2657 2655 2658
f 2658 2655 2651
f 2658 2651 2653
f 2654 2659 2660
f 2654 2660 2653
f 2661 2662 2660
f 2661 2660 2663
f 2663 2660 2659
f 2663 2659 2664
f 2662 2658 2653
f 2662 2653 2660
f 2659 2654 2665
f 2659 2665 821
f 821 2665 2666
f 821 2666 816
f 2667 2666 2665
f 2667 2665 2652
f 2654 2650 2652
f 2654 2652 2665
f 2613 2612 2667
f 2613 2667 2652
f 2667 2612 2668
f 2667 2668 810
f 613 813 2668
f 613 2668 2610
f 2668 2612 2611
f 2668 2611 2610
f 810 2668 813
f 810 813 807
f 2615 2614 2613
f 2615 2613 2649
f 2617 2615 2649
f 2617 2649 2648
f 688 690 2611
f 688 2611 2614
f 615 617 623
f 615 623 780
f 614 812 813
f 614 813 613
f 569 573 570
f 569 570 559
f 566 578 592
f 566 592 565
f 616 615 780
f 616 780 779
f 812 614 616
f 812 616 811
f 853 855 860
f 853 860 934
f 655 771 670
f 655 670 656
f 657 770 771
f 657 771 655
f 1057 769 767
f 1057 767 1061
f 770 2669 1061
f 770 1061 767
f 1060 1061 2669
f 1060 2669 2670
f 1059 1060 2670
f 1059 2670 2671
f 711 721 2672
f 711 2672 2671
f 2673 2672 721
f 2673 721 720
f 2674 2675 2673
f 2674 2673 2676
f 2559 2674 2676
f 2559 2676 2677
f 2674 1051 1052
f 2674 1052 2675
f 2675 2678 2672
f 2675 2672 2673
f 2678 1053 1055
f 2678 1055 1059
f 1053 2678 2675
f 1053 2675 1052
f 2678 1059 2671
f 2678 2671 2672
f 2559 2558 1051
f 2559 1051 2674
f 2679 2680 2681
f 2679 2681 2677
f 2682 2681 2680
f 2682 2680 2683
f 716 2684 2680
f 716 2680 2679
f 2684 716 717
f 2684 717 2685
f 2684 2686 2683
f 2684 2683 2680
f 2686 2684 2685
f 2686 2685 2687
f 714 716 2679
f 714 2679 722
f 722 2679 2677
f 722 2677 2676
f 2556 2682 2688
f 2556 2688 2689
f 2690 2691 2688
f 2690 2688 2692
f 2688 2682 2683
f 2688 2683 2692
f 2691 2579 2689
f 2691 2689 2688
f 2556 2557 2681
f 2556 2681 2682
f 2557 2559 2677
f 2557 2677 2681
f 720 722 2676
f 720 2676 2673
f 2671 2670 710
f 2671 710 711
f 710 2670 2669
f 710 2669 709
f 709 2669 770
f 709 770 657
f 996 995 1037
f 996 1037 2693
f 1247 996 2693
f 1247 2693 1246
f 1238 1246 2693
f 1238 2693 1237
f 1038 1237 2693
f 1038 2693 1037
f 1235 1237 1038
f 1235 1038 2694
f 1236 1235 2694
f 1236 2694 2695
f 2695 2694 1035
f 2695 1035 209
f 2695 2696 2697
f 2695 2697 1236
f 2698 2697 2696
f 2698 2696 2699
f 2699 2696 208
f 2699 208 210
f 2700 2698 2699
f 2700 2699 2701
f 2697 2698 1196
f 2697 1196 1194
f 1189 1196 2698
f 1189 2698 2700
f 1186 1189 2700
f 1186 2700 1183
f 1183 2700 2701
f 1183 2701 1184
f 1184 2701 2702
f 1184 2702 233
f 217 218 233
f 217 233 2702
f 2702 210 211
f 2702 211 217
f 210 2702 2701
f 210 2701 2699
f 2696 2695 209
f 2696 209 208
f 1236 2697 1194
f 1236 1194 1193
f 1035 2694 1038
f 1035 1038 1036
f 996 1247 1015
f 996 1015 994
f 1016 1015 1247
f 1016 1247 1242
f 184 1029 1031
f 184 1031 185
f 922 1006 938
f 922 938 921
f 1006 922 924
f 1006 924 984
f 1390 1010 1013
f 1390 1013 1391
f 1010 1003 1011
f 1010 1011 1013
f 944 3738 3739
f 944 3740 3741
f 944 2703 3743
f 944 3743 3742
f 2703 2704 3745
f 2703 3745 3744
f 2705 2706 2704
f 2705 2704 2703
f 2704 3746 3747
f 2704 3748 3749
f 2704 2706 3751
f 2704 3751 3750
f 2706 3752 3753
f 2708 2707 2709
f 2708 2709 2710
f 2707 2706 2705
f 2707 2705 2709
f 2709 2705 2711
f 2709 2711 2712
f 2713 2714 2711
f 2713 2711 2715
f 2703 944 2716
f 2703 2716 2715
f 2717 2713 2715
f 2717 2715 2716
f 2716 965 963
f 2716 963 2717
f 965 2716 944
f 965 944 943
f 2705 2703 2715
f 2705 2715 2711
f 2714 2718 2712
f 2714 2712 2711
f 2718 2719 2720
f 2718 2720 2712
f 2710 2709 2712
f 2710 2712 2720
f 2718 2714 2721
f 2718 2721 2722
f 2723 2724 2721
f 2723 2721 2725
f 2714 2713 2725
f 2714 2725 2721
f 2724 2726 2722
f 2724 2722 2721
f 2729 2593 2591
f 2729 2591 2727
f 2730 2729 2727
f 2730 2727 2728
f 2728 2710 2720
f 2728 2720 2730
f 2730 2720 2719
f 2730 2719 2731
f 2729 2730 2731
f 2729 2731 2732
f 2732 2733 2593
f 2732 2593 2729
f 2604 2607 2595
f 2604 2595 2733
f 2733 2732 2605
f 2733 2605 2604
f 2733 2595 2589
f 2733 2589 2593
f 2734 2605 2732
f 2734 2732 2731
f 2605 2734 2735
f 2605 2735 2606
f 2734 2736 2737
f 2734 2737 2735
f 2736 2722 2726
f 2736 2726 2737
f 2722 2736 2719
f 2722 2719 2718
f 2731 2719 2736
f 2731 2736 2734
f 2738 2491 2735
f 2738 2735 2737
f 2491 2738 2484
f 2491 2484 2487
f 2485 2484 2738
f 2485 2738 2739
f 2739 2740 2741
f 2739 2741 2485
f 2742 2740 2724
f 2742 2724 2723
f 2743 2741 2740
f 2743 2740 2742
f 2744 2482 2741
f 2744 2741 2743
f 1451 2745 2744
f 1451 2744 2743
f 2743 2742 1449
f 2743 1449 1451
f 2742 2723 1450
f 2742 1450 1449
f 2740 2739 2726
f 2740 2726 2724
f 2739 2738 2737
f 2739 2737 2726
f 2491 2490 2606
f 2491 2606 2735
f 2713 2717 2746
f 2713 2746 2725
f 2725 2746 1450
f 2725 1450 2723
f 1450 2746 962
f 1450 962 1448
f 963 962 2746
f 963 2746 2717
f 943 946 958
f 943 958 965
f 2747 1262 1226
f 2747 1226 1225
f 2748 2747 2749
f 2748 2749 2750
f 2749 1216 1214
f 2749 1214 1978
f 2747 1225 1216
f 2747 1216 2749
f 2750 2749 1978
f 2750 1978 1977
f 2751 2748 2750
f 2751 2750 2752
f 2751 2752 2753
f 2751 2753 2754
f 2755 2753 2756
f 2755 2756 2757
f 2757 2756 2758
f 2757 2758 2759
f 2758 1979 1980
f 2758 1980 2760
f 2760 2761 2759
f 2760 2759 2758
f 2762 2759 2761
f 2762 2761 2763
f 2445 2762 2763
f 2445 2763 2443
f 2764 2438 2443
f 2764 2443 2763
f 2763 2761 2765
f 2763 2765 2764
f 2759 2762 2766
f 2759 2766 2757
f 2761 2760 2767
f 2761 2767 2765
f 1988 2768 2767
f 1988 2767 1982
f 2760 1980 1982
f 2760 1982 2767
f 2765 2767 2768
f 2765 2768 2769
f 2756 2770 1979
f 2756 1979 2758
f 1977 2770 2752
f 1977 2752 2750
f 2753 2752 2770
f 2753 2770 2756
f 2770 1977 1975
f 2770 1975 1979
f 2755 2771 2754
f 2755 2754 2753
f 2772 2754 2771
f 2772 2771 2773
f 2773 2771 2766
f 2773 2766 2774
f 2395 2773 2774
f 2395 2774 2775
f 2391 2395 2775
f 2391 2775 2389
f 2389 2775 2444
f 2389 2444 2390
f 2445 2444 2775
f 2445 2775 2774
f 2396 2772 2773
f 2396 2773 2395
f 2774 2766 2762
f 2774 2762 2445
f 2766 2771 2755
f 2766 2755 2757
f 2754 2772 1261
f 2754 1261 2751
f 2751 1261 1260
f 2751 1260 2748
f 2748 1260 1262
f 2748 1262 2747
f 1222 1173 1170
f 1222 1170 2776
f 1223 1222 2776
f 1223 2776 2777
f 2777 1952 1951
f 2777 1951 1223
f 2778 2779 1952
f 2778 1952 2777
f 2780 2781 2778
f 2780 2778 2782
f 2780 2782 1169
f 2780 1169 2783
f 2784 2781 2780
f 2784 2780 2783
f 2784 2785 2786
f 2784 2786 2781
f 2787 2786 2785
f 2787 2785 2788
f 2788 2785 1479
f 2788 1479 1478
f 2789 2787 2788
f 2789 2788 2790
f 2790 2791 1962
f 2790 1962 2789
f 1480 2792 2791
f 1480 2791 2790
f 2790 2788 1478
f 2790 1478 1480
f 1955 2779 2786
f 1955 2786 2787
f 2787 2789 1953
f 2787 1953 1955
f 2793 1479 2785
f 2793 2785 2784
f 2784 2783 1166
f 2784 1166 2793
f 2793 1166 1167
f 2793 1167 2794
f 2794 1477 1479
f 2794 1479 2793
f 2781 2786 2779
f 2781 2779 2778
f 2783 1169 1164
f 2783 1164 1166
f 2782 2776 1170
f 2782 1170 1169
f 2777 2776 2782
f 2777 2782 2778
f 1168 1163 1154
f 1168 1154 1465
f 1465 1154 1152
f 1465 1152 1158
f 2794 1167 1168
f 2794 1168 2795
f 1477 2794 2795
f 1477 2795 1469
f 1463 1462 1469
f 1463 1469 2795
f 1465 1463 2795
f 1465 2795 1168
f 1178 1190 1196
f 1178 1196 1189
f 1263 1274 1275
f 1263 1275 1252
f 1273 1272 2796
f 1273 2796 2797
f 2797 2796 2798
f 2797 2798 2799
f 2798 2800 2801
f 2798 2801 2799
f 2800 2802 2803
f 2800 2803 2801
f 2804 2802 2369
f 2804 2369 2368
f 2805 2806 2804
f 2805 2804 2807
f 2808 2809 2803
f 2808 2803 2806
f 2801 2803 2809
f 2801 2809 2799
f 2806 2803 2802
f 2806 2802 2804
f 2810 2797 2799
f 2810 2799 2809
f 2811 1273 2797
f 2811 2797 2810
f 2810 2812 2813
f 2810 2813 2811
f 2809 2808 2812
f 2809 2812 2810
f 2814 2808 2806
f 2814 2806 2805
f 2807 511 513
f 2807 513 2805
f 511 2807 2815
f 511 2815 515
f 2364 2363 2815
f 2364 2815 2368
f 2368 2815 2807
f 2368 2807 2804
f 2363 2365 515
f 2363 515 2815
f 2816 2814 2805
f 2816 2805 513
f 2817 2818 2814
f 2817 2814 2816
f 2819 2816 513
f 2819 513 512
f 2819 512 514
f 2819 514 517
f 2816 2819 2820
f 2816 2820 2817
f 2820 2819 517
f 2820 517 522
f 2812 2818 2821
f 2812 2821 2813
f 2822 2821 2818
f 2822 2818 2817
f 2823 2824 2813
f 2823 2813 2821
f 2821 2822 2825
f 2821 2825 2823
f 2808 2814 2818
f 2808 2818 2812
f 2802 2800 2372
f 2802 2372 2369
f 2800 2798 2826
f 2800 2826 2372
f 2826 2798 2796
f 2826 2796 2827
f 2826 2827 1264
f 2826 1264 2828
f 2828 2371 2372
f 2828 2372 2826
f 2371 2828 2375
f 2371 2375 2370
f 1265 2375 2828
f 1265 2828 1264
f 1264 2827 1274
f 1264 1274 1263
f 2827 2796 1272
f 2827 1272 1274
f 2829 1271 1273
f 2829 1273 2811
f 1271 2829 1399
f 1271 1399 1270
f 2829 2824 1400
f 2829 1400 1399
f 2811 2813 2824
f 2811 2824 2829
f 1401 1276 1269
f 1401 1269 1270
f 1423 1428 1282
f 1423 1282 1299
f 1421 1423 1299
f 1421 1299 1301
f 1301 2830 1422
f 1301 1422 1421
f 2831 2830 1310
f 2831 1310 1309
f 2830 2831 2832
f 2830 2832 1422
f 2833 1651 2832
f 2833 2832 2831
f 2833 2834 2835
f 2833 2835 2836
f 1907 1909 2836
f 1907 2836 2835
f 1909 1648 1650
f 1909 1650 2836
f 2836 1650 1651
f 2836 1651 2833
f 1907 2835 2837
f 1907 2837 1908
f 1307 1306 2838
f 1307 2838 2837
f 2839 2840 2841
f 2839 2841 2838
f 2840 2839 2067
f 2840 2067 2066
f 2067 2839 1308
f 2067 1308 1327
f 1308 2839 2838
f 1308 2838 1306
f 1903 2841 2840
f 1903 2840 2842
f 1904 1903 2842
f 1904 2842 2462
f 2462 2842 2843
f 2462 2843 2844
f 2843 2845 2846
f 2843 2846 2844
f 2843 2066 2065
f 2843 2065 2845
f 2842 2840 2066
f 2842 2066 2843
f 1908 2837 2838
f 1908 2838 2841
f 2841 1903 1905
f 2841 1905 1908
f 2837 2835 2834
f 2837 2834 1307
f 2834 1309 1303
f 2834 1303 1307
f 2833 2831 1309
f 2833 1309 2834
f 1422 2832 1654
f 1422 1654 1419
f 1654 2832 1651
f 1654 1651 1646
f 2830 1301 1300
f 2830 1300 1310
f 1324 1330 1354
f 1324 1354 1323
f 2246 1323 1354
f 2246 1354 1355
f 1342 1341 1364
f 1342 1364 1345
f 2847 1364 1365
f 2847 1365 2848
f 2849 2847 2848
f 2849 2848 2825
f 2850 2851 2852
f 2850 2852 2849
f 522 2851 2850
f 522 2850 2820
f 2817 2820 2850
f 2817 2850 2822
f 2822 2850 2849
f 2822 2849 2825
f 2852 2851 2853
f 2852 2853 2854
f 2851 522 521
f 2851 521 2853
f 2853 533 534
f 2853 534 2854
f 2855 2856 2852
f 2855 2852 2854
f 2847 2849 2852
f 2847 2852 2856
f 1345 1364 2847
f 1345 2847 2856
f 2856 2855 1343
f 2856 1343 1345
f 2855 2857 1344
f 2855 1344 1343
f 2857 532 2858
f 2857 2858 1344
f 2859 1348 2858
f 2859 2858 2860
f 532 531 2860
f 532 2860 2858
f 1344 2858 1348
f 1344 1348 1339
f 532 2857 534
f 532 534 530
f 2854 534 2857
f 2854 2857 2855
f 520 533 2853
f 520 2853 521
f 2848 2861 2823
f 2848 2823 2825
f 1366 2861 2848
f 1366 2848 1365
f 2861 1400 2824
f 2861 2824 2823
f 1400 2861 1366
f 1400 1366 1398
f 1366 1363 1368
f 1366 1368 1398
f 969 952 953
f 969 953 968
f 952 969 972
f 952 972 951
f 2862 1456 1458
f 2862 1458 2863
f 2864 2862 2863
f 2864 2863 2865
f 1155 1148 2866
f 1155 2866 2865
f 2867 2864 2865
f 2867 2865 2866
f 2868 2869 2864
f 2868 2864 2867
f 238 2868 2867
f 238 2867 2870
f 2871 2872 2869
f 2871 2869 2868
f 2869 2873 2862
f 2869 2862 2864
f 2872 2874 2873
f 2872 2873 2869
f 1455 2873 2874
f 1455 2874 2875
f 1453 1455 2875
f 1453 2875 1452
f 1452 2875 2745
f 1452 2745 1451
f 2876 2745 2875
f 2876 2875 2874
f 2874 2872 2877
f 2874 2877 2876
f 2878 2879 2876
f 2878 2876 2877
f 2880 2881 2878
f 2880 2878 2877
f 2880 2877 2872
f 2880 2872 2871
f 2873 1455 1456
f 2873 1456 2862
f 236 2871 2868
f 236 2868 238
f 2882 2870 2883
f 2882 2883 1188
f 2883 2866 1148
f 2883 1148 1147
f 2870 2867 2866
f 2870 2866 2883
f 1147 1149 1188
f 1147 1188 2883
f 1187 2882 1188
f 1187 1188 1182
f 237 238 2870
f 237 2870 2882
f 234 237 2882
f 234 2882 1187
f 2865 2863 1156
f 2865 1156 1155
f 1159 1156 2863
f 1159 2863 1458
f 934 929 854
f 934 854 853
f 1559 1565 1555
f 1559 1555 1553
f 1683 1682 1555
f 1683 1555 1565
f 1576 1684 1683
f 1576 1683 1565
f 1572 1574 1592
f 1572 1592 2884
f 1573 1572 2884
f 1573 2884 2885
f 1577 2885 1684
f 1577 1684 1576
f 2885 2884 1686
f 2885 1686 1684
f 1573 2885 1577
f 1573 1577 1570
f 1600 1686 2884
f 1600 2884 1592
f 1592 1591 1599
f 1592 1599 1600
f 886 879 881
f 886 881 1627
f 1543 1762 1525
f 1543 1525 1526
f 1544 1757 1762
f 1544 1762 1543
f 893 892 838
f 893 838 837
f 1083 1084 1777
f 1083 1777 1090
f 1079 1089 1801
f 1079 1801 1106
f 1850 2886 2887
f 1850 2887 1851
f 1420 2887 2886
f 1420 2886 1418
f 1851 2887 1652
f 1851 1652 1663
f 2887 1420 1653
f 2887 1653 1652
f 1418 2886 1417
f 1418 1417 1410
f 2886 1850 1852
f 2886 1852 1417
f 1663 1664 1849
f 1663 1849 1851
f 1788 1825 1854
f 1788 1854 1789
f 1416 1854 1825
f 1416 1825 1413
f 1860 1800 1794
f 1860 1794 1793
f 1097 1098 1671
f 1097 1671 2888
f 1603 1103 1097
f 1603 1097 2888
f 2888 2889 1604
f 2888 1604 1603
f 2888 1671 1672
f 2888 1672 2889
f 1670 1602 1604
f 1670 1604 2889
f 1670 2889 1672
f 1670 1672 1669
f 1602 1670 1598
f 1602 1598 1593
f 1861 1105 1107
f 1861 1107 1859
f 1561 1563 1756
f 1561 1756 1755
f 1541 1561 1755
f 1541 1755 1542
f 1685 1556 1555
f 1685 1555 1682
f 2890 3754 3755
f 2890 2891 3757
f 2890 3757 3756
f 2892 2893 2891
f 2892 2891 2890
f 2894 2893 2895
f 2894 2895 2896
f 2893 2892 1967
f 2893 1967 2895
f 1923 2890 3759
f 1923 3759 3758
f 2890 1923 2892
f 1968 1967 2892
f 1968 2892 1923
f 2896 2895 1964
f 2896 1964 1966
f 2897 2894 2896
f 2897 2896 2898
f 2898 2899 2900
f 2898 2900 2897
f 2897 2900 2901
f 2897 2901 2902
f 2900 2903 2904
f 2900 2904 2901
f 2901 3760 3761
f 2901 2904 3763
f 2901 3763 3762
f 2904 2905 2906
f 2904 2906 3765
f 2904 3765 3764
f 2903 2907 2905
f 2903 2905 2904
f 2902 2901 3767
f 2902 3767 3766
f 2902 3768 3769
f 2908 3770 3771
f 2908 2902 3773
f 2908 3773 3772
f 2894 2897 2902
f 2894 2902 2908
f 2908 2891 2893
f 2908 2893 2894
f 2899 2909 2903
f 2899 2903 2900
f 2910 2911 2899
f 2910 2899 2898
f 2909 2899 2911
f 2909 2911 2912
f 2912 2911 2913
f 2912 2913 2914
f 1961 2913 2911
f 1961 2911 2910
f 1966 2910 2898
f 1966 2898 2896
f 2895 1967 1965
f 2895 1965 1964
f 2890 3774 3775
f 2891 2908 3777
f 2891 3777 3776
f 2891 3778 3779
f 2906 3780 3781
f 2906 3782 3783
f 2915 3784 3785
f 2915 3786 3787
f 2916 3788 3789
f 2916 2917 3791
f 2916 3791 3790
f 2918 2916 3793
f 2918 3793 3792
f 2918 3794 3795
f 2919 2918 3797
f 2919 3797 3796
f 2915 2919 3799
f 2915 3799 3798
f 2917 2916 2920
f 2917 2920 1498
f 2921 2920 2916
f 2921 2916 2918
f 1498 2920 2922
f 1498 2922 1497
f 2923 2922 2920
f 2923 2920 2921
f 2917 3800 3801
f 2917 3802 3803
f 1498 1495 3805
f 1498 3805 3804
f 2917 1498 3807
f 2917 3807 3806
f 2915 3808 3809
f 2924 2915 3811
f 2924 3811 3810
f 2925 2919 2915
f 2925 2915 2924
f 2907 2926 2925
f 2907 2925 2905
f 2927 2928 2926
f 2927 2926 2907
f 2928 2929 2930
f 2928 2930 2926
f 2929 2928 2931
f 2929 2931 2932
f 2933 2931 2928
f 2933 2928 2927
f 2926 2930 2919
f 2926 2919 2925
f 2905 2925 2924
f 2905 2924 2906
f 2924 3812 3813
f 2906 2924 3815
f 2906 3815 3814
f 1930 2934 1994
f 1930 1994 1932
f 1989 1986 1994
f 1989 1994 2934
f 1990 1989 2934
f 1990 2934 2935
f 2936 1990 2935
f 2936 2935 2937
f 2938 2936 2937
f 2938 2937 2939
f 2768 1988 1990
f 2768 1990 2936
f 2936 2938 2769
f 2936 2769 2768
f 2938 2940 2941
f 2938 2941 2769
f 2438 2764 2941
f 2438 2941 2439
f 2439 2941 2940
f 2439 2940 2440
f 2938 2939 2942
f 2938 2942 2940
f 2943 2942 2939
f 2943 2939 2944
f 2940 2942 2945
f 2940 2945 2440
f 2946 2436 2945
f 2946 2945 2947
f 2942 2943 2947
f 2942 2947 2945
f 2436 2431 2440
f 2436 2440 2945
f 2948 2943 2944
f 2948 2944 2949
f 2950 2949 2951
f 2950 2951 2952
f 2949 2944 2953
f 2949 2953 2951
f 2954 2948 2949
f 2954 2949 2950
f 2944 2939 2937
f 2944 2937 2953
f 2764 2765 2769
f 2764 2769 2941
f 2953 2937 2935
f 2953 2935 1929
f 1929 2935 2934
f 1929 2934 1930
f 1959 1961 2910
f 1959 2910 1966
f 415 3816 3817
f 412 411 415
f 412 415 3819
f 412 3819 3818
f 412 3820 3821
f 397 402 2955
f 397 2955 417
f 2956 416 417
f 2956 417 2955
f 2957 2958 2956
f 2957 2956 2959
f 1997 2958 2960
f 1997 2960 3823
f 1997 3823 3822
f 2960 3824 3825
f 2961 2962 3827
f 2961 3827 3826
f 2962 3828 3829
f 2963 2961 3831
f 2963 3831 3830
f 2961 3832 3833
f 2964 2963 3835
f 2964 3835 3834
f 2963 3836 3837
f 2964 2965 2957
f 2964 2957 2966
f 2960 3838 3839
f 2960 2965 3841
f 2960 3841 3840
f 2965 3842 3843
f 2965 2964 3845
f 2965 3845 3844
f 2965 2960 2958
f 2965 2958 2957
f 2966 2957 2959
f 2966 2959 2967
f 2964 2966 2968
f 2964 2968 2963
f 2969 2961 2963
f 2969 2963 2968
f 2961 2969 2970
f 2961 2970 2962
f 2969 2971 2972
f 2969 2972 2970
f 2968 2973 2971
f 2968 2971 2969
f 2973 2968 2966
f 2973 2966 2967
f 416 2956 2958
f 416 2958 1997
f 2955 2974 2959
f 2955 2959 2956
f 2967 2959 2974
f 2967 2974 2975
f 2973 2967 2975
f 2973 2975 2976
f 2977 2971 2973
f 2977 2973 2976
f 2971 2977 2978
f 2971 2978 2972
f 2979 2980 2972
f 2979 2972 2978
f 2981 2982 2980
f 2981 2980 2979
f 2983 2980 2982
f 2983 2982 2984
f 2011 2010 2984
f 2011 2984 2982
f 2982 2981 2985
f 2982 2985 2011
f 2983 2986 2962
f 2983 2962 2970
f 2984 2000 2986
f 2984 2986 2983
f 2970 2972 2980
f 2970 2980 2983
f 2981 2979 2987
f 2981 2987 2988
f 453 452 2987
f 453 2987 2989
f 2989 2990 454
f 2989 454 453
f 2990 2989 2978
f 2990 2978 2977
f 2979 2978 2989
f 2979 2989 2987
f 452 2991 2988
f 452 2988 2987
f 2992 2988 2991
f 2992 2991 2993
f 2993 2991 458
f 2993 458 2994
f 450 458 2991
f 450 2991 452
f 2977 2976 2995
f 2977 2995 2990
f 2996 454 2990
f 2996 2990 2995
f 454 2996 462
f 454 462 449
f 461 462 2996
f 461 2996 2997
f 404 2997 2998
f 404 2998 2999
f 2975 2974 2999
f 2975 2999 2998
f 2976 2975 2998
f 2976 2998 2995
f 2997 2996 2995
f 2997 2995 2998
f 403 461 2997
f 403 2997 404
f 402 2999 2974
f 402 2974 2955
f 2999 402 400
f 2999 400 404
f 415 414 1996
f 415 1996 3847
f 415 3847 3846
f 1997 1996 414
f 1997 414 416
f 2160 2129 2131
f 2160 2131 2148
f 3000 2204 2080
f 3000 2080 2079
f 2079 2081 2220
f 2079 2220 3000
f 3001 2203 2204
f 3001 2204 3000
f 3001 3002 2201
f 3001 2201 2203
f 3003 3002 3004
f 3003 3004 3005
f 3004 3002 3001
f 3004 3001 3006
f 3001 3000 2220
f 3001 2220 3006
f 3005 3004 3006
f 3005 3006 3007
f 3007 2196 2197
f 3007 2197 3005
f 3003 3005 2197
f 3003 2197 2198
f 3003 2198 2201
f 3003 2201 3002
f 2219 2195 2196
f 2219 2196 3007
f 2220 2219 3007
f 2220 3007 3006
f 2217 2076 2074
f 2217 2074 2073
f 2129 2160 2136
f 2129 2136 2128
f 3008 2134 2136
f 3008 2136 3009
f 3010 3008 3009
f 3010 3009 3011
f 3011 3009 2159
f 3011 2159 2161
f 3012 3010 3011
f 3012 3011 3013
f 3013 3011 2161
f 3013 2161 3014
f 3014 2157 3015
f 3014 3015 3016
f 3017 3015 2157
f 3017 2157 2156
f 3015 3017 2249
f 3015 2249 3018
f 3016 3015 3018
f 3016 3018 3019
f 3019 3020 3021
f 3019 3021 3016
f 3013 3021 3022
f 3013 3022 3012
f 3023 3024 3022
f 3023 3022 3025
f 3025 3022 3021
f 3025 3021 3020
f 3024 3026 3012
f 3024 3012 3022
f 3013 3014 3016
f 3013 3016 3021
f 1353 3020 3019
f 1353 3019 1352
f 1352 3019 3018
f 1352 3018 1355
f 2245 1355 3018
f 2245 3018 2249
f 3017 2177 2247
f 3017 2247 2249
f 2177 3017 2156
f 2177 2156 2158
f 2161 2152 2157
f 2161 2157 3014
f 3008 3010 3027
f 3008 3027 3028
f 3027 3026 3029
f 3027 3029 3030
f 3029 3031 3032
f 3029 3032 3033
f 3033 3032 3034
f 3033 3034 3035
f 3034 3036 3037
f 3034 3037 3038
f 3036 3034 3032
f 3036 3032 3039
f 3031 3040 3039
f 3031 3039 3032
f 3041 3039 3040
f 3041 3040 3042
f 3023 3043 3042
f 3023 3042 3040
f 3040 3031 3024
f 3040 3024 3023
f 3044 3036 3039
f 3044 3039 3041
f 3045 3037 3036
f 3045 3036 3044
f 3046 3047 3045
f 3046 3045 3044
f 3048 3046 3044
f 3048 3044 3041
f 3049 3050 3051
f 3049 3051 3038
f 3051 3052 3053
f 3051 3053 3035
f 3054 3053 3052
f 3054 3052 3055
f 3056 3033 3035
f 3056 3035 3053
f 3053 3054 3057
f 3053 3057 3056
f 3052 3051 3050
f 3052 3050 3058
f 3059 3058 3050
f 3059 3050 3060
f 3050 3049 3061
f 3050 3061 3060
f 3038 3051 3035
f 3038 3035 3034
f 3038 3037 3062
f 3038 3062 3049
f 3045 334 3062
f 3045 3062 3037
f 3062 3063 3061
f 3062 3061 3049
f 3064 3061 3063
f 3064 3063 2577
f 2577 3063 333
f 2577 333 335
f 334 333 3063
f 334 3063 3062
f 3031 3029 3026
f 3031 3026 3024
f 3033 3056 3030
f 3033 3030 3029
f 3028 3027 3030
f 3028 3030 3065
f 3065 3066 2135
f 3065 2135 3028
f 2134 3008 3028
f 2134 3028 2135
f 3066 3067 2133
f 3066 2133 2135
f 2125 2133 3067
f 2125 3067 2117
f 2117 3067 3068
f 2117 3068 2115
f 2115 3068 2114
f 2115 2114 2107
f 3069 2114 3068
f 3069 3068 3070
f 3067 3066 3070
f 3067 3070 3068
f 3066 3065 3057
f 3066 3057 3070
f 3056 3057 3065
f 3056 3065 3030
f 3010 3012 3026
f 3010 3026 3027
f 3009 2136 2160
f 3009 2160 2159
f 2188 2199 2186
f 2188 2186 2180
f 2064 2267 2068
f 2064 2068 2060
f 1322 2268 2267
f 1322 2267 2064
f 1322 1318 2252
f 1322 2252 2268
f 2182 2187 2178
f 2182 2178 2175
f 2177 2176 2248
f 2177 2248 2247
f 2065 2048 2037
f 2065 2037 2845
f 2036 2846 2845
f 2036 2845 2037
f 3071 3072 2844
f 3071 2844 2846
f 3073 3074 3071
f 3073 3071 2039
f 3074 3073 3075
f 3074 3075 3076
f 3075 3077 3078
f 3075 3078 3079
f 3077 3075 3073
f 3077 3073 3080
f 3081 3077 3080
f 3081 3080 3082
f 3083 3081 3082
f 3083 3082 3084
f 3085 3078 3077
f 3085 3077 3081
f 3085 3086 3087
f 3085 3087 3088
f 3086 3085 3081
f 3086 3081 3083
f 3089 3086 3083
f 3089 3083 3090
f 3090 3083 3084
f 3090 3084 3091
f 3092 3087 3086
f 3092 3086 3089
f 3093 3092 3094
f 3093 3094 3095
f 3094 3092 3089
f 3094 3089 3096
f 3093 3097 3087
f 3093 3087 3092
f 3098 3099 3100
f 3098 3100 3088
f 3088 3100 3078
f 3088 3078 3085
f 3100 3101 3079
f 3100 3079 3078
f 3100 3099 3102
f 3100 3102 3101
f 3097 3098 3088
f 3097 3088 3087
f 3099 3098 3103
f 3099 3103 3104
f 3105 3103 3098
f 3105 3098 3097
f 3084 3082 2040
f 3084 2040 3106
f 3091 3084 3106
f 3091 3106 3107
f 3108 3091 3107
f 3108 3107 3109
f 3109 3110 3111
f 3109 3111 3108
f 3112 2096 3110
f 3112 3110 3109
f 3110 3113 3114
f 3110 3114 3111
f 3113 3110 2096
f 3113 2096 2095
f 3115 3116 3108
f 3115 3108 3111
f 3116 3090 3091
f 3116 3091 3108
f 3109 3107 2042
f 3109 2042 3112
f 2041 2042 3107
f 2041 3107 3106
f 3106 2040 2033
f 3106 2033 2041
f 2038 2040 3082
f 2038 3082 3080
f 2039 2038 3080
f 2039 3080 3073
f 3076 3075 3079
f 3076 3079 3117
f 3118 3076 3117
f 3118 3117 3119
f 3076 3118 3120
f 3076 3120 3074
f 2460 3072 3120
f 2460 3120 2461
f 2844 3072 2460
f 2844 2460 2462
f 3074 3120 3072
f 3074 3072 3071
f 3118 3121 2461
f 3118 2461 3120
f 3122 3121 3118
f 3122 3118 3119
f 2463 2459 2461
f 2463 2461 3121
f 3123 2463 3121
f 3123 3121 3122
f 1735 3123 3122
f 1735 3122 1734
f 1745 1746 2463
f 1745 2463 3123
f 3123 1735 1736
f 3123 1736 1745
f 3119 3124 1734
f 3119 1734 3122
f 3117 3125 3124
f 3117 3124 3119
f 3117 3079 3101
f 3117 3101 3125
f 2039 3071 2846
f 2039 2846 2036
f 3126 3025 3020
f 3126 3020 1353
f 3025 3126 3043
f 3025 3043 3023
f 3043 3126 1356
f 3043 1356 1357
f 1350 1356 3126
f 1350 3126 1353
f 2282 2284 2289
f 2282 2289 3127
f 2283 2282 3127
f 2283 3127 2324
f 2324 3127 3128
f 2324 3128 3129
f 3130 3128 3127
f 3130 3127 2289
f 3130 3131 3132
f 3130 3132 3133
f 2289 2288 3131
f 2289 3131 3130
f 3134 3132 3131
f 3134 3131 3135
f 3136 3137 3133
f 3136 3133 3132
f 3128 3130 3133
f 3128 3133 3138
f 3129 3128 3138
f 3129 3138 3139
f 3139 3140 3141
f 3139 3141 3129
f 3142 3143 3140
f 3142 3140 3139
f 3139 3138 3144
f 3139 3144 3142
f 3143 3142 3145
f 3143 3145 3146
f 3142 3144 3147
f 3142 3147 3145
f 3140 3148 3149
f 3140 3149 3141
f 2341 3148 3150
f 2341 3150 3151
f 3143 3150 3148
f 3143 3148 3140
f 3148 2341 2342
f 3148 2342 3149
f 3129 3141 2323
f 3129 2323 2324
f 3141 3149 2322
f 3141 2322 2323
f 3137 3144 3138
f 3137 3138 3133
f 3144 3137 3152
f 3144 3152 3147
f 3153 3154 3147
f 3153 3147 3152
f 3155 3153 3152
f 3155 3152 3156
f 3154 3153 3157
f 3154 3157 3158
f 3159 3157 3153
f 3159 3153 3155
f 3156 3152 3137
f 3156 3137 3136
f 3160 3136 3132
f 3160 3132 3134
f 3135 2290 3849
f 3135 3849 3848
f 3135 3850 3851
f 2290 3852 3853
f 2290 3853 3854
f 3131 2288 2290
f 3131 2290 3135
f 2285 2286 2298
f 2285 2298 2291
f 2274 3855 3856
f 2274 3857 3858
f 2303 2296 2300
f 2303 2300 2403
f 1893 1898 1886
f 1893 1886 1888
f 1711 1710 1717
f 1711 1717 1729
f 3161 1709 1711
f 3161 1711 1730
f 1709 3161 3104
f 1709 3104 1708
f 3099 3104 3161
f 3099 3161 3102
f 1730 1732 3102
f 1730 3102 3161
f 1732 1731 3124
f 1732 3124 3125
f 1734 3124 1731
f 1734 1731 1733
f 3101 3102 1732
f 3101 1732 3125
f 1933 3859 3860
f 3162 1933 3862
f 3162 3862 3861
f 3163 3162 3864
f 3163 3864 3863
f 3162 3865 3866
f 3164 3163 3868
f 3164 3868 3867
f 3163 3869 3870
f 3163 2952 1931
f 3163 1931 3162
f 3164 2950 2952
f 3164 2952 3163
f 3165 2954 2950
f 3165 2950 3164
f 2954 3165 3166
f 2954 3166 3167
f 3166 3165 3872
f 3166 3872 3871
f 3165 3873 3874
f 3164 3875 3876
f 3165 3164 3878
f 3165 3878 3877
f 3168 3879 3880
f 3168 3881 3882
f 3162 1931 1925
f 3162 1925 1933
f 3169 3883 3884
f 3169 3885 3886
f 3170 3887 3888
f 3170 3889 3890
f 3171 3891 3892
f 3170 3171 3894
f 3170 3894 3893
f 3172 3170 3896
f 3172 3896 3895
f 3173 3172 3898
f 3173 3898 3897
f 3173 3899 3900
f 3173 3901 3902
f 3174 3169 3904
f 3174 3904 3903
f 3175 3174 3906
f 3175 3906 3905
f 3176 3174 3175
f 3176 3175 3177
f 3178 3176 3177
f 3178 3177 3179
f 3174 3176 3180
f 3174 3180 3181
f 3182 3183 3181
f 3182 3181 3180
f 3180 3184 3185
f 3180 3185 3182
f 3184 3180 3176
f 3184 3176 3178
f 3181 3186 3169
f 3181 3169 3174
f 3179 3187 3188
f 3179 3188 3178
f 3189 2416 3187
f 3189 3187 3179
f 3187 2411 2435
f 3187 2435 3188
f 2416 2409 2411
f 2416 2411 3187
f 3179 3177 3190
f 3179 3190 3189
f 3189 3190 3172
f 3189 3172 3191
f 3190 3171 3170
f 3190 3170 3172
f 3177 3175 3171
f 3177 3171 3190
f 3171 3175 3908
f 3171 3908 3907
f 3175 3909 3910
f 3186 3168 3912
f 3186 3912 3911
f 3186 3913 3914
f 3169 3186 3916
f 3169 3916 3915
f 3169 3917 3918
f 393 137 128
f 393 128 431
f 91 136 138
f 91 138 392
f 89 91 392
f 89 392 3192
f 3193 90 89
f 3193 89 3192
f 391 3194 3193
f 391 3193 3192
f 3193 3919 3920
f 3193 3194 3922
f 3193 3922 3921
f 3195 3923 3924
f 3195 368 3926
f 3195 3926 3925
f 3194 3195 3928
f 3194 3928 3927
f 3195 3929 3930
f 390 367 368
f 390 368 3195
f 391 390 3195
f 391 3195 3194
f 3193 3931 3932
f 90 3193 3934
f 90 3934 3933
f 88 90 3936
f 88 3936 3935
f 90 3937 3938
f 392 389 391
f 392 391 3192
f 172 166 169
f 172 169 189
f 191 187 185
f 191 185 1031
f 245 244 2477
f 245 2477 2483
f 2881 245 2483
f 2881 2483 2878
f 2878 2483 2481
f 2878 2481 2879
f 2482 2480 2485
f 2482 2485 2741
f 226 228 245
f 226 245 2881
f 227 226 2881
f 227 2881 2880
f 3196 3939 3940
f 3196 2536 3942
f 3196 3942 3941
f 3196 3943 3944
f 2534 2529 2536
f 2534 2536 3196
f 255 3196 3946
f 255 3946 3945
f 3196 255 2534
f 309 306 314
f 309 314 3197
f 2860 3197 3198
f 2860 3198 2859
f 2859 3198 3199
f 2859 3199 3200
f 3201 3202 3200
f 3201 3200 3199
f 1348 2859 3200
f 1348 3200 1347
f 3202 1346 1347
f 3202 1347 3200
f 3203 1358 1346
f 3203 1346 3202
f 1358 3203 3204
f 1358 3204 1357
f 3041 3042 3204
f 3041 3204 3048
f 3203 3205 3048
f 3203 3048 3204
f 3202 3201 3205
f 3202 3205 3203
f 338 3201 3199
f 338 3199 337
f 340 3205 3201
f 340 3201 338
f 3046 3048 3205
f 3046 3205 340
f 3042 3043 1357
f 3042 1357 3204
f 3198 316 337
f 3198 337 3199
f 316 3198 3197
f 316 3197 314
f 531 309 3197
f 531 3197 2860
f 322 337 316
f 322 316 315
f 340 339 3047
f 340 3047 3046
f 339 326 332
f 339 332 3047
f 334 3045 3047
f 334 3047 332
f 2578 2562 2560
f 2578 2560 2561
f 2579 2578 2561
f 2579 2561 2689
f 2554 2556 2689
f 2554 2689 2561
f 2574 2576 2579
f 2574 2579 2691
f 2575 2574 2691
f 2575 2691 2690
f 2573 3064 2577
f 2573 2577 2571
f 2575 3206 3207
f 2575 3207 2572
f 3208 3209 3210
f 3208 3210 3207
f 3211 3212 3213
f 3211 3213 3209
f 3214 3210 3209
f 3214 3209 3213
f 3207 3210 2573
f 3207 2573 2572
f 3210 3214 3064
f 3210 3064 2573
f 3061 3064 3214
f 3061 3214 3060
f 3213 3059 3060
f 3213 3060 3214
f 3212 3215 3059
f 3212 3059 3213
f 3216 3217 3212
f 3216 3212 3211
f 3217 3218 3215
f 3217 3215 3212
f 3058 3059 3215
f 3058 3215 3219
f 3055 3219 3220
f 3055 3220 3221
f 3221 3220 2112
f 3221 2112 2113
f 3055 3221 3069
f 3055 3069 3054
f 3221 2113 2114
f 3221 2114 3069
f 3220 3218 3222
f 3220 3222 2112
f 3219 3215 3218
f 3219 3218 3220
f 3223 3222 3218
f 3223 3218 3217
f 3224 3225 3222
f 3224 3222 3223
f 3226 3224 3223
f 3226 3223 3227
f 3217 3216 3227
f 3217 3227 3223
f 3055 3052 3058
f 3055 3058 3219
f 3211 3228 3229
f 3211 3229 3216
f 3230 3231 3229
f 3230 3229 3228
f 3216 3229 3232
f 3216 3232 3227
f 3233 3226 3227
f 3233 3227 3232
f 3233 3234 3235
f 3233 3235 3226
f 3235 3234 3236
f 3235 3236 3237
f 3234 3238 3239
f 3234 3239 3236
f 3233 3240 3238
f 3233 3238 3234
f 3233 3232 3241
f 3233 3241 3240
f 3231 3241 3232
f 3231 3232 3229
f 3240 3241 3242
f 3240 3242 3243
f 3244 3242 3241
f 3244 3241 3231
f 3245 3244 3231
f 3245 3231 3230
f 3244 3245 3246
f 3244 3246 3247
f 3246 3248 2687
f 3246 2687 3249
f 3247 3246 3249
f 3247 3249 3250
f 3249 3251 3252
f 3249 3252 3250
f 2687 2685 3251
f 2687 3251 3249
f 3253 3254 3255
f 3253 3255 3248
f 3248 3246 3245
f 3248 3245 3253
f 2686 2687 3248
f 2686 3248 3255
f 3230 3256 3253
f 3230 3253 3245
f 3228 3208 3256
f 3228 3256 3230
f 3208 3207 3206
f 3208 3206 3256
f 3209 3208 3228
f 3209 3228 3211
f 3256 3206 3254
f 3256 3254 3253
f 3206 2575 2690
f 3206 2690 3254
f 366 367 378
f 366 378 369
f 2647 2646 2656
f 2647 2656 3257
f 3257 2656 2657
f 3257 2657 3258
f 3259 3258 3260
f 3259 3260 3261
f 3262 3263 3264
f 3262 3264 3260
f 3260 3264 3265
f 3260 3265 3261
f 3266 3267 3265
f 3266 3265 3268
f 3261 3265 3267
f 3261 3267 3269
f 3270 3271 3269
f 3270 3269 3267
f 3269 3271 3272
f 3269 3272 3273
f 3273 3272 3274
f 3273 3274 3275
f 3275 3274 3276
f 3275 3276 3277
f 3274 3278 3279
f 3274 3279 3276
f 3274 3272 3280
f 3274 3280 3278
f 3273 3259 3261
f 3273 3261 3269
f 3259 3273 3275
f 3259 3275 3281
f 3282 3280 3272
f 3282 3272 3271
f 3280 3282 3283
f 3280 3283 3284
f 3282 3285 3286
f 3282 3286 3283
f 3271 3270 3285
f 3271 3285 3282
f 3267 3266 3287
f 3267 3287 3270
f 3268 3288 3289
f 3268 3289 3266
f 3290 3291 3292
f 3290 3292 3288
f 3291 3293 3294
f 3291 3294 3292
f 826 3295 3294
f 826 3294 3293
f 3293 819 820
f 3293 820 826
f 3291 817 819
f 3291 819 3293
f 3288 3292 3296
f 3288 3296 3289
f 3292 3294 3297
f 3292 3297 3296
f 3298 3299 3289
f 3298 3289 3296
f 3296 3297 3300
f 3296 3300 3298
f 3301 817 3291
f 3301 3291 3290
f 3301 2664 818
f 3301 818 817
f 3302 2663 2664
f 3302 2664 3301
f 3302 3301 3290
f 3302 3290 3303
f 3303 3290 3288
f 3303 3288 3268
f 3264 3303 3268
f 3264 3268 3265
f 3266 3289 3299
f 3266 3299 3287
f 3270 3287 3304
f 3270 3304 3285
f 3305 3286 3285
f 3305 3285 3304
f 3306 3305 3307
f 3306 3307 3308
f 3304 3309 3307
f 3304 3307 3305
f 3310 3286 3305
f 3310 3305 3306
f 3309 3304 3287
f 3309 3287 3299
f 3263 3302 3303
f 3263 3303 3264
f 3302 3263 2661
f 3302 2661 2663
f 2661 3263 3262
f 2661 3262 2662
f 3262 2657 2658
f 3262 2658 2662
f 3258 2657 3262
f 3258 3262 3260
f 3258 3259 3281
f 3258 3281 3257
f 3257 3281 3311
f 3257 3311 2647
f 2643 2641 3311
f 2643 3311 3277
f 3281 3275 3277
f 3281 3277 3311
f 2641 2640 2647
f 2641 2647 3311
f 821 818 2664
f 821 2664 2659
f 2643 3312 3313
f 2643 3313 2642
f 3239 3314 3313
f 3239 3313 3315
f 3313 3314 2637
f 3313 2637 2642
f 3316 2634 2637
f 3316 2637 3314
f 3238 3316 3314
f 3238 3314 3239
f 2635 2634 3316
f 2635 3316 3243
f 3238 3240 3243
f 3238 3243 3316
f 3317 3315 3318
f 3317 3318 3319
f 3315 3313 3312
f 3315 3312 3318
f 3318 3312 3276
f 3318 3276 3279
f 3312 2643 3277
f 3312 3277 3276
f 3319 3318 3279
f 3319 3279 3320
f 3321 3319 3320
f 3321 3320 3322
f 3321 3323 3317
f 3321 3317 3319
f 3317 3323 3237
f 3317 3237 3236
f 3236 3239 3315
f 3236 3315 3317
f 3324 3325 3237
f 3324 3237 3323
f 3324 3326 3327
f 3324 3327 3325
f 2121 2120 3327
f 2121 3327 3326
f 3325 3327 3328
f 3325 3328 3329
f 2111 2110 3225
f 2111 3225 3328
f 2120 2111 3328
f 2120 3328 3327
f 3329 3328 3225
f 3329 3225 3224
f 3330 2121 3326
f 3330 3326 3331
f 3331 3332 3333
f 3331 3333 3330
f 3334 3335 3330
f 3334 3330 3333
f 3333 3336 3337
f 3333 3337 3334
f 3332 3338 3336
f 3332 3336 3333
f 3332 3331 3339
f 3332 3339 3340
f 3340 3339 3321
f 3340 3321 3322
f 3339 3324 3323
f 3339 3323 3321
f 3324 3339 3331
f 3324 3331 3326
f 3325 3329 3235
f 3325 3235 3237
f 3341 3322 3320
f 3341 3320 3342
f 3279 3278 3342
f 3279 3342 3320
f 3342 3284 3343
f 3342 3343 3341
f 3343 3284 3283
f 3343 3283 3344
f 3345 3343 3344
f 3345 3344 3346
f 3345 3346 3347
f 3345 3347 3348
f 3349 3350 3351
f 3349 3351 3347
f 3350 3352 3353
f 3350 3353 3351
f 3354 3355 3352
f 3354 3352 3350
f 3356 3354 3350
f 3356 3350 3349
f 3347 3346 3357
f 3347 3357 3349
f 3357 3310 3306
f 3357 3306 3358
f 3346 3344 3310
f 3346 3310 3357
f 3358 3356 3349
f 3358 3349 3357
f 3348 3347 3351
f 3348 3351 3359
f 3359 3336 3338
f 3359 3338 3348
f 3360 3337 3336
f 3360 3336 3359
f 3359 3351 3353
f 3359 3353 3360
f 3343 3345 3361
f 3343 3361 3341
f 3361 3340 3322
f 3361 3322 3341
f 3340 3361 3338
f 3340 3338 3332
f 3361 3345 3348
f 3361 3348 3338
f 3344 3283 3286
f 3344 3286 3310
f 3278 3280 3284
f 3278 3284 3342
f 809 808 816
f 809 816 2666
f 810 809 2666
f 810 2666 2667
f 3362 700 693
f 3362 693 695
f 718 704 700
f 718 700 3362
f 3362 3363 719
f 3362 719 718
f 695 2631 3363
f 695 3363 3362
f 3363 3252 3251
f 3363 3251 719
f 3252 3363 2631
f 3252 2631 2630
f 2631 695 696
f 2631 696 2632
f 2632 696 698
f 2632 698 2626
f 2635 3364 2633
f 2635 2633 2627
f 3247 3364 3242
f 3247 3242 3244
f 3243 3242 3364
f 3243 3364 2635
f 3364 3247 3250
f 3364 3250 2633
f 657 652 661
f 657 661 709
f 951 972 3948
f 951 3948 3947
f 951 3949 3950
f 2558 1050 1044
f 2558 1044 1051
f 1185 1184 233
f 1185 233 232
f 1016 1243 1393
f 1016 1393 1014
f 1391 1013 1014
f 1391 1014 1393
f 1384 1393 1243
f 1384 1243 1244
f 1385 1425 1392
f 1385 1392 1387
f 1386 1403 1425
f 1386 1425 1385
f 2879 2481 2482
f 2879 2482 2744
f 2745 2876 2879
f 2745 2879 2744
f 2871 236 227
f 2871 227 2880
f 2772 2396 1258
f 2772 1258 1261
f 1223 1951 1218
f 1223 1218 1220
f 2951 2953 1929
f 2951 1929 1928
f 2779 1955 1950
f 2779 1950 1952
f 1954 1953 2789
f 1954 2789 1962
f 1470 1473 2792
f 1470 2792 1480
f 2375 1265 1266
f 2375 1266 2373
f 1473 1474 3365
f 1473 3365 3366
f 3365 1484 3367
f 3365 3367 3368
f 2932 2931 3368
f 2932 3368 3367
f 3366 3365 3368
f 3366 3368 3369
f 2914 3369 2933
f 2914 2933 2912
f 2931 2933 3369
f 2931 3369 3368
f 3369 2914 3370
f 3369 3370 3366
f 2792 3370 3371
f 2792 3371 2791
f 2791 3371 1960
f 2791 1960 1962
f 3371 2913 1961
f 3371 1961 1960
f 3371 3370 2914
f 3371 2914 2913
f 1473 3366 3370
f 1473 3370 2792
f 1503 2932 3367
f 1503 3367 1501
f 1484 1483 1501
f 1484 1501 3367
f 1484 3365 1474
f 1484 1474 1476
f 1502 1496 1497
f 1502 1497 2922
f 1503 1502 2922
f 1503 2922 2923
f 2923 2929 2932
f 2923 2932 1503
f 2930 2921 2918
f 2930 2918 2919
f 2929 2923 2921
f 2929 2921 2930
f 2927 2909 2912
f 2927 2912 2933
f 2907 2903 2909
f 2907 2909 2927
f 232 234 1187
f 232 1187 1185
f 1801 1800 1107
f 1801 1107 1106
f 1859 1107 1800
f 1859 1800 1860
f 1654 1653 1420
f 1654 1420 1419
f 3372 2947 2943
f 3372 2943 2948
f 3185 2946 2947
f 3185 2947 3372
f 3372 3167 3182
f 3372 3182 3185
f 2948 2954 3167
f 2948 3167 3372
f 1928 1931 2952
f 1928 2952 2951
f 364 3951 3952
f 2962 2986 3954
f 2962 3954 3953
f 2986 3955 3956
f 2986 2000 3958
f 2986 3958 3957
f 2000 3959 3960
f 2000 2984 2010
f 2000 2010 1998
f 2985 2981 2988
f 2985 2988 2992
f 3373 2009 2011
f 3373 2011 2985
f 2009 3373 2006
f 2009 2006 2005
f 2006 3373 3374
f 2006 3374 3375
f 3375 3374 3376
f 3375 3376 3377
f 3374 2992 2993
f 3374 2993 3376
f 3378 3379 3377
f 3378 3377 3376
f 3380 3377 3379
f 3380 3379 3381
f 3381 3382 3383
f 3381 3383 3380
f 2002 3383 2012
f 2002 2012 3962
f 2002 3962 3961
f 3382 2013 2012
f 3382 2012 3383
f 2013 3382 3384
f 2013 3384 3385
f 3382 3381 3386
f 3382 3386 3384
f 3158 3157 3384
f 3158 3384 3386
f 3387 3158 3386
f 3387 3386 3388
f 3381 3379 3388
f 3381 3388 3386
f 3388 3389 3390
f 3388 3390 3387
f 3379 3378 3389
f 3379 3389 3388
f 3385 3384 3157
f 3385 3157 3159
f 2013 3385 3391
f 2013 3391 3964
f 2013 3964 3963
f 3159 3391 3385
f 3380 3383 2002
f 3380 2002 3392
f 3392 3375 3377
f 3392 3377 3380
f 2004 2006 3375
f 2004 3375 3392
f 2004 3392 2002
f 2004 2002 2001
f 3376 2993 2994
f 3376 2994 3378
f 3373 2985 2992
f 3373 2992 3374
f 2994 458 455
f 2994 455 3393
f 3393 3389 3378
f 3393 3378 2994
f 3389 3393 3394
f 3389 3394 3390
f 3394 457 467
f 3394 467 3395
f 3390 3394 3395
f 3390 3395 3396
f 3396 3397 3387
f 3396 3387 3390
f 3158 3387 3397
f 3158 3397 3154
f 3145 3147 3154
f 3145 3154 3397
f 3146 3145 3397
f 3146 3397 3396
f 3396 3395 3398
f 3396 3398 3146
f 469 3398 3395
f 469 3395 467
f 3146 3398 3150
f 3146 3150 3143
f 3398 469 3151
f 3398 3151 3150
f 3393 455 457
f 3393 457 3394
f 3070 3057 3054
f 3070 3054 3069
f 3399 2043 2044
f 3399 2044 2051
f 2043 3399 3112
f 2043 3112 2042
f 3399 2093 2096
f 3399 2096 3112
f 3399 2051 2055
f 3399 2055 2093
f 3400 2097 2091
f 3400 2091 2100
f 3400 3401 3402
f 3400 3402 3403
f 3337 3360 3402
f 3337 3402 3401
f 3404 3402 3360
f 3404 3360 3353
f 3404 3405 3403
f 3404 3403 3402
f 3405 3406 2098
f 3405 2098 3403
f 3407 3408 3406
f 3407 3406 3405
f 3114 3408 3409
f 3114 3409 3410
f 3411 3410 3409
f 3411 3409 3355
f 3412 3115 3410
f 3412 3410 3411
f 3413 3412 3411
f 3413 3411 3414
f 3414 3411 3355
f 3414 3355 3354
f 3111 3114 3410
f 3111 3410 3115
f 3415 3352 3355
f 3415 3355 3409
f 3404 3353 3352
f 3404 3352 3415
f 3404 3415 3407
f 3404 3407 3405
f 3409 3408 3407
f 3409 3407 3415
f 3408 3114 3113
f 3408 3113 3406
f 3406 3113 2095
f 3406 2095 2098
f 2097 3400 3403
f 2097 3403 2098
f 3401 2102 3334
f 3401 3334 3337
f 3400 2100 2102
f 3400 2102 3401
f 3335 3334 2102
f 3335 2102 2101
f 2101 2103 2119
f 2101 2119 3335
f 2064 2063 1320
f 2064 1320 1322
f 1321 1320 2063
f 1321 2063 1326
f 2421 3965 3966
f 2421 3967 3965
f 2423 3968 3969
f 2423 3970 3971
f 2302 2423 3973
f 2302 3973 3972
f 2422 2415 2414
f 2422 2414 3191
f 2421 2422 3975
f 2421 3975 3974
f 2422 3173 3977
f 2422 3977 3976
f 2418 3978 3979
f 2418 3980 3981
f 2326 2322 3149
f 2326 3149 2342
f 2411 2410 2433
f 2411 2433 2435
f 2427 2433 2410
f 2427 2410 2412
f 3188 2435 2434
f 3188 2434 3416
f 3416 2434 2436
f 3416 2436 2946
f 3178 3188 3416
f 3178 3416 3184
f 3184 3416 2946
f 3184 2946 3185
f 2416 3189 3191
f 2416 3191 2414
f 2332 2362 2333
f 2332 2333 2329
f 507 2365 2359
f 507 2359 509
f 3417 2361 2331
f 3417 2331 2330
f 508 509 2361
f 508 2361 3417
f 508 3417 485
f 508 485 483
f 2330 2338 485
f 2330 485 3417
f 485 2338 2339
f 485 2339 484
f 2339 2337 475
f 2339 475 474
f 474 476 484
f 474 484 2339
f 3418 471 475
f 3418 475 2340
f 3418 3151 469
f 3418 469 468
f 2340 2341 3151
f 2340 3151 3418
f 471 3418 468
f 471 468 465
f 506 515 2365
f 506 2365 507
f 3168 3183 3166
f 3168 3166 3983
f 3168 3983 3982
f 3183 3182 3167
f 3183 3167 3166
f 3186 3181 3183
f 3186 3183 3168
f 3295 826 823
f 3295 823 833
f 3419 3295 833
f 3419 833 834
f 3419 3297 3294
f 3419 3294 3295
f 3297 3419 3420
f 3297 3420 3300
f 3421 3422 3300
f 3421 3300 3420
f 3422 3421 3423
f 3422 3423 3424
f 3423 3425 3426
f 3423 3426 3424
f 3427 3426 3425
f 3427 3425 3428
f 3095 3427 3428
f 3095 3428 3093
f 3426 3427 3429
f 3426 3429 3430
f 3430 3429 3431
f 3430 3431 3308
f 3308 3431 3358
f 3308 3358 3306
f 3356 3358 3431
f 3356 3431 3432
f 3414 3432 3433
f 3414 3433 3413
f 3432 3431 3429
f 3432 3429 3433
f 3354 3356 3432
f 3354 3432 3414
f 3424 3426 3430
f 3424 3430 3434
f 3434 3307 3309
f 3434 3309 3435
f 3308 3307 3434
f 3308 3434 3430
f 3424 3434 3435
f 3424 3435 3422
f 3433 3429 3427
f 3433 3427 3095
f 3428 3105 3097
f 3428 3097 3093
f 3428 3425 3436
f 3428 3436 3105
f 3437 3436 3425
f 3437 3425 3423
f 3438 1705 3439
f 3438 3439 3437
f 3436 3437 3439
f 3436 3439 3440
f 1707 1708 3440
f 1707 3440 3439
f 3105 3436 3440
f 3105 3440 3103
f 3103 3440 1708
f 3103 1708 3104
f 1705 1702 1707
f 1705 1707 3439
f 3438 3441 1704
f 3438 1704 1705
f 3441 834 831
f 3441 831 1704
f 834 3441 3420
f 834 3420 3419
f 3441 3438 3421
f 3441 3421 3420
f 3438 3437 3423
f 3438 3423 3421
f 2685 717 719
f 2685 719 3251
f 2692 2683 2686
f 2692 2686 3255
f 3254 2690 2692
f 3254 2692 3255
f 3250 3252 2630
f 3250 2630 2633
f 3298 3300 3422
f 3298 3422 3435
f 3435 3309 3299
f 3435 3299 3298
f 3096 3089 3090
f 3096 3090 3116
f 3412 3096 3116
f 3412 3116 3115
f 3095 3094 3413
f 3095 3413 3433
f 3412 3413 3094
f 3412 3094 3096
f 3173 2422 3191
f 3173 3191 3172
f 3235 3329 3224
f 3235 3224 3226
f 3222 3225 2110
f 3222 2110 2112
f 3335 2119 2121
f 3335 2121 3330
f 3984 3443 3442
f 3984 3445 3444
f 3984 3447 3446
f 3984 3449 3448
f 3984 3451 3450
f 3984 3453 3452
f 3984 3455 3454
f 3984 3457 3456
f 3984 3459 3458
f 3984 3461 3460
f 3984 3463 3462
f 3984 3465 3464
f 3984 3467 3466
f 3984 3469 3468
f 3984 3471 3470
f 3984 3473 3472
f 3984 3475 3474
f 3984 3477 3476
f 3984 3479 3478
f 3984 3481 3480
f 3984 3483 3482
f 3984 3485 3484
f 3984 3487 3486
f 3984 3489 3488
f 3984 3491 3490
f 3984 3493 3492
f 3984 3495 3494
f 3984 3497 3496
f 3984 3499 3498
f 3984 3501 3500
f 3984 3503 3502
f 3984 3505 3504
f 3984 3507 3506
f 3984 3509 3508
f 3984 3511 3510
f 3984 3513 3512
f 3984 3515 3514
f 3984 3517 3516
f 3984 3519 3518
f 3984 3521 3520
f 3984 3523 3522
f 3984 3525 3524
f 3984 3527 3526
f 3984 3529 3528
f 3984 3531 3530
f 3984 3533 3532
f 3984 3535 3534
f 3984 3537 3536
f 3984 3539 3538
f 3984 3541 3540
f 3984 3543 3542
f 3984 3545 3544
f 3984 3547 3546
f 3984 3549 3548
f 3984 3551 3550
f 3984 3553 3552
f 3984 3555 3554
f 3984 3557 3556
f 3984 3559 3558
f 3984 3561 3560
f 3984 3563 3562
f 3984 3565 3564
f 3984 3567 3566
f 3984 3569 3568
f 3984 3571 3570
f 3984 3573 3572
f 3984 3575 3574
f 3984 3577 3576
f 3984 3579 3578
f 3984 3581 3580
f 3984 3583 3582
f 3984 3585 3584
f 3984 3587 3586
f 3984 3589 3588
f 3984 3591 3590
f 3984 3593 3592
f 3984 3595 3594
f 3984 3597 3596
f 3984 3599 3598
f 3984 3601 3600
f 3984 3603 3602
f 3984 3605 3604
f 3984 3607 3606
f 3984 3609 3608
f 3984 3611 3610
f 3984 3613 3612
f 3984 3615 3614
f 3984 3617 3616
f 3984 3619 3618
f 3984 3621 3620
f 3984 3623 3622
f 3984 3625 3624
f 3984 3627 3626
f 3984 3629 3628
f 3984 3631 3630
f 3984 3633 3632
f 3984 3635 3634
f 3984 3637 3636
f 3984 3639 3638
f 3984 3641 3640
f 3984 3643 3642
f 3984 3645 3644
f 3984 3647 3646
f 3984 3649 3648
f 3984 3651 3650
f 3984 3653 3652
f 3984 3655 3654
f 3984 3657 3656
f 3984 3659 3658
f 3984 3661 3660
f 3984 3663 3662
f 3984 3665 3664
f 3984 3667 3666
f 3984 3669 3668
f 3984 3671 3670
f 3984 3673 3672
f 3984 3675 3674
f 3984 3677 3676
f 3984 3679 3678
f 3984 3681 3680
f 3984 3683 3682
f 3984 3685 3684
f 3984 3687 3686
f 3984 3689 3688
f 3984 3691 3690
f 3984 3693 3692
f 3984 3695 3694
f 3984 3697 3696
f 3984 3699 3698
f 3984 3701 3700
f 3984 3703 3702
f 3984 3705 3704
f 3984 3707 3706
f 3984 3709 3708
f 3984 3711 3710
f 3984 3713 3712
f 3984 3715 3714
f 3984 3717 3716
f 3984 3719 3718
f 3984 3721 3720
f 3984 3723 3722
f 3984 3725 3724
f 3984 3727 3726
f 3984 3729 3728
f 3984 3731 3730
f 3984 3733 3732
f 3984 3735 3734
f 3984 3737 3736
f 3984 3739 3738
f 3984 3741 3740
f 3984 3743 3742
f 3984 3745 3744
f 3984 3747 3746
f 3984 3749 3748
f 3984 3751 3750
f 3984 3753 3752
f 3984 3755 3754
f 3984 3757 3756
f 3984 3759 3758
f 3984 3761 3760
f 3984 3763 3762
f 3984 3765 3764
f 3984 3767 3766
f 3984 3769 3768
f 3984 3771 3770
f 3984 3773 3772
f 3984 3775 3774
f 3984 3777 3776
f 3984 3779 3778
f 3984 3781 3780
f 3984 3783 3782
f 3984 3785 3784
f 3984 3787 3786
f 3984 3789 3788
f 3984 3791 3790
f 3984 3793 3792
f 3984 3795 3794
f 3984 3797 3796
f 3984 3799 3798
f 3984 3801 3800
f 3984 3803 3802
f 3984 3805 3804
f 3984 3807 3806
f 3984 3809 3808
f 3984 3811 3810
f 3984 3813 3812
f 3984 3815 3814
f 3984 3817 3816
f 3984 3819 3818
f 3984 3821 3820
f 3984 3823 3822
f 3984 3825 3824
f 3984 3827 3826
f 3984 3829 3828
f 3984 3831 3830
f 3984 3833 3832
f 3984 3835 3834
f 3984 3837 3836
f 3984 3839 3838
f 3984 3841 3840
f 3984 3843 3842
f 3984 3845 3844
f 3984 3847 3846
f 3984 3849 3848
f 3984 3851 3850
f 3984 3853 3852
f 3984 3854 3853
f 3984 3856 3855
f 3984 3858 3857
f 3984 3860 3859
f 3984 3862 3861
f 3984 3864 3863
f 3984 3866 3865
f 3984 3868 3867
f 3984 3870 3869
f 3984 3872 3871
f 3984 3874 3873
f 3984 3876 3875
f 3984 3878 3877
f 3984 3880 3879
f 3984 3882 3881
f 3984 3884 3883
f 3984 3886 3885
f 3984 3888 3887
f 3984 3890 3889
f 3984 3892 3891
f 3984 3894 3893
f 3984 3896 3895
f 3984 3898 3897
f 3984 3900 3899
f 3984 3902 3901
f 3984 3904 3903
f 3984 3906 3905
f 3984 3908 3907
f 3984 3910 3909
f 3984 3912 3911
f 3984 3914 3913
f 3984 3916 3915
f 3984 3918 3917
f 3984 3920 3919
f 3984 3922 3921
f 3984 3924 3923
f 3984 3926 3925
f 3984 3928 3927
f 3984 3930 3929
f 3984 3932 3931
f 3984 3934 3933
f 3984 3936 3935
f 3984 3938 3937
f 3984 3940 3939
f 3984 3942 3941
f 3984 3944 3943
f 3984 3946 3945
f 3984 3948 3947
f 3984 3950 3949
f 3984 3952 3951
f 3984 3954 3953
f 3984 3956 3955
f 3984 3958 3957
f 3984 3960 3959
f 3984 3962 3961
f 3984 3964 3963
f 3984 3966 3965
f 3984 3965 3967
f 3984 3969 3968
f 3984 3971 3970
f 3984 3973 3972
f 3984 3975 3974
f 3984 3977 3976
f 3984 3979 3978
f 3984 3981 3980
f 3984 3983 3982
f 3982 3168 3880
f 3881 3168 3982
f 3982 3168 3882
f 3912 3168 3982
f 3981 2418 3688
f 3693 2418 3981
f 3981 2418 3979
f 3980 2418 3981
f 3977 3173 3897
f 3977 3173 3899
f 3977 3173 3900
f 3977 3173 3901
f 3691 2421 3974
f 3974 2421 3966
f 3973 2423 3692
f 3973 2423 3968
f 3973 2423 3969
f 3973 2423 3970
f 3962 2012 3646
f 3962 2012 3647
f 3962 2012 3648
f 3962 2012 3650
f 3960 2000 3626
f 3959 2000 3960
f 3954 2986 3957
f 3957 2986 3956
f 3827 2962 3953
f 3953 2962 3829
f 3513 364 3952
f 3952 364 3515
f 3952 364 3524
f 3951 364 3952
f 3547 951 3950
f 3950 951 3551
f 3950 951 3947
f 3949 951 3950
f 3948 972 3560
f 3948 972 3562
f 3946 3196 3939
f 3946 3196 3941
f 3946 3196 3943
f 3946 3196 3944
f 3945 255 3503
f 3735 255 3945
f 3942 2536 3694
f 3942 2536 3696
f 3938 90 3933
f 3937 90 3938
f 3934 3193 3919
f 3934 3193 3920
f 3934 3193 3921
f 3934 3193 3931
f 3923 3195 3930
f 3930 3195 3924
f 3930 3195 3925
f 3929 3195 3930
f 3926 368 3516
f 3926 368 3518
f 3918 3169 3884
f 3885 3169 3918
f 3918 3169 3886
f 3904 3169 3918
f 3918 3169 3915
f 3917 3169 3918
f 3916 3186 3911
f 3916 3186 3913
f 3910 3175 3905
f 3909 3175 3910
f 3907 3171 3892
f 3894 3171 3907
f 3896 3170 3887
f 3896 3170 3888
f 3896 3170 3889
f 3896 3170 3893
f 3878 3164 3867
f 3878 3164 3875
f 3872 3165 3877
f 3877 3165 3874
f 3870 3163 3863
f 3869 3163 3870
f 3866 3162 3861
f 3865 3162 3866
f 3862 1933 3610
f 3862 1933 3612
f 3862 1933 3613
f 3862 1933 3859
f 3667 2274 3858
f 3858 2274 3668
f 3858 2274 3856
f 3857 2274 3858
f 3854 2290 3658
f 3852 2290 3854
f 3847 1996 3614
f 3847 1996 3616
f 3847 1996 3617
f 3847 1996 3618
f 3846 415 3817
f 3819 415 3846
f 3841 2965 3844
f 3844 2965 3843
f 3823 2960 3840
f 3824 2960 3840
f 3840 2960 3825
f 3840 2960 3839
f 3837 2963 3830
f 3836 2963 3837
f 3833 2961 3826
f 3832 2961 3833
f 3527 412 3821
f 3821 412 3529
f 3821 412 3818
f 3820 412 3821
f 3815 2924 3810
f 3815 2924 3812
f 3765 2906 3814
f 3814 2906 3781
f 3782 2906 3814
f 3814 2906 3783
f 3811 2915 3784
f 3811 2915 3785
f 3811 2915 3786
f 3811 2915 3787
f 3811 2915 3798
f 3811 2915 3808
f 3791 2917 3806
f 3800 2917 3806
f 3806 2917 3801
f 3806 2917 3803
f 3805 1495 3564
f 3805 1495 3572
f 3805 1495 3574
f 3805 1495 3575
f 3797 2918 3792
f 3797 2918 3794
f 3793 2916 3788
f 3793 2916 3790
f 3779 2891 3776
f 3778 2891 3779
f 3777 2908 3770
f 3777 2908 3772
f 3754 2890 3775
f 3775 2890 3755
f 3775 2890 3756
f 3774 2890 3775
f 3773 2902 3766
f 3773 2902 3768
f 3767 2901 3760
f 3767 2901 3762
f 3752 2706 3753
f 3745 2704 3750
f 3746 2704 3750
f 3750 2704 3747
f 3750 2704 3749
f 3535 944 3742
f 3738 944 3742
f 3742 944 3739
f 3742 944 3741
f 3737 254 3500
f 3737 254 3734
f 3736 2580 3719
f 3731 2580 3736
f 3732 2580 3736
f 3736 2580 3733
f 3727 2586 3720
f 3722 2586 3727
f 3727 2586 3723
f 3726 2586 3727
f 3717 2521 3714
f 3716 2521 3717
f 3715 2520 3706
f 3715 2520 3708
f 3713 2538 3710
f 3712 2538 3713
f 3707 2537 3702
f 3707 2537 3704
f 3695 2535 3700
f 3700 2535 3699
f 3680 2293 3686
f 3686 2293 3681
f 3683 2293 3686
f 3686 2293 3685
f 3677 2292 3682
f 3682 2292 3679
f 3675 2269 3652
f 3675 2269 3653
f 3675 2269 3654
f 3675 2269 3672
f 3669 2272 3674
f 3674 2272 3671
f 3657 2287 3664
f 3660 2287 3664
f 3664 2287 3661
f 3664 2287 3663
f 3621 1999 3645
f 3645 1999 3623
f 3645 1999 3642
f 3644 1999 3645
f 3643 2007 3636
f 3643 2007 3640
f 3639 2003 3634
f 3638 2003 3639
f 3635 2001 3628
f 3635 2001 3630
f 3635 2001 3631
f 3635 2001 3632
f 3627 1998 3620
f 3627 1998 3624
f 3609 1921 3590
f 3608 1921 3609
f 3605 1917 3598
f 3605 1917 3600
f 3587 1916 3604
f 3588 1916 3604
f 3604 1916 3589
f 3604 1916 3603
f 3601 1922 3594
f 3601 1922 3596
f 3593 1920 3586
f 3592 1920 3593
f 3585 947 3542
f 3585 947 3544
f 3585 947 3545
f 3585 947 3548
f 3579 1499 3584
f 3580 1499 3584
f 3584 1499 3581
f 3584 1499 3583
f 3567 1493 3576
f 3576 1493 3569
f 3570 1493 3576
f 3576 1493 3571
f 3559 945 3538
f 3559 945 3540
f 3553 956 3558
f 3554 956 3558
f 3558 956 3555
f 3558 956 3557
f 3541 942 3530
f 3541 942 3532
f 3541 942 3533
f 3541 942 3536
f 3523 365 3520
f 3522 365 3523
f 3521 362 3504
f 3521 362 3506
f 3512 363 3509
f 3511 363 3512
f 3492 83 3498
f 3498 83 3493
f 3495 83 3498
f 3498 83 3497
f 3494 80 3485
f 3487 80 3494
f 3491 79 3486
f 3490 79 3491
f 3462 8 3482
f 3482 8 3463
f 3465 8 3482
f 3482 8 3481
f 3474 57 3479
f 3479 57 3475
f 3479 57 3476
f 3478 57 3479
f 3477 60 3470
f 3477 60 3472
f 3467 10 3460
f 3467 10 3464
f 3442 14 3466
f 3466 14 3443
f 3445 14 3466
f 3466 14 3459
f 3457 16 3446
f 3453 16 3457
f 3457 16 3455
f 3456 16 3457
f 3452 18 3449
f 3451 18 3452
f 3880 3984 3982
f 3881 3984 3982
f 3882 3984 3982
f 3912 3984 3982
f 3981 3984 3688
f 3693 3984 3981
f 3979 3984 3981
f 3981 3984 3980
f 3977 3984 3897
f 3977 3984 3899
f 3900 3984 3977
f 3977 3984 3901
f 3691 3984 3974
f 3966 3984 3974
f 3973 3984 3692
f 3973 3984 3968
f 3969 3984 3973
f 3973 3984 3970
f 3962 3984 3646
f 3647 3984 3962
f 3962 3984 3648
f 3962 3984 3650
f 3960 3984 3626
f 3960 3984 3959
f 3954 3984 3957
f 3956 3984 3957
f 3827 3984 3953
f 3829 3984 3953
f 3513 3984 3952
f 3515 3984 3952
f 3952 3984 3524
f 3952 3984 3951
f 3547 3984 3950
f 3551 3984 3950
f 3950 3984 3947
f 3950 3984 3949
f 3948 3984 3560
f 3948 3984 3562
f 3946 3984 3939
f 3946 3984 3941
f 3946 3984 3943
f 3944 3984 3946
f 3503 3984 3945
f 3735 3984 3945
f 3942 3984 3694
f 3942 3984 3696
f 3938 3984 3933
f 3938 3984 3937
f 3934 3984 3919
f 3920 3984 3934
f 3934 3984 3921
f 3934 3984 3931
f 3930 3984 3923
f 3924 3984 3930
f 3930 3984 3925
f 3930 3984 3929
f 3926 3984 3516
f 3926 3984 3518
f 3884 3984 3918
f 3918 3984 3885
f 3886 3984 3918
f 3904 3984 3918
f 3918 3984 3915
f 3918 3984 3917
f 3916 3984 3911
f 3916 3984 3913
f 3910 3984 3905
f 3910 3984 3909
f 3892 3984 3907
f 3894 3984 3907
f 3896 3984 3887
f 3888 3984 3896
f 3896 3984 3889
f 3896 3984 3893
f 3878 3984 3867
f 3878 3984 3875
f 3872 3984 3877
f 3874 3984 3877
f 3870 3984 3863
f 3870 3984 3869
f 3866 3984 3861
f 3866 3984 3865
f 3862 3984 3610
f 3862 3984 3612
f 3613 3984 3862
f 3862 3984 3859
f 3667 3984 3858
f 3858 3984 3668
f 3856 3984 3858
f 3858 3984 3857
f 3854 3984 3658
f 3854 3984 3852
f 3847 3984 3614
f 3847 3984 3616
f 3617 3984 3847
f 3847 3984 3618
f 3817 3984 3846
f 3819 3984 3846
f 3841 3984 3844
f 3843 3984 3844
f 3823 3984 3840
f 3824 3984 3840
f 3825 3984 3840
f 3839 3984 3840
f 3837 3984 3830
f 3837 3984 3836
f 3833 3984 3826
f 3833 3984 3832
f 3527 3984 3821
f 3529 3984 3821
f 3821 3984 3818
f 3821 3984 3820
f 3815 3984 3810
f 3815 3984 3812
f 3765 3984 3814
f 3781 3984 3814
f 3782 3984 3814
f 3783 3984 3814
f 3811 3984 3784
f 3785 3984 3811
f 3811 3984 3786
f 3787 3984 3811
f 3811 3984 3798
f 3811 3984 3808
f 3791 3984 3806
f 3800 3984 3806
f 3801 3984 3806
f 3803 3984 3806
f 3805 3984 3564
f 3805 3984 3572
f 3805 3984 3574
f 3575 3984 3805
f 3797 3984 3792
f 3797 3984 3794
f 3793 3984 3788
f 3793 3984 3790
f 3779 3984 3776
f 3779 3984 3778
f 3777 3984 3770
f 3777 3984 3772
f 3775 3984 3754
f 3755 3984 3775
f 3775 3984 3756
f 3775 3984 3774
f 3773 3984 3766
f 3773 3984 3768
f 3767 3984 3760
f 3767 3984 3762
f 3753 3984 3752
f 3745 3984 3750
f 3746 3984 3750
f 3747 3984 3750
f 3749 3984 3750
f 3535 3984 3742
f 3738 3984 3742
f 3739 3984 3742
f 3741 3984 3742
f 3737 3984 3500
f 3737 3984 3734
f 3719 3984 3736
f 3731 3984 3736
f 3732 3984 3736
f 3733 3984 3736
f 3727 3984 3720
f 3727 3984 3722
f 3723 3984 3727
f 3727 3984 3726
f 3717 3984 3714
f 3717 3984 3716
f 3715 3984 3706
f 3715 3984 3708
f 3713 3984 3710
f 3713 3984 3712
f 3707 3984 3702
f 3707 3984 3704
f 3695 3984 3700
f 3699 3984 3700
f 3680 3984 3686
f 3681 3984 3686
f 3683 3984 3686
f 3685 3984 3686
f 3677 3984 3682
f 3679 3984 3682
f 3675 3984 3652
f 3653 3984 3675
f 3675 3984 3654
f 3675 3984 3672
f 3669 3984 3674
f 3671 3984 3674
f 3657 3984 3664
f 3660 3984 3664
f 3661 3984 3664
f 3663 3984 3664
f 3621 3984 3645
f 3623 3984 3645
f 3645 3984 3642
f 3645 3984 3644
f 3643 3984 3636
f 3643 3984 3640
f 3639 3984 3634
f 3639 3984 3638
f 3635 3984 3628
f 3635 3984 3630
f 3631 3984 3635
f 3635 3984 3632
f 3627 3984 3620
f 3627 3984 3624
f 3609 3984 3590
f 3609 3984 3608
f 3605 3984 3598
f 3605 3984 3600
f 3587 3984 3604
f 3588 3984 3604
f 3589 3984 3604
f 3603 3984 3604
f 3601 3984 3594
f 3601 3984 3596
f 3593 3984 3586
f 3593 3984 3592
f 3585 3984 3542
f 3585 3984 3544
f 3545 3984 3585
f 3585 3984 3548
f 3579 3984 3584
f 3580 3984 3584
f 3581 3984 3584
f 3583 3984 3584
f 3567 3984 3576
f 3569 3984 3576
f 3570 3984 3576
f 3571 3984 3576
f 3559 3984 3538
f 3559 3984 3540
f 3553 3984 3558
f 3554 3984 3558
f 3555 3984 3558
f 3557 3984 3558
f 3541 3984 3530
f 3541 3984 3532
f 3533 3984 3541
f 3541 3984 3536
f 3523 3984 3520
f 3523 3984 3522
f 3521 3984 3504
f 3521 3984 3506
f 3509 3984 3512
f 3511 3984 3512
f 3492 3984 3498
f 3493 3984 3498
f 3495 3984 3498
f 3497 3984 3498
f 3485 3984 3494
f 3487 3984 3494
f 3491 3984 3486
f 3491 3984 3490
f 3462 3984 3482
f 3463 3984 3482
f 3465 3984 3482
f 3481 3984 3482
f 3479 3984 3474
f 3475 3984 3479
f 3479 3984 3476
f 3479 3984 3478
f 3477 3984 3470
f 3477 3984 3472
f 3467 3984 3460
f 3467 3984 3464
f 3442 3984 3466
f 3443 3984 3466
f 3445 3984 3466
f 3459 3984 3466
f 3457 3984 3446
f 3453 3984 3457
f 3455 3984 3457
f 3457 3984 3456
f 3449 3984 3452
f 3451 3984 3452

