# ATMOS 3D Studio Mannequin Head (Smooth Ceramic Bust)
v -1.220100 16.584900 -1.637500
v -1.096200 16.756100 -1.581300
v -1.000100 16.570900 -1.672100
v -1.132200 16.461100 -1.697100
v -0.936300 16.415100 -1.734900
v -1.067200 16.330300 -1.748000
v -0.888800 16.268700 -1.781900
v -1.017500 16.198200 -1.788300
v -1.250500 16.345100 -1.717900
v -1.190000 16.235000 -1.757700
v -1.325600 16.443200 -1.673900
v -1.414600 16.518100 -1.633000
v -1.337300 16.664600 -1.586900
v -1.359900 16.231700 -1.728900
v -1.424800 16.314500 -1.694300
v -1.582700 16.254000 -1.671800
v -1.498000 16.382100 -1.660700
v -1.649100 16.302500 -1.645900
v -1.575300 16.434200 -1.631500
v -1.717100 16.339700 -1.625200
v -1.654600 16.472300 -1.609000
v -1.507500 16.571800 -1.599100
v -1.452000 16.715500 -1.547700
v -1.418600 16.863600 -1.477700
v -1.276500 16.824600 -1.520800
v -1.562000 16.746800 -1.520100
v -1.545400 16.884100 -1.448000
v -1.600900 16.608300 -1.574100
v -1.669700 16.764100 -1.504300
v -1.665700 16.892000 -1.431400
v -1.777200 16.771600 -1.499700
v -1.784200 16.891800 -1.427100
v -1.694600 16.631500 -1.559100
v -1.789200 16.644400 -1.553900
v -1.419000 17.010700 -1.391900
v -1.556100 17.015600 -1.361000
v -1.685600 17.011000 -1.342600
v -1.269000 16.994600 -1.432400
v -1.123600 17.140900 -1.380100
v -1.101100 16.973300 -1.476700
v -1.291200 17.145900 -1.337300
v -0.897500 16.803500 -1.590700
v -0.924400 16.978800 -1.507100
v -0.757200 16.979400 -1.532100
v -0.732500 16.824600 -1.601800
v -0.774600 17.124200 -1.456900
v -0.948000 17.137200 -1.419900
v -1.329400 17.275000 -1.234700
v -1.446700 17.145300 -1.296600
v -1.490300 17.262300 -1.193500
v -1.591100 17.135500 -1.263100
v -1.640700 17.239500 -1.157300
v -1.157000 17.281900 -1.277500
v -1.200500 17.401300 -1.158600
v -1.375000 17.378900 -1.120400
v -1.535900 17.352000 -1.080600
v -0.724200 16.173900 -1.811100
v -0.758300 16.323100 -1.773100
v -0.630000 16.359500 -1.762800
v -0.600800 16.207100 -1.798200
v -0.798600 16.475600 -1.725400
v -0.662900 16.512700 -1.718300
v -0.846100 16.634200 -1.665300
v -0.698300 16.667800 -1.664600
v -0.584300 16.827500 -1.608000
v -0.560100 16.680000 -1.662600
v -0.450000 16.817000 -1.601700
v -0.432800 16.677000 -1.651100
v -0.331500 16.798000 -1.579300
v -0.320000 16.664400 -1.625200
v -0.338600 16.924100 -1.527600
v -0.461500 16.950000 -1.546500
v -0.602200 16.969600 -1.547600
v -0.533200 16.530100 -1.710400
v -0.412700 16.531900 -1.693700
v -0.506400 16.378500 -1.750600
v -0.483400 16.223000 -1.778500
v -0.392800 16.382300 -1.727400
v -0.373600 16.230700 -1.752900
v -0.275200 16.233800 -1.721100
v -0.290500 16.380900 -1.696500
v -0.201900 16.376600 -1.661800
v -0.190500 16.233900 -1.686300
v -0.305800 16.524900 -1.664500
v -0.212900 16.515300 -1.630300
v -0.222700 16.649200 -1.592000
v -0.126200 16.371500 -1.629700
v -0.118700 16.232500 -1.654500
v -0.060400 16.367400 -1.606900
v -0.056700 16.230900 -1.631900
v -0.063900 16.499200 -1.575100
v -0.133300 16.506000 -1.598100
v -0.774800 17.380500 -1.284800
v -0.783300 17.257600 -1.374000
v -0.971000 17.282600 -1.321400
v -0.992100 17.431100 -1.194500
v -0.611600 17.225000 -1.408400
v -0.612100 17.102700 -1.481300
v -0.465600 17.074100 -1.485900
v -0.340000 17.041300 -1.470700
v -0.236000 17.010800 -1.444000
v -0.234900 16.897900 -1.497900
v -0.334900 17.148200 -1.409900
v -0.233900 17.114700 -1.388100
v -0.322000 17.242900 -1.347900
v -0.460400 17.187700 -1.419700
v -0.444100 17.289800 -1.349300
v -0.596200 17.335900 -1.331600
v -0.558300 17.434500 -1.258000
v -0.411900 17.381400 -1.279800
v -0.504300 17.528000 -1.190100
v -0.361500 17.468600 -1.212500
v -0.296700 17.323000 -1.288200
v -0.242000 17.390300 -1.228100
v -0.720200 17.483200 -1.212400
v -0.879500 17.535200 -1.133800
v -0.230900 17.206200 -1.334500
v -0.149900 17.094200 -1.360400
v -0.148500 16.988200 -1.415100
v -0.155900 17.195500 -1.306800
v -0.230100 17.273600 -1.293900
v -0.177500 17.293300 -1.260100
v -0.080000 17.195800 -1.279400
v -0.073700 17.084000 -1.337100
v -0.099200 17.319300 -1.221000
v -0.071700 16.974700 -1.392700
v 0.000000 16.970100 -1.384200
v -0.000000 16.858400 -1.436700
v -0.070500 16.863100 -1.445100
v 0.000000 17.080800 -1.328000
v -0.147000 16.876700 -1.467600
v -0.144000 16.759100 -1.516300
v -0.230300 16.777100 -1.547600
v -0.139400 16.635400 -1.560100
v -0.069000 16.747100 -1.493400
v -0.066800 16.625800 -1.537000
v -0.000000 16.742800 -1.485000
v -0.000000 16.622400 -1.528600
v -0.993700 17.595100 -1.019400
v -1.115900 17.528300 -1.039400
v -1.268600 17.483900 -1.022500
v -1.324300 17.531800 -0.884000
v -1.190100 17.580700 -0.899100
v -1.114800 17.660000 -0.771100
v -1.068500 17.637600 -0.895000
v -1.235200 17.605100 -0.766400
v -0.885900 17.666300 -0.984000
v -0.784500 17.621700 -1.078900
v -0.696000 17.707900 -1.024100
v -0.578600 17.669100 -1.087200
v -0.651500 17.576000 -1.147600
v -0.442800 17.624900 -1.127400
v -0.511000 17.767700 -1.031700
v -0.387200 17.730700 -1.070300
v -0.223800 17.805500 -1.029300
v -0.255000 17.684600 -1.083400
v -0.342900 17.841800 -1.018000
v -0.299400 17.565100 -1.146400
v -0.149800 17.475100 -1.157700
v -0.124600 17.635300 -1.077200
v -0.108600 17.771400 -1.020300
v -0.310900 17.958900 -0.970300
v -0.203500 17.930600 -0.982000
v -0.099300 17.905700 -0.976300
v -0.455200 17.872800 -0.981400
v -0.553100 17.899900 -0.924000
v -0.617300 17.799900 -0.971500
v -0.702700 17.829000 -0.894200
v -0.633900 17.924400 -0.851300
v -0.787800 17.743300 -0.940200
v -0.413600 17.984600 -0.936600
v -0.505100 18.007800 -0.883400
v -0.956400 17.700200 -0.874600
v -0.854800 17.770700 -0.842500
v -0.767700 17.852100 -0.804800
v -0.900000 17.786600 -0.739300
v -0.813300 17.866100 -0.708900
v -1.002000 17.719200 -0.761500
v -0.924900 17.787900 -0.636600
v -1.026200 17.720400 -0.651300
v -1.138600 17.661600 -0.653100
v -0.839300 17.868200 -0.611500
v -0.846500 17.856500 -0.517300
v -0.776600 17.949200 -0.488000
v -0.769400 17.959300 -0.581100
v -0.931300 17.773200 -0.539100
v -0.743200 17.956900 -0.675900
v -0.697500 17.944300 -0.767300
v -0.582200 18.028600 -0.814500
v -0.643600 18.045500 -0.733700
v -0.688200 18.056300 -0.644500
v -1.257900 17.605200 -0.642200
v -1.143100 17.640400 -0.544600
v -1.260500 17.580200 -0.529100
v -1.132000 17.601400 -0.448100
v -1.246100 17.535000 -0.429200
v -1.031600 17.702400 -0.548600
v -0.924200 17.745900 -0.449200
v -1.022600 17.669600 -0.455700
v -1.002500 17.629800 -0.371600
v -0.907500 17.710900 -0.365900
v -0.826300 17.799700 -0.346400
v -0.840500 17.832700 -0.429200
v -0.772000 17.927500 -0.400400
v -0.760900 17.896500 -0.316800
v -0.804500 17.758600 -0.265700
v -0.881500 17.670800 -0.287400
v -0.844200 17.624900 -0.212200
v -0.772600 17.706000 -0.185900
v -0.927000 17.544800 -0.222300
v -0.971300 17.588000 -0.294300
v -1.107600 17.554400 -0.363000
v -1.216100 17.480900 -0.342400
v -1.359300 17.467700 -0.402300
v -1.322200 17.408900 -0.312500
v -1.379600 17.518100 -0.505300
v -1.069800 17.507900 -0.286800
v -1.170600 17.428800 -0.266400
v -1.381300 17.548500 -0.621500
v -1.505500 17.489600 -0.595300
v -1.495900 17.453000 -0.477400
v -1.467700 17.399700 -0.371400
v -1.423600 17.340900 -0.277200
v -1.571000 17.332700 -0.339500
v -1.520600 17.277700 -0.240500
v -1.672100 17.268000 -0.306000
v -1.615400 17.216600 -0.204400
v -1.715500 17.318300 -0.416500
v -1.607100 17.385400 -0.448200
v -1.363500 17.287300 -0.193400
v -1.268800 17.353700 -0.234000
v -1.198600 17.309600 -0.163700
v -1.108700 17.384300 -0.198200
v -1.286600 17.246300 -0.118100
v -1.454800 17.228500 -0.151000
v -1.543300 17.170300 -0.111800
v -1.370900 17.192100 -0.071100
v -1.452300 17.135300 -0.029700
v -1.626700 17.426500 -0.566700
v -1.626000 17.446100 -0.694400
v -1.493900 17.501000 -0.723700
v -1.744900 17.360900 -0.535200
v -1.756200 17.386500 -0.661900
v -1.861500 17.291600 -0.500200
v -1.825300 17.251300 -0.381000
v -1.882000 17.318600 -0.626600
v -1.362500 17.552800 -0.748900
v -1.464500 17.486700 -0.857800
v -1.606900 17.440600 -0.826400
v -1.747900 17.388600 -0.792500
v -1.724100 17.366500 -0.921500
v -1.575700 17.410300 -0.956900
v -1.423000 17.447400 -0.992100
v -2.521100 16.409700 -1.576300
v -2.376400 16.381900 -1.622700
v 0.124600 17.635300 -1.077200
v 0.255000 17.684600 -1.083400
v 0.299400 17.565100 -1.146400
v 0.149800 17.475100 -1.157700
v 0.387200 17.730700 -1.070300
v 0.223800 17.805500 -1.029300
v 0.342900 17.841800 -1.018000
v 0.203500 17.930600 -0.982000
v 0.310900 17.958900 -0.970300
v 0.099300 17.905700 -0.976300
v 0.108600 17.771400 -1.020400
v 0.000000 17.470700 -1.138900
v 0.000000 17.620200 -1.066700
v 0.000000 17.757800 -1.011300
v -0.000000 17.895400 -0.969600
v -0.000000 18.034800 -0.931000
v 0.093900 18.042500 -0.936500
v -0.000000 18.173800 -0.893300
v 0.090700 18.179500 -0.899500
v 0.089000 18.315600 -0.871400
v 0.178600 18.324900 -0.878500
v 0.182900 18.192800 -0.904500
v -0.000000 18.311700 -0.863700
v 0.190800 18.060600 -0.940200
v -0.093900 18.042500 -0.936500
v -0.090700 18.179500 -0.899500
v -0.190800 18.060600 -0.940200
v -0.182900 18.192800 -0.904500
v 0.000000 17.323100 -1.205900
v 0.099200 17.319300 -1.221000
v 0.000000 17.195600 -1.268400
v 0.080100 17.195800 -1.279400
v 0.155900 17.195500 -1.306700
v 0.149900 17.094200 -1.360400
v 0.073700 17.084000 -1.337100
v 0.177500 17.293300 -1.260100
v 0.242000 17.390300 -1.228100
v 0.296700 17.323000 -1.288200
v 0.230100 17.273600 -1.293900
v 0.361500 17.468600 -1.212500
v 0.411900 17.381500 -1.279800
v 0.289500 18.082000 -0.928900
v 0.275900 18.208700 -0.895200
v 0.365800 18.225000 -0.867900
v 0.384900 18.102700 -0.898700
v 0.413600 17.984600 -0.936600
v 0.455300 17.872800 -0.981400
v 0.511000 17.767700 -1.031700
v 0.553100 17.899900 -0.924000
v 0.617300 17.800000 -0.971500
v 0.633900 17.924400 -0.851300
v 0.702700 17.829100 -0.894300
v 0.767700 17.852200 -0.804900
v 0.697500 17.944300 -0.767300
v 0.787800 17.743300 -0.940300
v 0.696000 17.707900 -1.024200
v 0.854800 17.770700 -0.842500
v 0.505100 18.007800 -0.883400
v 0.582100 18.028600 -0.814500
v 0.471200 18.122200 -0.849700
v 0.544200 18.139600 -0.783700
v 0.578600 17.669100 -1.087200
v 0.651500 17.576000 -1.147600
v 0.504300 17.528000 -1.190100
v 0.442800 17.624900 -1.127500
v 0.784500 17.621700 -1.078900
v 0.447300 18.240900 -0.821800
v 0.268000 18.336500 -0.871200
v 0.353800 18.349100 -0.845700
v 0.265800 18.464100 -0.863000
v 0.349900 18.473500 -0.837800
v 0.177800 18.456000 -0.870000
v 0.180600 18.584000 -0.884600
v 0.269500 18.589300 -0.874900
v 0.088900 18.450300 -0.863200
v 0.090400 18.581000 -0.882000
v 0.354400 18.596200 -0.848300
v 0.279500 18.709400 -0.910300
v 0.367700 18.714300 -0.881000
v 0.187400 18.706000 -0.924000
v 0.431500 18.361900 -0.801100
v 0.516000 18.255400 -0.757700
v 0.497300 18.374400 -0.738500
v 0.426000 18.483800 -0.793500
v 0.491800 18.494600 -0.732100
v 0.971000 17.282600 -1.321400
v 0.783300 17.257600 -1.374000
v 0.774800 17.380500 -1.284800
v 0.992100 17.431100 -1.194500
v 0.774600 17.124200 -1.456900
v 0.612100 17.102700 -1.481300
v 0.611600 17.225000 -1.408500
v 0.465600 17.074100 -1.485900
v 0.602200 16.969600 -1.547600
v 0.461500 16.950000 -1.546600
v 0.732500 16.824600 -1.601800
v 0.584300 16.827500 -1.608100
v 0.757200 16.979400 -1.532100
v 0.450000 16.817000 -1.601700
v 0.560100 16.680100 -1.662600
v 0.432800 16.677000 -1.651100
v 0.533200 16.530100 -1.710400
v 0.412700 16.531900 -1.693800
v 0.506400 16.378500 -1.750600
v 0.392800 16.382300 -1.727400
v 0.483400 16.223000 -1.778500
v 0.373600 16.230700 -1.752900
v 0.600800 16.207100 -1.798200
v 0.724200 16.173900 -1.811100
v 0.275200 16.233800 -1.721100
v 0.290500 16.380900 -1.696500
v 0.201800 16.376600 -1.661800
v 0.190500 16.233900 -1.686300
v 0.305800 16.524900 -1.664500
v 0.630000 16.359500 -1.762800
v 0.662900 16.512700 -1.718400
v 0.798600 16.475600 -1.725400
v 0.758300 16.323000 -1.773100
v 0.698300 16.667800 -1.664600
v 0.846200 16.634200 -1.665300
v 0.319900 16.664500 -1.625300
v 0.331500 16.798100 -1.579400
v 0.212900 16.515400 -1.630300
v 0.222700 16.649200 -1.592000
v 0.230300 16.777100 -1.547600
v 0.338600 16.924100 -1.527600
v 0.234900 16.897900 -1.497900
v 0.340000 17.041300 -1.470700
v 0.235900 17.010800 -1.444000
v 0.144000 16.759100 -1.516300
v 0.139400 16.635400 -1.560100
v 0.066800 16.625800 -1.537000
v 0.133200 16.506000 -1.598100
v 0.063800 16.499200 -1.575100
v 0.126100 16.371500 -1.629700
v 0.060400 16.367400 -1.606900
v -0.000000 16.496700 -1.566700
v 0.069000 16.747100 -1.493400
v 0.924400 16.978800 -1.507100
v 0.897500 16.803500 -1.590800
v 1.101100 16.973300 -1.476700
v 1.096200 16.756100 -1.581400
v 0.948000 17.137200 -1.419900
v 1.123600 17.140900 -1.380200
v 1.269000 16.994600 -1.432400
v 1.291200 17.145900 -1.337300
v 1.276500 16.824600 -1.520800
v 1.446700 17.145400 -1.296600
v 1.419000 17.010700 -1.391900
v 1.329400 17.275100 -1.234700
v 1.490300 17.262400 -1.193600
v 1.157000 17.281900 -1.277500
v 1.000200 16.570900 -1.672200
v 0.936400 16.415100 -1.735000
v 0.888800 16.268600 -1.782000
v 1.067300 16.330300 -1.748400
v 1.017600 16.198200 -1.788700
v 1.132300 16.461100 -1.697300
v 1.250700 16.345000 -1.718400
v 1.190200 16.234900 -1.758300
v 1.325800 16.443200 -1.674300
v 1.220200 16.584900 -1.637700
v 0.460400 17.187700 -1.419700
v 0.334900 17.148200 -1.409900
v 0.230900 17.206100 -1.334500
v 0.322000 17.242900 -1.347900
v 0.233900 17.114700 -1.388100
v 0.444100 17.289800 -1.349300
v 0.596200 17.335900 -1.331600
v 0.558300 17.434500 -1.258100
v 0.720200 17.483200 -1.212400
v 0.879500 17.535200 -1.133800
v 0.148500 16.988200 -1.415100
v 0.071700 16.974700 -1.392700
v 0.147000 16.876700 -1.467600
v 0.070500 16.863100 -1.445100
v 1.200600 17.401300 -1.158600
v 1.375000 17.378900 -1.120400
v 1.536000 17.352000 -1.080600
v 1.423000 17.447400 -0.992100
v 1.575700 17.410400 -0.956900
v 1.606900 17.440600 -0.826400
v 1.747900 17.388600 -0.792500
v 1.724100 17.366500 -0.921500
v 1.830000 17.270900 -1.013800
v 1.687600 17.316800 -1.044000
v 1.865100 17.311000 -0.888200
v 1.999400 17.248700 -0.857200
v 1.966700 17.219700 -0.989700
v 2.055200 17.128500 -1.105400
v 1.917500 17.165800 -1.115100
v 2.104800 17.173700 -0.971500
v 1.997600 17.061900 -1.228000
v 1.861500 17.091100 -1.231400
v 2.134700 17.027600 -1.226400
v 2.192900 17.086700 -1.097700
v 2.078600 16.953600 -1.340900
v 1.944000 16.981300 -1.338700
v 1.811400 17.001200 -1.337400
v 2.327200 17.034600 -1.090100
v 2.241800 17.124100 -0.956000
v 2.373200 17.061900 -0.942100
v 2.270400 16.984800 -1.224500
v 1.781200 17.204600 -1.131400
v 1.640700 17.239500 -1.157300
v 1.591100 17.135500 -1.263100
v 1.727000 17.117900 -1.241000
v 2.135900 17.194300 -0.830300
v 2.012500 17.256500 -0.722300
v 2.146600 17.196800 -0.688600
v 2.272500 17.139100 -0.807200
v 2.402000 17.069200 -0.787500
v 2.281800 17.135400 -0.658700
v 2.409400 17.057800 -0.633200
v 2.005700 17.246400 -0.589400
v 2.136900 17.183300 -0.551200
v 1.883100 17.325900 -0.757500
v 1.882000 17.318600 -0.626600
v 1.980900 17.221100 -0.461800
v 2.108700 17.155600 -0.420900
v 1.861500 17.291600 -0.500200
v 1.756200 17.386500 -0.661900
v 1.744900 17.360900 -0.535200
v 1.607000 17.385400 -0.448200
v 1.715500 17.318300 -0.416500
v 1.626600 17.426500 -0.566800
v 1.570900 17.332600 -0.339500
v 1.672100 17.267900 -0.306100
v 1.825300 17.251300 -0.381000
v 1.775800 17.203800 -0.270200
v 1.495900 17.453000 -0.477400
v 1.505500 17.489500 -0.595300
v 1.626000 17.446100 -0.694400
v 1.493900 17.501000 -0.723700
v 1.464500 17.486700 -0.857800
v 1.324300 17.531800 -0.884000
v 1.362500 17.552800 -0.748900
v 1.268600 17.484000 -1.022500
v 1.115900 17.528300 -1.039400
v 1.190100 17.580700 -0.899100
v 1.235200 17.605100 -0.766400
v 1.257900 17.605200 -0.642200
v 1.381300 17.548500 -0.621500
v 1.260500 17.580100 -0.529100
v 1.379600 17.518000 -0.505300
v 1.359200 17.467700 -0.402300
v 1.467700 17.399600 -0.371500
v 1.322200 17.408800 -0.312600
v 1.423500 17.340600 -0.277300
v 1.520500 17.277500 -0.240600
v 1.363400 17.286900 -0.193700
v 1.454700 17.228200 -0.151300
v 1.615400 17.216500 -0.204400
v 1.543300 17.170200 -0.111900
v 1.268700 17.353400 -0.234200
v 1.198500 17.309300 -0.163900
v 1.170500 17.428700 -0.266500
v 1.108700 17.384200 -0.198300
v 1.216100 17.480900 -0.342500
v 1.286500 17.245800 -0.118400
v 1.246100 17.535000 -0.429200
v 1.107600 17.554400 -0.363000
v 1.132000 17.601300 -0.448100
v 1.143100 17.640400 -0.544600
v 1.031500 17.702400 -0.548600
v 1.022500 17.669500 -0.455700
v 1.002400 17.629700 -0.371600
v 1.138600 17.661600 -0.653100
v 1.114700 17.660000 -0.771100
v 1.002000 17.719200 -0.761500
v 1.026200 17.720400 -0.651300
v 0.924900 17.787800 -0.636600
v 0.900000 17.786500 -0.739300
v 0.813200 17.866100 -0.708900
v 0.839100 17.868100 -0.611500
v 0.743200 17.956900 -0.675900
v 0.769300 17.959300 -0.581200
v 0.931100 17.773000 -0.539200
v 0.846100 17.856200 -0.517400
v 0.956400 17.700200 -0.874700
v 0.885900 17.666300 -0.984100
v 1.068500 17.637600 -0.895100
v 0.993700 17.595100 -1.019400
v -0.887500 19.467200 -0.358800
v -0.923700 19.473900 -0.358600
v -0.891300 19.495300 -0.281000
v -0.851800 19.514100 -0.278800
v -0.965100 19.491700 -0.356700
v -0.932100 19.515400 -0.277500
v -0.942600 19.494500 -0.189600
v -0.909800 19.505900 -0.188400
v -0.968400 19.501600 -0.264400
v -0.929600 19.459400 -0.206700
v -0.962800 19.456300 -0.262600
v -0.917800 19.415800 -0.215900
v -0.964800 19.408300 -0.257400
v -0.957500 19.342800 -0.260300
v -0.908200 19.348100 -0.196100
v -0.979200 19.290400 -0.287600
v -0.934500 19.267900 -0.245000
v -0.929100 19.298700 -0.232100
v -0.897900 19.293600 -0.187300
v -0.890900 19.283100 -0.124600
v -0.874300 19.300800 -0.135900
v -0.906200 19.262100 -0.183000
v -0.912900 19.233700 -0.180300
v -0.901700 19.265400 -0.114800
v -0.886500 19.240800 -0.104600
v -0.888500 19.204500 -0.174100
v -0.900300 19.182700 -0.242800
v -0.935000 19.219900 -0.260800
v -0.899800 19.324100 -0.078700
v -0.892400 19.334600 -0.093300
v -0.878600 19.344500 -0.110700
v -0.888200 19.327300 -0.149400
v -0.883300 19.374500 -0.168500
v -0.878200 19.417800 -0.171400
v -0.879400 19.357400 -0.136600
v -0.872300 19.394900 -0.136300
v -0.904300 19.439100 -0.151300
v -0.990000 19.232900 -0.305200
v -0.988900 19.163200 -0.314200
v -0.947000 19.163100 -0.292800
v -1.009900 19.160200 -0.347200
v -0.990500 19.079500 -0.324800
v -0.970700 19.091700 -0.303000
v -1.005100 19.067100 -0.345700
v -1.022600 19.152300 -0.377700
v -0.960900 19.011900 -0.284600
v -0.937400 19.030900 -0.269100
v -0.975300 18.995400 -0.301200
v -1.015200 19.239300 -0.349100
v -1.011600 19.308200 -0.334200
v -1.004400 19.320200 -0.380100
v -1.015200 19.239300 -0.389900
v -0.938700 19.105800 -0.287700
v -0.915500 19.158100 -0.279300
v -0.902200 19.121600 -0.272900
v -0.914700 19.058300 -0.257300
v -0.886400 19.083300 -0.254500
v -1.001800 19.364800 -0.311200
v -0.995600 19.387700 -0.354100
v -0.992900 19.405500 -0.293700
v -0.985400 19.434600 -0.314800
v -0.998100 19.474300 -0.332400
v -1.018500 19.414800 -0.381000
v -0.923500 19.454200 -0.128000
v -0.904300 19.467000 -0.110800
v -0.904200 19.396500 -0.097000
v -0.903400 19.397900 -0.075000
v -0.876100 19.464600 -0.104400
v -0.875000 19.494900 -0.188300
v -0.846700 19.508900 -0.173100
v -0.851300 19.575500 -0.220100
v -0.846000 19.543500 -0.133700
v -0.859200 19.631600 -0.168100
v -0.850900 19.583300 -0.086800
v -0.861900 19.689600 -0.114700
v -0.852400 19.628200 -0.033700
v -0.844800 19.517400 -0.013800
v -0.845600 19.549900 0.041900
v -0.842900 19.491200 -0.056900
v -0.863200 19.608800 -0.292400
v -0.858900 19.544400 -0.339900
v -0.870800 19.675400 -0.243800
v -0.850300 19.472100 -0.088300
v -0.859400 19.392400 -0.041800
v -0.842000 19.405600 -0.010600
v -0.884600 19.393900 -0.058400
v -0.890500 19.306500 -0.060900
v -0.866300 19.282800 -0.043100
v -0.848300 19.216800 -0.101900
v -0.839900 19.210600 -0.049700
v -0.812300 19.163100 -0.094200
v -0.823500 19.124400 -0.102600
v -0.845600 19.138100 -0.104900
v -0.839300 19.159600 -0.094000
v -0.782600 19.123000 -0.098700
v -0.795400 19.105500 -0.092200
v -0.806100 19.133000 -0.161200
v -0.782800 19.093600 -0.132100
v -0.844900 19.178400 -0.174400
v -0.855000 19.168500 -0.070400
v -0.858400 19.306900 0.001400
v -0.848100 19.227000 -0.009400
v -0.885300 19.397400 -0.115900
v -0.998300 19.430100 -0.410000
v -1.015700 19.342400 -0.437500
v -1.028600 19.333700 -0.408500
v -1.021000 19.243800 -0.446600
v -1.032500 19.241400 -0.419000
v -1.014000 19.142800 -0.432400
v -1.030600 19.145000 -0.406900
v -0.989500 19.245100 -0.456200
v -0.983100 19.146400 -0.442600
v -0.948400 19.152100 -0.443400
v -0.926100 19.064800 -0.412200
v -0.957400 19.060000 -0.401900
v -0.985200 19.055400 -0.390400
v -0.920100 18.985100 -0.352500
v -0.948800 18.980700 -0.340400
v -0.889600 18.984800 -0.370200
v -0.908400 19.156400 -0.454600
v -0.952600 19.246100 -0.451100
v -0.910700 19.248100 -0.457000
v -0.889800 19.067200 -0.433300
v -0.980700 19.340900 -0.443300
v -0.958700 19.422700 -0.413200
v -0.942300 19.336300 -0.436500
v -0.920300 19.413300 -0.408300
v -1.004200 19.057500 -0.370000
v -0.970100 18.983300 -0.322600
v -0.943400 18.942800 -0.255600
v -0.937800 18.923800 -0.273300
v -0.913500 18.916600 -0.289500
v -0.867700 19.481200 -0.386000
v -0.885000 19.414600 -0.420300
v -0.901300 19.336300 -0.444600
v -0.867900 19.254300 -0.491200
v -0.864100 19.345000 -0.480000
v -0.829500 19.265700 -0.558800
v -0.832500 19.362600 -0.547100
v -0.860400 19.430100 -0.459000
v -0.841800 19.455200 -0.527700
v -0.861600 19.507600 -0.430500
v -0.854200 19.541800 -0.501200
v -0.866300 19.579600 -0.395000
v -0.863600 19.623900 -0.468700
v -0.873000 19.651400 -0.355900
v -0.871400 19.704600 -0.432300
v -0.844400 19.675400 -0.565600
v -0.851800 19.764500 -0.527900
v -0.876500 19.787100 -0.391100
v -0.856300 19.853200 -0.484000
v -0.878900 19.726500 -0.312900
v -0.819300 19.487600 -0.622300
v -0.834000 19.583600 -0.597500
v -0.787400 19.522200 -0.729900
v -0.802000 19.627500 -0.706400
v -0.740200 19.554900 -0.840000
v -0.753200 19.669900 -0.817000
v -0.811900 19.728800 -0.674200
v -0.761800 19.780800 -0.784000
v -0.803100 19.386900 -0.638900
v -0.769200 19.413100 -0.743900
v -0.791100 19.282200 -0.647300
v -0.736700 19.185500 -0.742000
v -0.781800 19.174900 -0.645500
v -0.751700 19.300300 -0.748100
v -0.824300 19.166100 -0.558300
v -0.864000 19.160800 -0.489400
v -0.849300 19.067500 -0.474100
v -0.811300 19.065800 -0.543900
v -0.857200 18.981400 -0.400200
v -0.823100 18.974900 -0.446800
v -0.788900 18.966200 -0.516700
v -0.768600 19.067000 -0.630200
v -0.720600 19.070500 -0.723500
v -0.666000 19.073100 -0.817200
v -0.685600 19.193900 -0.841200
v -0.600000 19.073500 -0.904900
v -0.621500 19.198800 -0.934800
v -0.704100 19.315800 -0.852300
v -0.641300 19.327000 -0.951100
v -0.699400 18.957700 -0.692400
v -0.747700 18.960500 -0.601700
v -0.643200 18.955800 -0.781600
v -0.836000 19.093400 -0.102400
v -0.798900 19.071000 -0.102400
v -0.824400 19.046900 -0.093700
v -0.847300 19.063100 -0.084400
v -0.808500 19.037100 -0.119800
v -0.839700 19.013700 -0.107500
v -0.854700 19.018800 -0.156000
v -0.814300 19.052100 -0.158000
v -0.849400 19.013300 -0.064300
v -0.860900 18.958300 -0.118400
v -0.848500 18.934200 -0.088000
v -0.876300 18.917900 -0.134800
v -0.865000 18.887500 -0.118900
v -0.895800 18.902300 -0.169000
v -0.880700 18.939800 -0.156200
v -0.895700 18.936000 -0.185800
v -0.873600 18.973500 -0.159000
v -0.900000 18.983100 -0.215400
v -0.843500 19.084100 -0.213000
v -0.879000 19.032800 -0.211600
v -0.867400 19.142900 -0.234500
v -0.913300 18.932800 -0.211600
v -0.929400 18.963500 -0.241600
v -0.917800 18.909300 -0.211600
v -0.910800 18.882300 -0.220200
v -0.883100 18.868900 -0.232700
v -0.886800 18.869400 -0.164900
v -0.857900 18.849000 -0.172300
v -0.836000 18.856300 -0.117400
v -0.822600 18.841900 -0.180300
v -0.807600 18.828900 -0.132500
v -0.775600 18.777100 -0.100000
v -0.816800 18.883500 -0.060100
v -0.805200 18.860400 0.030500
v -0.830200 18.952000 0.057400
v -0.841000 18.977100 -0.013700
v -0.854800 19.059100 0.024300
v -0.858600 19.083000 -0.024500
v -0.845600 19.037700 0.090400
v -0.799800 18.848400 0.115900
v -0.774200 18.756400 0.022300
v -0.775500 18.761200 0.119700
v -0.817300 18.930100 0.138700
v -0.792800 18.821500 -0.177500
v -0.799100 18.828600 -0.246700
v -0.844000 18.865400 -0.240100
v -0.762300 18.721500 -0.187300
v -0.844800 18.908600 -0.319000
v -0.880000 18.918400 -0.300700
v -0.860500 19.108500 -0.060900
v -0.858700 19.127000 -0.091800
v -0.856700 19.164400 -0.033200
v -0.856500 19.152800 0.008600
v -0.851500 19.228000 0.035300
v -0.852500 19.316900 0.049000
v -0.852500 19.324400 0.109400
v -0.843000 19.443300 0.098700
v -0.840900 19.422600 0.035300
v -0.857500 19.224000 0.090100
v -0.857500 19.138900 0.059400
v -0.854600 19.123500 0.126900
v -0.859100 19.216300 0.162600
v -0.819100 19.414200 0.328700
v -0.793100 19.515800 0.383900
v -0.803900 19.587800 0.286600
v -0.832700 19.474800 0.204000
v -0.816500 19.674700 0.198600
v -0.767600 19.682100 0.365300
v -0.779900 19.762000 0.282900
v -0.723800 19.768000 0.448400
v -0.734900 19.849300 0.369500
v -0.721700 19.689800 0.528000
v -0.674700 19.759000 0.610700
v -0.673500 19.844500 0.534000
v -0.613900 19.909000 0.618500
v -0.617900 19.815200 0.692000
v -0.681200 19.931200 0.456800
v -0.696700 20.015700 0.378800
v -0.750300 19.929700 0.290000
v -0.713200 20.096400 0.297000
v -0.766300 20.007700 0.208700
v -0.795300 19.842100 0.201600
v -0.829100 19.757500 0.114300
v -0.809900 19.919400 0.119900
v -0.841600 19.833800 0.032300
v -0.780400 20.082500 0.124900
v -0.823000 19.993500 0.037700
v -0.852300 19.905700 -0.047800
v -0.839000 19.597000 0.116400
v -0.848300 19.684000 0.032500
v -0.857400 19.755600 -0.049000
v -0.726500 20.172500 0.210700
v -0.736200 20.244200 0.121400
v -0.790800 20.154300 0.039000
v -0.660800 20.393500 0.091900
v -0.734900 20.308900 0.028100
v -0.667700 20.333600 0.195200
v -0.664300 20.262900 0.292700
v -0.789300 20.221200 -0.049900
v -0.652500 20.183600 0.383400
v -0.572200 20.261900 0.458900
v -0.635200 20.097100 0.466700
v -0.559800 20.169000 0.548000
v -0.578100 20.343100 0.359000
v -0.620400 20.005200 0.544300
v -0.547500 20.067400 0.626500
v -0.453600 20.112600 0.691000
v -0.463200 20.223900 0.612100
v -0.356500 20.266100 0.660000
v -0.349700 20.147000 0.740000
v -0.470300 20.321600 0.515100
v -0.359500 20.366800 0.554900
v -0.540600 19.960300 0.696000
v -0.448300 19.996200 0.756900
v -0.541800 19.857000 0.762000
v -0.450300 19.886200 0.818300
v -0.686100 19.682200 0.682800
v -0.626900 19.732100 0.757600
v -0.726900 19.618700 0.604800
v -0.761400 19.607600 0.450700
v -0.757600 19.541200 0.535900
v -0.781100 19.453300 0.479800
v -0.739600 19.481600 0.610600
v -0.753400 19.396300 0.571100
v -0.698100 19.436600 0.667700
v -0.694700 19.339400 0.667500
v -0.653700 19.420300 0.701600
v -0.634800 19.361800 0.712400
v -0.638700 19.252600 0.757000
v -0.593000 19.305100 0.763100
v -0.736500 19.246300 0.638900
v -0.679100 19.171000 0.740500
v -0.776400 19.307100 0.535700
v -0.693600 19.502100 0.705800
v -0.719700 19.553300 0.666000
v -0.802800 19.360100 0.434600
v -0.818400 19.262200 0.393000
v -0.793400 19.214100 0.495700
v -0.838100 19.302200 0.290500
v -0.682400 19.612000 0.734800
v -0.625800 19.660800 0.801700
v -0.664600 19.555100 0.764400
v -0.616200 19.602400 0.826700
v -0.634500 19.510300 0.778100
v -0.593900 19.553300 0.834000
v -0.564000 19.511700 0.829300
v -0.597600 19.474400 0.781200
v -0.655200 19.466900 0.730600
v -0.614100 19.441400 0.742200
v -0.620300 19.416200 0.717900
v -0.552400 19.448400 0.766800
v -0.524900 19.483100 0.809100
v -0.508200 19.417400 0.746500
v -0.571700 19.415200 0.740900
v -0.536500 19.381200 0.760700
v -0.487500 19.460300 0.778500
v -0.508000 19.547500 0.877500
v -0.532100 19.592400 0.889400
v -0.478300 19.516800 0.848300
v -0.551100 19.644400 0.888600
v -0.551500 19.701500 0.861400
v -0.453400 19.614700 0.935000
v -0.467900 19.672400 0.942400
v -0.433700 19.568800 0.911600
v -0.368500 19.614800 0.970900
v -0.371500 19.678900 0.980800
v -0.372100 19.576200 0.937500
v -0.461100 19.727100 0.910400
v -0.361600 19.736100 0.951000
v -0.454800 19.794600 0.870100
v -0.548100 19.770100 0.820200
v -0.355800 19.808800 0.915300
v -0.849100 19.328000 0.191400
v -0.848100 19.196800 0.252200
v -0.825100 19.164000 0.349300
v -0.796700 19.119700 0.446400
v -0.760900 19.063600 0.539400
v -0.790400 19.027300 0.390800
v -0.753100 18.972700 0.470900
v -0.779300 18.938400 0.331700
v -0.741600 18.882500 0.397700
v -0.700500 18.816000 0.457400
v -0.709100 18.907200 0.542100
v -0.734500 18.796100 0.320400
v -0.695900 18.724500 0.371600
v -0.770100 18.857600 0.269500
v -0.770000 18.793900 0.202100
v -0.738100 18.719500 0.238200
v -0.790900 18.847400 0.178400
v -0.798100 18.904300 0.212900
v -0.809000 18.983000 0.256500
v -0.744100 18.662600 0.148800
v -0.703300 18.565000 0.195300
v -0.700000 18.638000 0.284300
v -0.740400 18.630000 0.054700
v -0.694300 18.509500 0.106200
v -0.659200 18.739800 0.516000
v -0.656400 18.644500 0.426300
v -0.616900 18.656300 0.577600
v -0.614300 18.554100 0.485800
v -0.658400 18.553200 0.338000
v -0.611300 18.461100 0.396000
v -0.661800 18.832800 0.607400
v -0.655400 18.921500 0.699200
v -0.713400 18.996000 0.624500
v -0.632700 19.010900 0.777900
v -0.705100 19.083400 0.695300
v -0.597100 19.103300 0.823700
v -0.551400 18.944900 0.847100
v -0.499500 19.045600 0.893600
v -0.592400 18.848300 0.766100
v -0.759100 19.155100 0.598100
v -0.612700 18.754900 0.671500
v -0.560900 18.684100 0.737400
v -0.527900 18.785400 0.830000
v -0.570300 18.572600 0.643800
v -0.819800 19.070600 0.302700
v -0.842200 19.102100 0.211500
v -0.830900 19.014300 0.172400
v -2.267200 15.942200 0.103000
v -2.317200 16.071900 0.143500
v -2.489300 16.079300 0.096000
v -2.173500 15.934000 0.129600
v -2.192000 16.053600 0.176300
v -1.789800 15.766700 0.531700
v -1.827700 15.854100 0.468300
v -1.717300 15.835700 0.575600
v -1.755600 15.928200 0.514000
v -1.917100 15.845700 0.354800
v -1.870300 15.940100 0.406100
v -1.800000 16.021000 0.451100
v -2.022200 15.977000 0.250600
v -2.096200 16.022600 0.210100
v -2.096500 15.909000 0.159800
v -2.075400 16.139600 0.246900
v -2.186500 16.178500 0.207600
v -2.033500 16.249600 0.266900
v -2.158600 16.296100 0.216000
v -2.108700 16.407600 0.210800
v -2.255300 16.456200 0.152600
v -2.303300 16.335700 0.169000
v -1.970400 16.354200 0.275400
v -2.325600 16.208500 0.171900
v -1.989100 16.087200 0.293800
v -1.932600 16.188300 0.325800
v -1.856800 16.109500 0.388000
v -1.922400 16.019400 0.347300
v -1.846100 16.285300 0.351600
v -1.765400 16.189400 0.424600
v -1.964000 15.917100 0.299100
v -0.626500 17.991100 -0.036000
v -0.579200 18.065600 0.046600
v -0.642200 18.233600 -0.026900
v -0.679900 18.157200 -0.166300
v -0.696600 18.413400 -0.083000
v -0.607400 18.296800 0.088800
v -0.684700 18.456700 0.016200
v -0.634700 18.400200 0.167200
v -0.654600 18.472800 0.251100
v -0.597800 18.384100 0.309100
v -0.527900 18.287000 0.361000
v -0.553100 18.358300 0.452700
v -0.573100 18.321100 0.229000
v -0.502100 18.225800 0.275400
v -0.555000 18.264400 0.169800
v -0.496800 18.167500 0.199200
v -0.531200 18.126300 0.124800
v -0.428700 18.051700 0.239300
v -0.463400 17.986200 0.172300
v -0.424900 18.121500 0.317100
v -0.358600 17.937900 0.277000
v -0.395200 17.861000 0.214600
v -0.516500 17.922200 0.113100
v -0.448600 17.793300 0.165100
v -0.446100 18.187500 0.404600
v -0.478400 18.252900 0.502900
v -0.346700 18.018700 0.353000
v -0.359400 18.092600 0.439000
v -0.299700 18.074000 0.568400
v -0.392500 18.151300 0.534200
v -0.270000 18.010700 0.469800
v -0.423300 18.204500 0.633000
v -0.497400 18.344100 0.624700
v -0.564400 18.452800 0.550000
v -0.347400 18.118300 0.658700
v -0.273500 18.067200 0.707500
v -0.194600 18.023400 0.621700
v -0.177300 17.949900 0.499100
v -0.265100 17.925000 0.383200
v -0.281300 17.832400 0.307700
v -0.178900 17.849600 0.409200
v -0.194500 17.743200 0.333300
v -0.316600 17.745600 0.247900
v -0.223100 17.643800 0.274300
v -0.732200 18.575400 -0.134600
v -0.733500 18.609800 -0.043300
v -0.710000 18.384100 -0.191100
v -0.691600 18.246100 -0.300000
v -0.704600 18.399700 -0.298500
v -0.675400 18.276600 -0.404500
v -0.676200 18.408000 -0.396300
v -0.697600 18.135500 -0.337300
v -0.695900 18.100000 -0.261300
v -0.722600 18.029100 -0.368200
v -0.715800 18.001300 -0.284600
v -0.689800 18.158200 -0.428100
v -0.723100 18.049400 -0.456700
v -0.674000 18.165800 -0.523100
v -0.714100 18.058300 -0.550400
v -0.648700 18.282000 -0.501300
v -0.699300 17.975600 -0.194100
v -0.742400 17.855800 -0.232100
v -0.712600 17.791100 -0.145200
v -0.665300 17.886100 -0.094000
v -0.571700 17.856900 0.054100
v -0.620800 17.783700 -0.004800
v -0.642700 18.528200 -0.489300
v -0.638100 18.405100 -0.489000
v -0.685700 18.537600 -0.402000
v -0.597100 18.396500 -0.578200
v -0.614800 18.277100 -0.593600
v -0.547400 18.505700 -0.657700
v -0.551200 18.385900 -0.662400
v -0.596600 18.517100 -0.575400
v -0.497300 18.374400 -0.738500
v -0.516000 18.255400 -0.757700
v -0.571200 18.267700 -0.680000
v -0.491900 18.494600 -0.732200
v -0.560000 18.622400 -0.669900
v -0.612200 18.633300 -0.588200
v -0.659700 18.645500 -0.503000
v -0.718000 18.544200 -0.313800
v -0.701900 18.658900 -0.418800
v -0.734300 18.673200 -0.338900
v -0.752800 18.691100 -0.263400
v -0.731900 18.551900 -0.224200
v -0.726300 18.768300 -0.446200
v -0.756800 18.785200 -0.372200
v -0.778800 18.804600 -0.308400
v -0.319900 18.580300 0.980500
v -0.326800 18.528700 0.954900
v -0.302100 18.564000 0.957800
v -0.289100 18.585500 0.979400
v -0.288600 18.545600 0.960000
v -0.279000 18.562700 0.959500
v -0.285700 18.573900 0.959000
v -0.264500 18.529600 0.984700
v -0.258500 18.558200 0.979400
v -0.230100 18.512100 1.023400
v -0.222300 18.549000 1.015100
v -0.170200 18.540600 1.057500
v -0.178900 18.498600 1.067200
v -0.226200 18.577600 1.006900
v -0.266600 18.579300 0.976900
v -0.169400 18.572800 1.042500
v -0.096700 18.538500 1.094900
v -0.102000 18.493600 1.105200
v -0.236800 18.464400 1.019800
v -0.184000 18.447800 1.060300
v -0.245500 18.407700 1.008600
v -0.187800 18.389500 1.045400
v -0.193900 18.320300 1.030400
v -0.261200 18.340100 0.989300
v -0.303500 18.391800 0.960800
v -0.283100 18.441800 0.977400
v -0.272700 18.490000 0.984000
v -0.104300 18.443000 1.094900
v -0.104300 18.388600 1.074100
v 0.000000 18.538000 1.107300
v 0.000100 18.576100 1.085500
v -0.096900 18.573300 1.075500
v 0.000000 18.598600 1.096600
v -0.044500 18.596700 1.090800
v 0.044500 18.596700 1.090800
v -0.000000 18.607300 1.115800
v 0.059700 18.611800 1.113900
v 0.117900 18.599500 1.078400
v 0.139700 18.624900 1.105000
v 0.097000 18.573200 1.075900
v -0.117800 18.599500 1.078200
v -0.059700 18.611800 1.113900
v -0.139700 18.624700 1.105200
v 0.096800 18.538500 1.095200
v 0.000000 18.492900 1.119600
v 0.102000 18.493600 1.105400
v -0.189500 18.595600 1.047200
v -0.249100 18.594100 1.012300
v -0.220300 18.614100 1.062000
v -0.281800 18.605200 1.019300
v -0.318800 18.618600 1.019100
v -0.355900 18.575300 0.974100
v -0.392500 18.573800 0.955500
v -0.401900 18.486000 0.909000
v -0.365300 18.505300 0.940500
v -0.357600 18.419900 0.923600
v -0.325400 18.455100 0.948600
v -0.393500 18.392300 0.878800
v -0.428800 18.578500 0.920800
v -0.438600 18.476600 0.859800
v -0.355800 18.635800 1.009700
v -0.390800 18.658100 0.987300
v -0.299900 18.512700 0.960600
v -0.304300 18.473000 0.959800
v -0.566400 17.031500 0.311400
v -0.374600 16.998300 0.336500
v -0.393200 17.100100 0.266200
v -0.552500 17.102700 0.256000
v -0.468300 17.164900 0.222200
v -0.565200 17.166300 0.205800
v -0.451100 17.238500 0.189700
v -0.571000 17.237000 0.155000
v -0.673800 17.170700 0.182700
v -0.688900 17.113300 0.234100
v -0.778700 17.177500 0.154800
v -0.813000 17.124900 0.204300
v -0.855000 17.065400 0.251000
v -0.719100 17.050600 0.283600
v -0.767300 16.981000 0.330800
v -0.623700 16.959500 0.364200
v -0.822500 16.904300 0.375600
v -0.904900 16.996800 0.294700
v -0.959100 16.918200 0.336000
v -0.982900 17.076900 0.211000
v -1.038200 17.008200 0.252500
v -1.107000 17.087200 0.163000
v -1.168800 17.018400 0.202800
v -1.045500 17.145900 0.118800
v -0.930600 17.135400 0.165900
v -1.095500 16.929100 0.291200
v -1.013900 16.831000 0.376200
v -1.153100 16.840600 0.329000
v -0.877700 16.819500 0.418400
v -1.231300 16.938900 0.239300
v -1.294300 16.849800 0.274900
v -1.208800 16.744200 0.367700
v -1.066100 16.736400 0.416700
v -1.356400 16.752500 0.312100
v -0.686900 16.883300 0.412100
v -0.624000 16.776100 0.494200
v -0.557900 16.851800 0.448900
v -0.746400 16.801600 0.456900
v -0.517800 16.741700 0.531400
v -0.448800 16.805500 0.489300
v -0.572400 16.670500 0.571000
v -0.678900 16.694400 0.537000
v -0.799200 16.713800 0.500200
v -0.434300 16.698700 0.568000
v -0.366100 16.746700 0.532200
v -0.478100 16.923100 0.398400
v -0.365100 16.861100 0.443700
v -0.286100 16.786600 0.492700
v -0.881300 17.186300 0.118400
v -0.837900 17.231500 0.070500
v -0.755000 17.228900 0.101100
v -0.810300 17.267500 0.033100
v -0.753500 17.281700 0.043900
v -0.921400 17.244800 0.024100
v -0.983700 17.197300 0.071200
v -1.015200 17.260700 -0.034500
v -1.088100 17.209100 0.014500
v -0.942400 17.318300 -0.073100
v -1.030700 17.348200 -0.134900
v -1.112200 17.279000 -0.098500
v -0.859900 17.290800 -0.013100
v -1.191600 17.223200 -0.049200
v -1.159000 17.156900 0.062800
v -0.795900 17.334100 -0.020900
v -0.682800 17.301300 0.063400
v -0.667800 17.231800 0.127500
v -0.607600 17.324800 0.089900
v -0.602700 17.463400 0.049300
v -0.665100 17.420100 0.013700
v -0.528400 17.352900 0.123700
v -0.730500 17.377300 -0.009400
v -0.328500 17.167400 0.236000
v -0.253500 17.078000 0.277300
v -0.189900 17.131300 0.257200
v -0.187600 17.017300 0.312900
v 0.000000 17.079700 0.285500
v 0.000000 16.938000 0.349600
v -0.134200 16.923100 0.366200
v -0.263200 16.904100 0.397500
v -0.196800 16.814100 0.453800
v -0.099100 16.827200 0.424300
v -0.158300 16.717100 0.513600
v -0.079200 16.724700 0.489400
v -0.000000 16.616900 0.551700
v -0.000000 16.727000 0.480300
v -0.069100 16.616000 0.558700
v -0.000000 16.503900 0.623800
v -0.065600 16.503700 0.629200
v 0.069100 16.616000 0.558700
v 0.065500 16.503700 0.629100
v 0.079100 16.724700 0.489500
v -0.066300 16.390100 0.698600
v -0.132300 16.502800 0.643700
v -0.133900 16.390900 0.709400
v -0.138800 16.612400 0.577600
v -0.000000 16.389600 0.694500
v -0.236300 16.700500 0.545800
v -0.210400 16.603900 0.603000
v -0.000000 16.832300 0.412400
v 0.099100 16.827300 0.424400
v 0.134200 16.923200 0.366300
v 0.000000 17.278600 0.244600
v -0.187800 17.230500 0.236300
v -0.184900 17.381300 0.230100
v -0.280800 17.328100 0.216200
v -0.388700 17.439000 0.185400
v -0.458500 17.395300 0.156700
v -0.368500 17.291000 0.200900
v -0.546100 17.510000 0.093600
v -0.616500 17.617400 0.018900
v -0.671300 17.560900 -0.028400
v -0.564300 17.674700 0.072400
v -0.488500 17.558300 0.137200
v -0.291700 17.222600 0.226600
v -0.318500 17.490600 0.207600
v -0.141100 17.468700 0.251800
v -0.263400 17.559100 0.232500
v -0.116100 17.566500 0.292200
v 0.000000 17.533800 0.298300
v 0.000000 17.420400 0.258800
v -0.426000 17.610700 0.171700
v -0.366000 17.671700 0.203600
v 0.189900 17.131300 0.257300
v 0.187800 17.230600 0.236500
v 0.328600 17.167400 0.236100
v 0.253500 17.078000 0.277400
v 0.393200 17.100100 0.266300
v 0.187600 17.017400 0.313000
v 0.374600 16.998400 0.336700
v 0.566300 17.031500 0.311500
v 0.478100 16.923300 0.398700
v 0.623700 16.959600 0.364300
v 0.557800 16.852100 0.449300
v 0.686800 16.883500 0.412300
v 0.365100 16.861400 0.444100
v 0.448800 16.805900 0.489700
v 0.263200 16.904300 0.397800
v 0.552400 17.102600 0.255900
v 0.688900 17.113100 0.233900
v 0.719100 17.050400 0.283500
v 0.767300 16.980900 0.330800
v 0.291700 17.222600 0.226800
v 0.451100 17.238500 0.189800
v 0.368500 17.291000 0.201200
v 0.458700 17.395400 0.157100
v 0.528500 17.352900 0.123900
v 0.571000 17.236800 0.154800
v 0.607500 17.324600 0.089700
v 0.565100 17.166100 0.205600
v 0.468300 17.164900 0.222200
v 0.280800 17.328200 0.216400
v 0.184900 17.381400 0.230200
v 0.607500 18.296800 0.088800
v 0.634800 18.400200 0.167300
v 0.573200 18.321000 0.229100
v 0.555100 18.264400 0.169800
v 0.597800 18.384100 0.309200
v 0.654600 18.472800 0.251200
v 0.694300 18.509500 0.106200
v 0.703300 18.565000 0.195300
v 0.740400 18.630000 0.054700
v 0.744100 18.662600 0.148900
v 0.774300 18.756400 0.022300
v 0.775500 18.761200 0.119700
v 0.738000 18.719500 0.238200
v 0.770000 18.793900 0.202100
v 0.734500 18.796100 0.320400
v 0.770100 18.857600 0.269500
v 0.741600 18.882500 0.397700
v 0.779300 18.938400 0.331700
v 0.695900 18.724500 0.371600
v 0.700000 18.638000 0.284300
v 0.658400 18.553200 0.338000
v 0.611300 18.461100 0.396000
v 0.656400 18.644500 0.426300
v 0.614300 18.554100 0.485800
v 0.700500 18.816000 0.457400
v 0.709100 18.907200 0.542100
v 0.753100 18.972700 0.470900
v 0.790400 19.027300 0.390800
v 0.760900 19.063600 0.539400
v 0.713400 18.996000 0.624500
v 0.796700 19.119700 0.446400
v 0.661800 18.832800 0.607400
v 0.659200 18.739800 0.516000
v 0.798100 18.904300 0.212900
v 0.809100 18.983000 0.256500
v 0.790900 18.847400 0.178400
v 0.799800 18.848400 0.115900
v 0.817300 18.930100 0.138700
v 0.805200 18.860400 0.030500
v 0.830200 18.951900 0.057400
v 0.841200 18.977100 -0.013700
v 0.816800 18.883500 -0.060200
v 0.845600 19.037700 0.090400
v 0.830900 19.014300 0.172400
v 0.854800 19.059100 0.024300
v 0.775500 18.777000 -0.100000
v 0.733300 18.609800 -0.043300
v 0.819800 19.070600 0.302700
v 0.842200 19.102100 0.211500
v 0.825100 19.164000 0.349300
v 0.848100 19.196800 0.252200
v 0.684500 18.456700 0.016200
v 0.731600 18.575500 -0.134600
v 0.696100 18.413500 -0.083000
v 0.709300 18.384200 -0.191100
v 0.731400 18.552000 -0.224200
v 0.703900 18.399700 -0.298600
v 0.717800 18.544200 -0.313800
v 0.674800 18.276600 -0.404600
v 0.675900 18.408000 -0.396400
v 0.690300 18.246000 -0.300000
v 0.689000 18.158100 -0.428200
v 0.695900 18.135200 -0.337400
v 0.679200 18.157100 -0.166300
v 0.694400 18.099600 -0.261400
v 0.721200 18.028800 -0.368500
v 0.722500 18.049300 -0.456800
v 0.714100 18.000700 -0.284900
v 0.638100 18.405100 -0.489000
v 0.648600 18.282000 -0.501300
v 0.673800 18.165700 -0.523100
v 0.685600 18.537600 -0.402000
v 0.734200 18.673300 -0.339000
v 0.752600 18.691200 -0.263400
v 0.778700 18.804600 -0.308400
v 0.756800 18.785200 -0.372200
v 0.761900 18.721500 -0.187300
v 0.799100 18.828600 -0.246800
v 0.702000 18.658900 -0.418800
v 0.659700 18.645500 -0.503000
v 0.642800 18.528200 -0.489300
v 0.642000 18.233600 -0.026900
v 0.626500 17.991000 -0.035800
v 0.579300 18.065700 0.046700
v 0.516800 17.922300 0.113400
v 0.572100 17.856900 0.054500
v 0.698400 17.975300 -0.194300
v 0.665100 17.885900 -0.094100
v 0.621000 17.783600 -0.004600
v 0.448800 17.793400 0.165300
v 0.508500 17.733100 0.121800
v 0.395100 17.861100 0.214600
v 0.463200 17.986400 0.172100
v 0.531100 18.126300 0.124700
v 0.502200 18.225800 0.275400
v 0.496800 18.167500 0.199100
v 0.428600 18.051700 0.239200
v 0.358600 17.937900 0.276900
v 0.281400 17.832400 0.307800
v 0.316600 17.745600 0.247900
v 0.194600 17.743100 0.333300
v 0.223100 17.643800 0.274300
v 0.116200 17.566500 0.292300
v 0.141100 17.468700 0.251800
v 0.263400 17.559100 0.232600
v 0.099800 17.680700 0.351400
v 0.000000 17.656900 0.357600
v 0.178900 17.849500 0.409300
v 0.265100 17.925000 0.383200
v 0.089900 17.801100 0.426400
v -0.000000 17.784100 0.432400
v -0.000000 17.903400 0.511600
v -0.085400 17.914400 0.508800
v -0.089900 17.801100 0.426400
v 0.085400 17.914400 0.508800
v -0.099800 17.680800 0.351400
v 0.318600 17.490700 0.207800
v 0.426100 17.610700 0.171900
v 0.366100 17.671700 0.203700
v 0.488800 17.558400 0.137600
v 0.564700 17.674700 0.072800
v 0.546400 17.510000 0.094100
v 0.616600 17.617300 0.019100
v 0.388900 17.439100 0.185700
v 0.346700 18.018600 0.353000
v 0.270100 18.010700 0.469900
v 0.359400 18.092600 0.439100
v 0.299800 18.073900 0.568400
v 0.392600 18.151300 0.534200
v 0.478400 18.252900 0.503000
v 0.497400 18.344100 0.624700
v 0.423400 18.204400 0.633100
v 0.424600 18.240900 0.724800
v 0.373800 18.156500 0.737000
v 0.347500 18.118200 0.658800
v 0.320900 18.104000 0.770000
v 0.273600 18.067100 0.707600
v 0.371500 18.190400 0.803700
v 0.340000 18.138100 0.810900
v 0.405100 18.273000 0.801600
v 0.462700 18.354700 0.737400
v 0.519600 18.503300 0.715500
v 0.476800 18.480800 0.794300
v 0.564400 18.452800 0.550000
v 0.570300 18.572600 0.643800
v 0.553200 18.358300 0.452700
v 0.194600 18.023300 0.621700
v 0.177400 17.949800 0.499100
v 0.446100 18.187500 0.404600
v 0.425000 18.121500 0.317100
v 0.528000 18.287000 0.361000
v -1.706100 16.395300 0.375800
v -1.640800 16.258200 0.461700
v -1.487700 16.292900 0.511000
v -1.596100 16.144000 0.529700
v -1.467100 16.180000 0.570700
v -1.561200 16.038500 0.590800
v -1.445600 16.073600 0.627500
v -1.337700 16.309900 0.557600
v -1.334200 16.201500 0.611600
v -1.498400 16.412700 0.448400
v -1.329900 16.421000 0.503400
v -1.301800 16.533100 0.454000
v -1.465000 16.534800 0.397100
v -1.642800 16.542500 0.329300
v -1.812200 16.576800 0.247100
v -1.886400 16.462200 0.274500
v -1.966300 16.624400 0.171000
v -2.041400 16.516900 0.196600
v -2.109000 16.679900 0.100100
v -2.188700 16.571100 0.129400
v -2.235500 16.737300 0.022000
v -2.323000 16.625300 0.055000
v -2.137600 16.840500 -0.013900
v -2.019800 16.781600 0.066800
v -1.884500 16.726500 0.139200
v -1.737000 16.683000 0.212500
v -1.796900 16.821800 0.104500
v -1.655500 16.784700 0.177100
v -1.576400 16.659300 0.286800
v -1.506700 16.764300 0.248300
v -1.414700 16.647800 0.352300
v -1.259700 16.641400 0.409000
v -1.113100 16.635900 0.458700
v -1.012800 16.527500 0.547200
v -0.974800 16.629200 0.503000
v -1.152100 16.531200 0.503200
v -0.929200 16.727100 0.460400
v -1.180300 16.424200 0.550600
v -1.042200 16.423700 0.593000
v -0.912500 16.419700 0.631700
v -0.882200 16.521000 0.586900
v -0.814400 16.311300 0.710000
v -0.789900 16.412100 0.665700
v -0.935900 16.317200 0.677100
v -0.834100 16.210400 0.754700
v -0.953200 16.215200 0.722800
v -1.062800 16.319400 0.640200
v -1.076100 16.216300 0.687800
v -0.760000 16.511000 0.622100
v -0.674300 16.403600 0.695100
v -0.646400 16.499900 0.652400
v -0.698400 16.304000 0.738600
v -1.196300 16.317400 0.600300
v -1.203200 16.212600 0.650800
v -1.203800 16.109700 0.700200
v -1.083800 16.115300 0.735100
v -1.325100 16.096500 0.664200
v -1.531000 15.938800 0.648100
v -1.424600 15.972900 0.681700
v -1.629500 15.893100 0.613400
v -1.665800 15.989800 0.553900
v -1.708800 16.089300 0.491300
v -1.594800 15.800800 0.670200
v -1.502100 15.844500 0.702400
v -1.558900 15.714100 0.724700
v -1.473000 15.756500 0.754400
v -1.442600 15.674900 0.803800
v -1.403600 15.877800 0.733400
v -1.382400 15.789100 0.782500
v -1.360600 15.707100 0.828500
v -1.679500 15.746600 0.635000
v -1.313600 15.996200 0.715100
v -1.200800 16.010300 0.748300
v -1.301200 15.901200 0.764000
v -1.196300 15.915400 0.794600
v -0.322300 19.104300 0.983400
v -0.213400 19.150300 1.036700
v -0.239600 19.226200 0.970400
v -0.336600 19.203700 0.929800
v -0.233300 19.024500 1.075000
v -0.159100 19.069100 1.132700
v -0.082600 19.114800 1.198600
v -0.128700 19.126300 1.132800
v -0.097500 19.038700 1.227700
v -0.099100 19.231300 1.115000
v -0.150400 19.197100 1.071900
v -0.042300 19.151300 1.216500
v -0.051000 19.267100 1.142400
v -0.166200 19.273400 1.007700
v -0.112100 19.326000 1.051800
v -0.178800 19.332800 0.945400
v -0.255400 19.282600 0.911900
v -0.189000 19.380300 0.884400
v -0.273100 19.333400 0.866300
v -0.239900 19.442800 0.853100
v -0.306800 19.388500 0.846400
v -0.173400 19.498500 0.949800
v -0.139100 19.447200 0.958300
v -0.127500 19.396400 0.999400
v -0.360500 19.323400 0.857800
v -0.378600 19.377300 0.840300
v -0.336900 19.425700 0.810100
v -0.379700 19.410500 0.805900
v -0.297700 19.447900 0.814800
v -0.345000 19.265100 0.881700
v -0.442500 19.220500 0.877100
v -0.435000 19.280300 0.850200
v -0.439300 19.335300 0.838600
v -0.059800 19.369500 1.083600
v -0.070600 19.447900 1.038900
v 0.000000 19.161300 1.227400
v -0.000000 19.282500 1.154300
v 0.000000 19.387700 1.094900
v 0.000000 19.467500 1.051100
v -0.079400 19.500000 1.017300
v 0.000000 19.518500 1.033900
v -0.034700 19.071600 1.288400
v -0.048600 19.038200 1.291300
v 0.000000 19.062700 1.304900
v -0.000000 19.013300 1.318400
v 0.034700 19.071600 1.288300
v 0.042300 19.151300 1.216500
v 0.048600 19.038200 1.291200
v 0.082600 19.114800 1.198500
v -0.000000 18.978000 1.307500
v 0.056100 18.995100 1.286300
v -0.000100 18.937400 1.271100
v 0.063800 18.949400 1.246300
v 0.097500 19.038800 1.227700
v 0.098400 18.992100 1.239800
v -0.056200 18.995000 1.286400
v 0.051000 19.267000 1.142300
v 0.059800 19.369500 1.083700
v 0.099100 19.231300 1.115000
v 0.112100 19.326000 1.051800
v -0.098500 18.991900 1.239900
v -0.063900 18.949300 1.246300
v -0.139900 19.003500 1.191200
v -0.113400 18.969000 1.211300
v -0.123800 18.962400 1.170900
v -0.178400 18.984200 1.140300
v -0.128600 18.948700 1.128800
v -0.191800 18.940200 1.101000
v -0.165400 18.887200 1.097400
v -0.122000 18.916800 1.110300
v -0.239100 18.830300 1.077400
v -0.286700 18.929800 1.039800
v -0.066300 18.942100 1.178600
v -0.080400 18.941300 1.140100
v -0.392100 18.993800 0.962800
v -0.468400 18.887700 0.910200
v -0.394300 18.831800 0.970700
v -0.348800 18.767900 1.017300
v -0.322500 18.712000 1.046300
v -0.425000 18.689400 0.946500
v -0.293800 18.672000 1.061300
v -0.222800 18.698800 1.106700
v -0.259700 18.639700 1.067200
v -0.192300 18.658500 1.112500
v -0.155900 18.716100 1.142700
v -0.134400 18.677500 1.150700
v -0.240100 18.750100 1.094200
v -0.168400 18.757800 1.129900
v -0.152000 18.807100 1.119700
v -0.072700 18.692200 1.174100
v -0.083800 18.730200 1.164300
v -0.056600 18.754200 1.156400
v -0.000000 18.726300 1.170900
v -0.000000 18.750500 1.155600
v -0.000000 18.695700 1.181800
v -0.114400 18.757500 1.148300
v -0.078800 18.784600 1.140600
v -0.099000 18.646100 1.147500
v -0.055700 18.661600 1.171400
v -0.051100 18.626900 1.144400
v -0.037600 18.641600 1.164200
v -0.466200 18.594100 0.868300
v -0.476800 18.480800 0.794300
v -0.509700 18.628700 0.804300
v -0.519600 18.503300 0.715500
v -0.468700 18.733400 0.891700
v -0.462700 18.354700 0.737400
v -0.428800 18.372400 0.817200
v -0.372400 18.301500 0.869000
v -0.405100 18.273000 0.801600
v -0.424600 18.240900 0.724800
v -0.458300 19.141800 0.902600
v -0.561800 19.190500 0.832500
v -0.528900 19.256600 0.819500
v -0.506500 19.309200 0.807100
v -0.558800 19.345700 0.762800
v -0.594400 19.384200 0.726500
v -0.497600 19.355400 0.802900
v -0.486300 19.395500 0.791300
v -0.442200 19.385600 0.821300
v -0.418700 19.436200 0.792000
v -0.463300 19.430400 0.776400
v -0.446100 19.490300 0.807800
v -0.407500 19.544300 0.876800
v -0.381900 19.511600 0.835100
v -0.363100 19.465800 0.804500
v 0.113200 18.855800 1.115800
v 0.058200 18.831500 1.130100
v 0.078800 18.784600 1.140600
v 0.152000 18.807100 1.119700
v -0.000000 18.819900 1.129000
v -0.000000 18.780200 1.138900
v 0.056600 18.754200 1.156300
v 0.083800 18.730200 1.164300
v 0.114400 18.757500 1.148300
v 0.168400 18.757800 1.129900
v 0.240100 18.750100 1.094200
v 0.239100 18.830300 1.077400
v 0.322500 18.712000 1.046300
v 0.348800 18.767900 1.017300
v 0.390800 18.658100 0.987300
v 0.425000 18.689400 0.946500
v 0.468700 18.733400 0.891700
v 0.394200 18.831800 0.970700
v 0.392100 18.993800 0.962800
v 0.286700 18.929800 1.039800
v 0.468400 18.887700 0.910200
v 0.527900 18.785400 0.829900
v 0.428900 18.578400 0.920800
v 0.466300 18.594000 0.868300
v 0.509700 18.628700 0.804300
v 0.355800 18.635800 1.009600
v 0.293700 18.672000 1.061200
v 0.259600 18.639800 1.067000
v 0.318700 18.618700 1.018900
v 0.192200 18.658600 1.112200
v 0.220200 18.614400 1.061600
v 0.222800 18.698800 1.106600
v 0.281700 18.605500 1.019000
v 0.392500 18.573800 0.955600
v 0.355900 18.575300 0.974000
v 0.155800 18.716100 1.142600
v 0.134300 18.677500 1.150500
v 0.099000 18.646100 1.147500
v 0.072700 18.692200 1.174100
v 0.055700 18.661600 1.171400
v 0.000000 18.665900 1.179200
v 0.051100 18.626800 1.144400
v 0.037600 18.641600 1.164100
v 0.165400 18.887200 1.097400
v 0.081600 18.901500 1.122100
v 0.042700 18.883400 1.152300
v 0.080700 18.941100 1.141200
v 0.067700 18.940800 1.180200
v 0.124300 18.962300 1.171600
v 0.128600 18.948800 1.129200
v 0.122000 18.916800 1.110500
v 0.000000 18.864000 1.151100
v -0.000100 18.896100 1.212300
v -0.034700 18.902600 1.207000
v -0.042500 18.883700 1.152000
v 0.034500 18.902700 1.206900
v -0.058100 18.831500 1.130100
v 0.191700 18.940200 1.101100
v 0.178500 18.984200 1.140500
v 0.233300 19.024600 1.075000
v -0.335000 19.555700 0.923800
v -0.294600 19.514300 0.870800
v -0.269500 19.603100 0.999000
v -0.262700 19.681100 1.007700
v -0.254600 19.739100 0.983800
v -0.252100 19.818500 0.951500
v -0.247000 19.921900 0.897700
v -0.350700 19.905700 0.863500
v -0.346600 20.022000 0.802700
v -0.240400 20.042200 0.836400
v -0.131700 19.944900 0.908700
v -0.125300 20.059900 0.850800
v -0.122300 20.185600 0.787500
v -0.239600 20.171600 0.773600
v -0.241300 20.293000 0.688700
v -0.121700 20.306100 0.701400
v 0.000000 20.066700 0.850100
v 0.000000 20.189400 0.788600
v 0.122300 20.185700 0.787500
v 0.125300 20.060000 0.850900
v 0.000000 19.957000 0.905700
v 0.131700 19.944900 0.908700
v -0.135500 19.843900 0.962100
v -0.134700 19.762500 1.003500
v 0.000000 19.729200 1.024100
v 0.000000 19.786100 0.998000
v -0.135600 19.706000 1.025800
v 0.000000 19.862300 0.955000
v -0.134500 19.650000 1.044200
v 0.000000 19.679300 1.037900
v 0.135600 19.706100 1.025900
v 0.134500 19.650000 1.044200
v 0.262700 19.681100 1.007700
v 0.269500 19.603100 0.998900
v 0.371500 19.678900 0.980800
v 0.368600 19.614800 0.970900
v 0.254600 19.739100 0.983700
v 0.134700 19.762500 1.003500
v 0.252100 19.818500 0.951500
v 0.135500 19.844000 0.962100
v 0.247000 19.921900 0.897700
v 0.355900 19.808800 0.915400
v 0.350700 19.905700 0.863500
v 0.361600 19.736100 0.951000
v 0.461100 19.727100 0.910400
v 0.467900 19.672400 0.942300
v 0.453400 19.614700 0.935000
v 0.334900 19.555800 0.923700
v 0.372100 19.576100 0.937500
v 0.433700 19.568800 0.911600
v 0.407500 19.544100 0.876900
v 0.217300 19.549100 0.972000
v 0.294600 19.514100 0.870900
v 0.381700 19.511800 0.834600
v 0.507900 19.547600 0.877300
v 0.532100 19.592400 0.889400
v 0.593900 19.553300 0.834000
v 0.563900 19.511800 0.829200
v 0.478200 19.516900 0.848100
v 0.524900 19.483000 0.809200
v 0.117300 19.596100 1.042000
v 0.097400 19.544900 1.025800
v 0.173400 19.498500 0.949900
v 0.079400 19.500100 1.017400
v 0.139100 19.447200 0.958200
v 0.070600 19.448000 1.039100
v 0.127500 19.396400 0.999500
v -0.000000 19.567200 1.039700
v 0.239800 19.442800 0.853000
v 0.188900 19.380300 0.884200
v 0.000000 19.628900 1.042900
v -0.117300 19.596100 1.042000
v -0.097400 19.544900 1.025800
v -0.217300 19.549100 0.972000
v -0.318400 19.476200 0.818800
v -0.259300 18.147100 0.935300
v -0.189300 18.150400 1.004000
v -0.200600 18.236500 1.018400
v -0.285100 18.249400 0.951100
v -0.088700 18.090100 1.019900
v -0.100400 18.159000 1.048600
v -0.166100 18.084800 0.976200
v -0.074200 18.046800 0.972400
v -0.136900 18.044600 0.938400
v -0.000000 18.093900 1.033200
v -0.000000 18.165200 1.061500
v -0.105400 18.243000 1.056600
v -0.104400 18.323500 1.057800
v 0.000000 18.250800 1.066000
v 0.100300 18.159000 1.048600
v 0.105400 18.243000 1.056600
v 0.200600 18.236500 1.018400
v 0.189300 18.150500 1.003900
v 0.088700 18.090200 1.019800
v -0.000000 18.048700 0.982600
v 0.074100 18.046900 0.972300
v 0.166000 18.084900 0.976100
v 0.136900 18.044800 0.938300
v 0.225800 18.082100 0.908400
v 0.259300 18.147100 0.935300
v 0.182000 18.044600 0.873000
v 0.193900 18.320300 1.030400
v 0.104400 18.323500 1.057800
v 0.187900 18.389500 1.045400
v 0.104300 18.388600 1.074100
v 0.245500 18.407700 1.008600
v 0.261200 18.340100 0.989300
v 0.285100 18.249500 0.951100
v 0.000000 18.331400 1.064800
v -0.000000 18.393900 1.084000
v 0.104300 18.443000 1.094900
v 0.000000 18.444400 1.108500
v -0.063900 18.029600 0.909400
v -0.111600 18.029500 0.901500
v -0.182000 18.044400 0.873100
v -0.129400 18.030000 0.838900
v -0.067000 18.029000 0.825000
v -0.000000 18.030300 0.821000
v -0.000000 18.030700 0.912300
v -0.075300 18.023900 0.720600
v -0.000000 18.023500 0.714000
v -0.154100 18.030200 0.742200
v -0.222900 18.049400 0.789400
v -0.274200 18.084900 0.833000
v -0.225900 18.082000 0.908400
v -0.320800 18.104100 0.770000
v -0.085800 17.993800 0.609200
v -0.000000 17.987500 0.605600
v 0.063800 18.029800 0.909400
v 0.067000 18.029100 0.825000
v 0.111600 18.029700 0.901500
v 0.129300 18.030100 0.838800
v 0.075300 18.024000 0.720600
v 0.154100 18.030300 0.742200
v 0.222900 18.049400 0.789400
v 0.274200 18.084900 0.833000
v 0.085800 17.993900 0.609200
v -0.309300 18.138600 0.863100
v -0.340300 18.214300 0.871700
v -0.333700 18.338000 0.926900
v -0.340000 18.138100 0.810900
v -0.371500 18.190300 0.803800
v -0.373700 18.156600 0.736900
v 0.288500 18.545600 0.960000
v 0.299900 18.512700 0.960700
v 0.326800 18.528700 0.955000
v 0.302000 18.564100 0.957800
v 0.289000 18.585700 0.979200
v 0.266500 18.579600 0.976600
v 0.285600 18.574100 0.958700
v 0.278900 18.562800 0.959300
v 0.264500 18.529700 0.984600
v 0.272600 18.490000 0.984000
v 0.283100 18.441800 0.977400
v 0.304300 18.473000 0.959900
v 0.325500 18.455000 0.948700
v 0.303500 18.391800 0.960800
v 0.333700 18.338000 0.926900
v 0.357600 18.419800 0.923600
v 0.365300 18.505200 0.940600
v 0.393500 18.392300 0.878800
v 0.402000 18.485900 0.909100
v 0.372300 18.301500 0.869000
v 0.340300 18.214300 0.871700
v 0.309300 18.138700 0.863100
v 0.236800 18.464500 1.019800
v 0.230100 18.512100 1.023400
v 0.222300 18.549000 1.015100
v 0.258300 18.558300 0.979100
v 0.179000 18.498500 1.067400
v 0.184000 18.447800 1.060400
v 0.170300 18.540600 1.057700
v 0.226200 18.577700 1.006900
v 0.249100 18.594400 1.012100
v 0.189500 18.595700 1.047200
v 0.169400 18.572700 1.042700
v 0.319900 18.580400 0.980400
v 0.159100 19.069200 1.132700
v 0.139900 19.003600 1.191300
v 0.113500 18.969100 1.211500
v 0.128700 19.126300 1.132800
v 0.150500 19.197100 1.071900
v 0.166200 19.273400 1.007800
v 0.213400 19.150400 1.036700
v 0.239700 19.226300 0.970500
v 0.322200 19.104300 0.983400
v 0.336600 19.203700 0.929800
v 0.458300 19.141800 0.902600
v 0.442500 19.220500 0.877100
v 0.255400 19.282600 0.911900
v 0.345000 19.265200 0.881800
v 0.178800 19.332800 0.945400
v 0.273000 19.333400 0.866300
v 0.306800 19.388400 0.846100
v 0.360500 19.323400 0.857800
v 0.378500 19.377200 0.840200
v 0.439300 19.335300 0.838800
v 0.442300 19.385800 0.822300
v 0.435000 19.280300 0.850200
v 0.336800 19.425400 0.810000
v 0.297700 19.447600 0.814800
v 0.379600 19.410200 0.805900
v 0.528900 19.256600 0.819500
v 0.506500 19.309200 0.807000
v 0.593100 19.305100 0.763300
v 0.558800 19.345800 0.762900
v 0.594400 19.384200 0.726400
v 0.635100 19.361900 0.712800
v 0.497400 19.355300 0.803100
v 0.536200 19.381200 0.760600
v 0.571300 19.415300 0.740100
v 0.620400 19.416100 0.717900
v 0.653800 19.420300 0.701700
v 0.694900 19.339400 0.667700
v 0.698200 19.436600 0.667800
v 0.638700 19.252600 0.757000
v 0.561800 19.190500 0.832500
v 0.597100 19.103300 0.823800
v 0.679000 19.171000 0.740500
v 0.499500 19.045600 0.893600
v -0.087600 15.814000 0.985500
v -0.090700 15.685500 1.031800
v -0.000000 15.701000 1.023100
v -0.000000 15.814300 0.982600
v -0.050700 15.620400 1.048600
v -0.000100 15.622100 1.046600
v -0.000100 15.549600 1.066200
v -0.061900 15.555900 1.067200
v 0.050600 15.620300 1.048900
v 0.090600 15.685300 1.032300
v 0.061700 15.555700 1.067800
v 0.126500 15.583300 1.067900
v -0.126700 15.583500 1.066900
v -0.210800 15.607300 1.071600
v 0.210600 15.607000 1.073000
v 0.301200 15.628500 1.075100
v 0.283300 15.732800 1.034600
v 0.189800 15.712100 1.034000
v 0.378300 15.751000 1.027900
v 0.361200 15.855100 0.984600
v 0.267900 15.840300 0.990000
v 0.396600 15.648700 1.068700
v 0.177500 15.825700 0.988800
v 0.319100 15.525600 1.109100
v 0.087500 15.813700 0.985500
v -0.177600 15.826300 0.988800
v -0.083000 15.932600 0.937100
v -0.167400 15.940000 0.941000
v -0.078200 16.047900 0.884300
v -0.157700 16.052900 0.889100
v -0.148500 16.165600 0.832900
v -0.073500 16.162100 0.826900
v -0.140100 16.278300 0.772800
v -0.069300 16.276100 0.764800
v -0.214800 16.281100 0.782200
v -0.227000 16.170600 0.839100
v -0.240200 16.060200 0.893100
v -0.296600 16.283900 0.788100
v -0.312000 16.176200 0.840900
v -0.205500 16.391300 0.723100
v -0.284100 16.390600 0.734200
v -0.202200 16.499700 0.662800
v -0.278100 16.493800 0.680300
v -0.386500 16.286800 0.787200
v -0.404300 16.182100 0.836200
v -0.370800 16.389700 0.738200
v -0.328200 16.068600 0.891800
v -0.344600 15.961900 0.939900
v -0.422400 16.077300 0.884000
v -0.440300 15.973300 0.929700
v -0.522500 16.086100 0.869900
v -0.540900 15.984400 0.913800
v -0.503500 16.188600 0.824500
v -0.253800 15.950400 0.943400
v -0.361200 15.856100 0.984800
v -0.267900 15.841100 0.990100
v -0.458200 15.870400 0.972700
v -0.283400 15.733400 1.033900
v -0.189900 15.712600 1.033300
v -0.000000 16.275200 0.761600
v 0.066200 16.389900 0.698300
v 0.069300 16.275900 0.764500
v 0.133900 16.390700 0.708900
v 0.140100 16.277800 0.772100
v 0.132300 16.502700 0.643400
v 0.202200 16.499600 0.662400
v 0.205500 16.390900 0.722400
v 0.210300 16.603900 0.602900
v 0.138800 16.612400 0.577500
v 0.278200 16.493600 0.679700
v 0.284100 16.390100 0.733300
v 0.214800 16.280500 0.781200
v 0.296700 16.283200 0.786900
v 0.073500 16.161800 0.826500
v 0.148400 16.165000 0.832100
v 0.078100 16.047600 0.884000
v 0.157700 16.052200 0.888400
v 0.227000 16.169700 0.838000
v 0.312100 16.175200 0.839600
v 0.240200 16.059300 0.892100
v 0.328300 16.067500 0.890600
v -0.000000 16.160800 0.824300
v -0.000000 16.046200 0.882200
v 0.083000 15.932200 0.936900
v 0.167300 15.939300 0.940500
v -0.000000 15.930700 0.935100
v 1.360200 16.231700 -1.729700
v 1.425100 16.314500 -1.694900
v 2.167200 16.353700 -1.624600
v 2.254300 16.316600 -1.628300
v 2.084800 16.376900 -1.615500
v 2.672300 16.407100 -1.509400
v 2.730200 16.476500 -1.429200
v 2.521100 16.409700 -1.576300
v 2.573600 16.496300 -1.514600
v 2.418600 16.483100 -1.583200
v 2.467000 16.574600 -1.519700
v 2.376400 16.381900 -1.622700
v 2.276600 16.438200 -1.623700
v 2.311000 16.545400 -1.586700
v 2.177000 16.479300 -1.617900
v 2.200900 16.593800 -1.584100
v 2.871100 16.419100 -1.323800
v 2.905700 16.446500 -1.200000
v 0.863600 19.608900 -0.292400
v 0.851400 19.575600 -0.220100
v 0.852200 19.514200 -0.278900
v 0.859500 19.544600 -0.340100
v 0.867000 19.579700 -0.395200
v 0.873400 19.651400 -0.355900
v 0.871000 19.675400 -0.243800
v 0.859300 19.631600 -0.168100
v 0.847000 19.509100 -0.173100
v 0.846200 19.543600 -0.133700
v 0.843100 19.491200 -0.056800
v 0.851000 19.583300 -0.086800
v 0.845000 19.517400 -0.013800
v 0.862000 19.689600 -0.114700
v 0.852400 19.628200 -0.033700
v 0.857400 19.755600 -0.049000
v 0.848300 19.684000 0.032500
v 0.841600 19.833800 0.032300
v 0.829100 19.757500 0.114300
v 0.795300 19.842100 0.201600
v 0.779900 19.762000 0.282900
v 0.816500 19.674700 0.198600
v 0.767600 19.682100 0.365300
v 0.803900 19.587800 0.286600
v 0.734900 19.849300 0.369500
v 0.723800 19.768000 0.448400
v 0.750300 19.929700 0.290000
v 0.809900 19.919400 0.119900
v 0.823000 19.993500 0.037700
v 0.852300 19.905700 -0.047800
v 0.865800 19.821600 -0.126400
v 0.839000 19.597000 0.116400
v 0.845700 19.549900 0.041900
v 0.843100 19.443300 0.098700
v 0.832800 19.474800 0.204000
v 0.872600 19.745200 -0.191100
v 0.879600 19.804900 -0.263800
v 0.872500 19.888200 -0.202400
v 0.876700 19.787100 -0.391100
v 0.877600 19.871500 -0.342500
v 0.879200 19.726600 -0.312900
v 0.870700 19.958200 -0.282700
v 0.841400 19.422600 0.035400
v 0.852300 19.324400 0.109400
v 0.852500 19.316900 0.049000
v 0.859100 19.216300 0.162600
v 0.857400 19.223900 0.090100
v 0.849000 19.328000 0.191400
v 0.838100 19.302200 0.290500
v 0.854500 19.123500 0.126900
v 0.857300 19.138900 0.059400
v 0.819100 19.414200 0.328700
v 0.802800 19.360100 0.434600
v 0.818400 19.262200 0.393000
v 0.851500 19.228000 0.035300
v 0.858500 19.306900 0.001400
v 0.842500 19.405700 -0.010600
v 0.848200 19.227000 -0.009400
v 0.839600 19.210600 -0.049600
v 0.866400 19.282800 -0.043100
v 0.860000 19.392500 -0.041600
v 0.850700 19.472300 -0.088200
v 0.885100 19.394000 -0.058300
v 0.876800 19.465000 -0.104200
v 0.875700 19.495500 -0.188200
v 0.904900 19.467200 -0.110700
v 0.910400 19.506400 -0.188300
v 0.904100 19.398000 -0.074800
v 0.871700 19.704600 -0.432400
v 0.852200 19.764500 -0.528000
v 0.856600 19.853200 -0.484100
v 0.817300 19.826200 -0.633900
v 0.817300 19.920400 -0.584800
v 0.764100 19.886500 -0.740000
v 0.760300 19.986400 -0.685300
v 0.813000 20.011500 -0.527000
v 0.856300 19.941700 -0.432000
v 0.805400 20.099800 -0.460800
v 0.850100 20.029800 -0.370300
v 0.854600 20.046100 -0.211600
v 0.835500 20.116400 -0.299000
v 0.809600 20.199800 -0.220400
v 0.827700 20.133700 -0.132300
v 0.792200 20.184000 -0.386500
v 0.770300 20.262000 -0.306300
v 0.752300 20.080300 -0.620900
v 0.741100 20.167900 -0.547700
v 0.677500 20.147100 -0.709800
v 0.664800 20.235800 -0.628600
v 0.685700 20.048100 -0.779900
v 0.689900 19.940900 -0.838700
v 0.761900 19.780800 -0.784000
v 0.689800 19.826900 -0.885800
v 0.684500 19.707300 -0.920700
v 0.594300 19.737000 -1.009300
v 0.598000 19.864600 -0.974100
v 0.488300 19.758400 -1.079900
v 0.491900 19.893200 -1.047200
v 0.481600 19.620000 -1.099000
v 0.586600 19.605200 -1.031800
v 0.674700 19.583300 -0.944000
v 0.753500 19.670000 -0.817100
v 0.812400 19.728900 -0.674400
v 0.802300 19.627500 -0.706500
v 0.597900 19.986800 -0.925700
v 0.594700 20.101900 -0.864200
v 0.492400 20.022900 -0.999300
v 0.489600 20.145200 -0.934900
v 0.844900 19.675400 -0.565800
v 0.864100 19.623900 -0.468900
v 0.855000 19.541900 -0.501500
v 0.834400 19.583600 -0.597700
v 0.862800 19.507700 -0.430800
v 0.868400 19.481400 -0.386200
v 0.860500 19.430100 -0.459000
v 0.884800 19.414500 -0.420000
v 0.887800 19.467300 -0.358800
v 0.920300 19.413200 -0.408200
v 0.841800 19.455200 -0.527700
v 0.819500 19.487600 -0.622300
v 0.832300 19.362600 -0.547000
v 0.803500 19.386900 -0.639100
v 0.864000 19.345000 -0.479800
v 0.891700 19.495700 -0.281000
v 0.923900 19.474000 -0.358700
v 0.932400 19.515600 -0.277500
v 0.965300 19.492100 -0.356800
v 0.968200 19.501400 -0.264500
v 0.998100 19.474300 -0.332400
v 0.962900 19.456200 -0.262500
v 0.985800 19.434600 -0.314700
v 0.998400 19.430300 -0.410100
v 1.018400 19.414800 -0.381000
v 0.958800 19.422700 -0.413200
v 0.942300 19.336300 -0.436500
v 0.980700 19.340900 -0.443400
v 0.952600 19.246100 -0.451000
v 0.989500 19.245100 -0.456100
v 0.948400 19.152100 -0.443300
v 0.983200 19.146400 -0.442600
v 1.021100 19.243800 -0.446700
v 1.014100 19.142700 -0.432400
v 0.957400 19.060000 -0.401900
v 0.926100 19.064800 -0.412200
v 0.985300 19.055400 -0.390400
v 0.910700 19.248100 -0.457000
v 0.901100 19.336300 -0.444500
v 0.908400 19.156400 -0.454600
v 1.015800 19.342400 -0.437600
v 1.028700 19.333700 -0.408600
v 1.032500 19.241400 -0.419000
v 0.996200 19.387800 -0.354000
v 0.992900 19.405500 -0.293700
v 1.001900 19.364800 -0.311100
v 1.011700 19.308200 -0.334100
v 1.004600 19.320300 -0.380000
v 1.015100 19.239300 -0.349100
v 1.015100 19.239300 -0.389900
v 1.022600 19.152200 -0.377800
v 1.030700 19.144900 -0.406900
v 1.004200 19.057500 -0.370000
v 1.005200 19.067000 -0.345600
v 0.970200 18.983300 -0.322600
v 0.948800 18.980800 -0.340400
v 0.975500 18.995300 -0.301100
v 1.009700 19.160200 -0.347300
v 0.988800 19.163200 -0.314300
v 0.970600 19.091600 -0.303100
v 0.990500 19.079500 -0.324700
v 0.937100 19.030900 -0.269300
v 0.938700 19.105800 -0.287600
v 0.914700 19.058300 -0.257300
v 0.947100 19.163100 -0.292800
v 0.960700 19.011900 -0.284700
v 0.990000 19.232900 -0.305200
v 0.979200 19.290400 -0.287600
v 0.957500 19.342800 -0.260300
v 0.929400 19.298700 -0.232000
v 0.934700 19.267900 -0.244900
v 0.906200 19.262100 -0.183000
v 0.898400 19.293600 -0.187200
v 0.890800 19.283100 -0.124500
v 0.874800 19.300700 -0.135700
v 0.888500 19.327400 -0.149400
v 0.908200 19.348100 -0.196200
v 0.935100 19.219900 -0.260700
v 0.912800 19.233700 -0.180400
v 0.917900 19.415700 -0.215700
v 0.964800 19.408300 -0.257400
v 0.929100 19.459300 -0.206800
v 0.942500 19.494300 -0.189700
v 0.867600 19.142800 -0.234400
v 0.843500 19.084100 -0.212900
v 0.886400 19.083300 -0.254600
v 0.902200 19.121600 -0.272900
v 0.915600 19.158100 -0.279300
v 0.900200 19.182800 -0.242800
v 0.806200 19.133100 -0.161200
v 0.845000 19.178400 -0.174400
v 0.888400 19.204600 -0.174100
v 0.886600 19.240600 -0.104600
v 0.848600 19.216800 -0.101900
v 0.901400 19.265400 -0.114800
v 0.890700 19.306500 -0.060900
v 0.900100 19.324200 -0.078600
v 0.892800 19.334600 -0.093200
v 0.904800 19.396500 -0.097000
v 0.812500 19.163300 -0.094100
v 0.782800 19.123200 -0.098600
v 0.782800 19.093700 -0.132100
v 0.823600 19.124500 -0.102600
v 0.795500 19.105600 -0.092200
v 0.839300 19.159700 -0.093800
v 0.845700 19.138100 -0.104900
v 0.854900 19.168600 -0.070400
v 0.879100 19.032900 -0.211500
v 0.900000 18.983100 -0.215400
v 0.873700 18.973500 -0.159100
v 0.880700 18.939800 -0.156300
v 0.895700 18.936000 -0.185800
v 0.876400 18.917900 -0.134800
v 0.895800 18.902300 -0.169000
v 0.886900 18.869300 -0.164900
v 0.911200 18.882100 -0.220200
v 0.917900 18.909200 -0.211600
v 0.883200 18.868800 -0.232700
v 0.857800 18.849200 -0.172300
v 0.865200 18.887400 -0.118800
v 0.835900 18.856400 -0.117400
v 0.822500 18.842000 -0.180400
v 0.807500 18.828900 -0.132600
v 0.844100 18.865300 -0.240100
v 0.792700 18.821600 -0.177500
v 0.913600 18.916600 -0.289500
v 0.937900 18.923700 -0.273200
v 0.880100 18.918300 -0.300700
v 0.848800 18.934300 -0.088000
v 0.861300 18.958400 -0.118500
v 0.850100 19.013400 -0.064400
v 0.840900 19.014100 -0.107600
v 0.943300 18.942800 -0.255600
v 0.929200 18.963500 -0.241700
v 0.913200 18.932800 -0.211600
v 0.855100 19.018800 -0.156100
v 0.814300 19.052000 -0.158000
v 0.809100 19.037100 -0.119800
v 0.799200 19.071000 -0.102600
v 0.825100 19.047100 -0.093900
v 0.836300 19.093400 -0.102600
v 0.847700 19.063200 -0.084600
v 0.858800 19.127100 -0.092000
v 0.860600 19.108600 -0.061000
v 0.856700 19.164400 -0.033200
v 0.856500 19.152800 0.008500
v 0.858700 19.083000 -0.024600
v 2.096900 15.909000 0.159800
v 2.022600 15.977000 0.250700
v 2.096500 16.022500 0.210100
v 2.173800 15.934000 0.129400
v 2.192200 16.053600 0.176300
v 2.267500 15.942200 0.102800
v 2.317300 16.071900 0.143400
v 2.325500 16.208500 0.171700
v 2.186500 16.178500 0.207500
v 2.158500 16.296000 0.216000
v 2.303100 16.335600 0.168600
v 2.255100 16.456200 0.152300
v 2.108700 16.407600 0.210800
v 2.451900 16.378100 0.105500
v 2.396200 16.505200 0.083200
v 2.486000 16.240900 0.117800
v 2.075500 16.139700 0.246900
v 2.033500 16.249600 0.266900
v 2.489500 16.079400 0.096200
v 2.684400 16.175100 0.025400
v 2.639400 16.305100 0.025900
v 2.747600 16.064600 0.003300
v 1.989300 16.087200 0.293900
v 1.964500 15.917100 0.299300
v 1.917700 15.845700 0.355000
v 1.922800 16.019400 0.347400
v 1.870800 15.940100 0.406200
v 1.800300 16.021000 0.451200
v 1.857000 16.109600 0.388100
v 1.932700 16.188300 0.325900
v 1.765500 16.189400 0.424700
v 1.709000 16.089300 0.491300
v 1.846200 16.285400 0.351700
v 1.828300 15.854100 0.468500
v 1.755900 15.928200 0.514100
v 1.706200 16.395300 0.375800
v 1.886400 16.462300 0.274500
v 1.812200 16.576800 0.247100
v 1.642800 16.542500 0.329400
v 1.966300 16.624400 0.171000
v 2.041400 16.516900 0.196600
v 1.970400 16.354200 0.275500
v 2.109000 16.679900 0.100000
v 2.188600 16.571100 0.129200
v 1.884500 16.726500 0.139200
v 1.737000 16.683000 0.212500
v 1.923500 16.875000 0.030700
v 1.796900 16.821800 0.104500
v 2.019800 16.781600 0.066700
v 2.137700 16.840700 -0.013700
v 2.032400 16.933500 -0.051800
v 2.235700 16.737600 0.022100
v 2.323200 16.625500 0.055000
v 2.341100 16.794900 -0.070900
v 2.436700 16.681500 -0.037000
v 2.518100 16.559800 -0.009000
v 2.121000 16.990500 -0.147500
v 2.234800 16.898500 -0.108100
v 1.922900 17.015100 -0.091400
v 1.823600 16.959300 -0.006400
v 1.706500 16.910300 0.069800
v 1.814600 17.087000 -0.131200
v 1.725100 17.035800 -0.042600
v 1.617500 16.993400 0.037100
v 1.574300 16.879200 0.143200
v 1.655600 16.784700 0.177100
v 2.002900 17.069700 -0.188800
v 2.189400 17.041300 -0.257800
v 2.064200 17.117300 -0.299300
v 1.886100 17.138700 -0.230700
v 1.941000 17.184500 -0.341500
v 2.239000 17.083700 -0.381200
v 2.364100 16.997400 -0.345000
v 2.310100 16.951600 -0.218900
v 1.576400 16.659300 0.286800
v 1.506700 16.764200 0.248200
v 1.435700 16.861100 0.212700
v 1.294300 16.849700 0.274800
v 1.356300 16.752400 0.311900
v 1.208800 16.744100 0.367600
v 1.153000 16.840500 0.328800
v 1.231300 16.938800 0.239100
v 1.095400 16.929000 0.291000
v 1.168700 17.018200 0.202600
v 1.038100 17.008000 0.252300
v 1.365300 16.949900 0.179000
v 1.296300 17.029300 0.144600
v 1.419000 17.044800 0.078500
v 1.344300 17.112600 0.041900
v 1.227900 17.098000 0.106300
v 1.452200 17.135100 -0.029800
v 1.533300 17.069000 0.005200
v 1.632000 17.106200 -0.076800
v 1.495200 16.966400 0.111000
v 1.269000 17.170400 -0.001000
v 1.158900 17.156600 0.062600
v 1.370800 17.191700 -0.071400
v 1.106900 17.087000 0.162800
v 1.045400 17.145600 0.118500
v 1.088000 17.208900 0.014300
v 0.983600 17.197000 0.071000
v 0.982900 17.076600 0.210800
v 0.930600 17.135100 0.165600
v 0.881300 17.186000 0.118100
v 0.904800 16.996600 0.294600
v 0.959000 16.918100 0.335900
v 0.854900 17.065200 0.250800
v 1.066100 16.736300 0.416500
v 1.013800 16.831000 0.376100
v 0.877600 16.819500 0.418400
v 0.929100 16.727100 0.460300
v 0.974700 16.629200 0.502900
v 1.113100 16.635800 0.458500
v 1.012800 16.527400 0.546900
v 1.152000 16.531000 0.503000
v 1.042200 16.423400 0.592600
v 1.180200 16.424000 0.550300
v 1.259600 16.641200 0.408800
v 1.301800 16.532900 0.453800
v 1.329900 16.420800 0.503100
v 0.844500 16.619600 0.543000
v 0.882200 16.520900 0.586600
v 0.799200 16.713900 0.500200
v 1.414700 16.647700 0.352200
v 0.746300 16.801800 0.457100
v 0.822400 16.904300 0.375600
v 0.678800 16.694600 0.537200
v 0.624000 16.776400 0.494500
v 1.465000 16.534800 0.397000
v 1.498400 16.412600 0.448300
v 1.487700 16.292800 0.510800
v 1.641000 16.258200 0.461700
v 1.596300 16.143900 0.529600
v 1.467100 16.179800 0.570500
v 1.666100 15.989700 0.553900
v 1.561300 16.038400 0.590700
v 1.531100 15.938500 0.648000
v 1.445700 16.073300 0.627400
v 1.424600 15.972600 0.681600
v 1.325100 16.096200 0.663900
v 1.313600 15.995900 0.714900
v 1.203800 16.109400 0.699900
v 1.200800 16.009900 0.748100
v 1.203200 16.212300 0.650400
v 1.334200 16.201300 0.611300
v 1.403700 15.877600 0.733300
v 1.502300 15.844200 0.702400
v 1.301200 15.900900 0.763900
v 1.629800 15.892900 0.613400
v 1.680100 15.746400 0.635200
v 1.717700 15.835600 0.575800
v 1.595100 15.800600 0.670300
v 1.559400 15.713800 0.724800
v 1.473300 15.756200 0.754500
v 1.790400 15.766600 0.531900
v 1.337700 16.309700 0.557300
v 1.196300 16.317100 0.600000
v 1.062800 16.319100 0.639700
v 1.076100 16.216000 0.687400
v 0.935900 16.316800 0.676500
v 0.953200 16.214800 0.722200
v 0.834300 16.209800 0.754000
v 0.850300 16.109900 0.798500
v 0.965900 16.114500 0.767700
v 1.083800 16.114900 0.734700
v 0.975300 16.016400 0.812100
v 1.087800 16.016300 0.780600
v 0.863700 16.011800 0.842000
v 0.814400 16.310900 0.709300
v 0.698500 16.303500 0.737700
v 0.719300 16.202700 0.781700
v 0.737400 16.102500 0.825600
v 0.912500 16.419500 0.631300
v 0.790000 16.411900 0.665200
v 0.674400 16.403300 0.694400
v 0.760000 16.510900 0.621800
v 0.646400 16.499800 0.652000
v 0.363100 19.465400 0.804600
v 0.418800 19.435700 0.792700
v 0.446100 19.490400 0.807600
v 0.487700 19.459400 0.780300
v 0.463200 19.429400 0.778200
v 0.506600 19.417200 0.746700
v 0.486300 19.395500 0.792900
v 0.551900 19.448400 0.766600
v 0.597600 19.474300 0.781200
v 0.614200 19.441400 0.742300
v 0.655100 19.467000 0.730500
v 0.634400 19.510300 0.778100
v 0.693600 19.502100 0.705900
v 0.664600 19.555100 0.764400
v 0.719600 19.553300 0.666000
v 0.682300 19.612000 0.734800
v 0.739500 19.481600 0.610600
v 0.616200 19.602400 0.826700
v 0.318400 19.475900 0.818800
v -1.687600 17.316800 -1.044000
v -1.830000 17.270900 -1.013800
v -1.865100 17.311000 -0.888200
v -1.966700 17.219700 -0.989700
v -1.999400 17.248700 -0.857200
v -2.104800 17.173700 -0.971500
v -2.135900 17.194300 -0.830300
v -1.883100 17.325900 -0.757500
v -2.012500 17.256500 -0.722300
v -2.005700 17.246400 -0.589400
v -2.146600 17.196800 -0.688600
v -2.136900 17.183300 -0.551200
v -1.980900 17.221100 -0.461800
v -2.108700 17.155500 -0.420900
v -2.270100 17.116100 -0.515600
v -2.239000 17.083600 -0.381200
v -2.064200 17.117300 -0.299300
v -2.189400 17.041200 -0.257800
v -1.941000 17.184500 -0.341500
v -2.396700 17.033100 -0.484300
v -2.364100 16.997400 -0.345000
v -2.281800 17.135400 -0.658700
v -2.409400 17.057800 -0.633200
v -2.272500 17.139100 -0.807200
v -2.402000 17.069200 -0.787500
v -2.521300 16.984500 -0.771600
v -2.526300 16.966100 -0.612300
v -2.496400 16.986100 -0.930400
v -2.373200 17.061900 -0.942100
v -2.241800 17.124100 -0.956000
v -2.055200 17.128500 -1.105400
v -2.192900 17.086700 -1.097700
v -1.917500 17.165800 -1.115100
v -1.781200 17.204600 -1.131400
v -1.861500 17.091100 -1.231300
v -1.727000 17.117900 -1.241000
v -1.811400 17.001200 -1.337400
v -1.997600 17.061900 -1.228000
v -2.134700 17.027600 -1.226300
v -2.270400 16.984800 -1.224500
v -2.327200 17.034600 -1.090100
v -2.078600 16.953600 -1.340900
v -2.212400 16.916400 -1.342100
v -2.031700 16.865700 -1.438100
v -2.160600 16.833100 -1.441100
v -2.342100 16.866700 -1.341500
v -2.400800 16.928800 -1.221400
v -2.286400 16.787400 -1.441800
v -2.454400 16.968500 -1.082600
v -1.944000 16.981400 -1.338700
v -1.903200 16.886300 -1.433200
v -1.735000 16.498500 -1.594700
v -1.817100 16.514400 -1.588700
v -1.885800 16.648600 -1.557400
v -1.901700 16.521000 -1.590100
v -1.930200 16.390600 -1.602800
v -2.005800 16.388800 -1.607400
v -1.989200 16.518500 -1.597500
v -1.985400 16.644000 -1.567100
v -1.998900 16.762600 -1.514500
v -1.885800 16.771800 -1.504700
v -2.118900 16.736700 -1.520300
v -2.090700 16.627100 -1.577600
v -2.080000 16.506000 -1.609100
v -2.177000 16.479300 -1.617800
v -2.200900 16.593700 -1.584000
v -2.238400 16.696000 -1.523100
v -2.355000 16.641100 -1.522500
v -2.311000 16.545400 -1.586700
v -2.276600 16.438200 -1.623600
v -2.084800 16.376900 -1.615400
v -2.167200 16.353600 -1.624500
v -1.857100 16.383100 -1.603700
v -1.786400 16.366300 -1.611000
v -0.289500 18.082000 -0.928900
v -0.384900 18.102800 -0.898700
v -0.365800 18.225000 -0.867900
v -0.275900 18.208700 -0.895200
v -0.178600 18.324900 -0.878500
v -0.268000 18.336500 -0.871200
v -0.353800 18.349100 -0.845700
v -0.471200 18.122200 -0.849700
v -0.447300 18.240900 -0.821800
v -0.544200 18.139700 -0.783700
v -0.602500 18.153800 -0.704700
v -0.645800 18.163100 -0.616700
v -0.431500 18.361900 -0.801100
v -0.349900 18.473500 -0.837900
v -0.426100 18.483800 -0.793500
v -0.354500 18.596100 -0.848400
v -0.432300 18.603900 -0.804000
v -0.367900 18.714200 -0.881300
v -0.449400 18.720000 -0.834900
v -0.500900 18.612600 -0.743400
v -0.522000 18.726600 -0.773000
v -0.265800 18.464100 -0.863100
v -0.269600 18.589300 -0.875000
v -0.177800 18.456000 -0.870100
v -0.089000 18.315600 -0.871400
v -0.000000 18.448300 -0.855500
v -0.088900 18.450300 -0.863200
v -0.000000 18.580400 -0.877100
v -0.090400 18.581000 -0.882100
v -0.000000 18.704100 -0.925900
v 0.093800 18.704400 -0.926900
v -0.000000 18.819700 -0.994800
v 0.098800 18.820100 -0.993100
v -0.000000 18.937900 -1.065300
v 0.104100 18.938300 -1.061800
v -0.098800 18.820000 -0.993300
v -0.104100 18.938200 -1.062200
v -0.093800 18.704300 -0.927000
v 0.197400 18.821200 -0.985800
v -0.180700 18.584000 -0.884700
v -0.187400 18.705900 -0.924200
v -2.672300 16.407100 -1.509400
v -2.573600 16.496300 -1.514600
v -2.730200 16.476500 -1.429200
v -2.629900 16.572200 -1.433600
v -2.783900 16.529000 -1.327800
v -2.686100 16.631600 -1.332400
v -2.871100 16.419100 -1.323800
v -2.905700 16.446500 -1.200000
v -2.823900 16.559100 -1.202900
v -2.853000 16.572900 -1.061800
v -2.929600 16.459800 -1.060300
v -2.946400 16.462200 -0.909200
v -2.998200 16.344900 -1.060500
v -2.874800 16.574800 -0.909400
v -2.732800 16.667300 -1.207600
v -2.768700 16.683700 -1.065200
v -2.521700 16.656400 -1.437600
v -2.467000 16.574600 -1.519700
v -2.579600 16.723400 -1.336100
v -2.465000 16.802300 -1.339300
v -2.407100 16.728200 -1.440300
v -2.522000 16.856100 -1.217000
v -2.570900 16.886100 -1.075500
v -2.608100 16.896000 -0.921300
v -2.707500 16.794400 -0.914900
v -2.723900 16.782200 -0.752000
v -2.628600 16.887600 -0.759800
v -2.675400 16.789600 -1.069600
v -2.632600 16.767700 -1.212100
v -2.418600 16.483100 -1.583200
v -0.872500 19.745100 -0.191100
v -0.879500 19.804900 -0.263800
v -0.872500 19.888200 -0.202400
v -0.870700 19.958200 -0.282700
v -0.877400 19.871500 -0.342400
v -0.856100 19.941700 -0.432000
v -0.817100 19.920300 -0.584700
v -0.813100 20.011600 -0.527100
v -0.760500 19.986500 -0.685400
v -0.752700 20.080500 -0.621100
v -0.764100 19.886500 -0.740100
v -0.816800 19.826100 -0.633700
v -0.685900 20.048200 -0.780100
v -0.690000 19.940900 -0.838800
v -0.598000 19.986800 -0.925700
v -0.598100 19.864600 -0.974100
v -0.689800 19.826900 -0.885800
v -0.488200 19.758400 -1.079800
v -0.594100 19.737000 -1.009100
v -0.491800 19.893200 -1.047100
v -0.586100 19.605200 -1.031200
v -0.674200 19.583300 -0.943600
v -0.684200 19.707300 -0.920500
v -0.481400 19.620000 -1.098700
v -0.375600 19.912400 -1.103700
v -0.372100 19.771500 -1.132300
v -0.492300 20.022900 -0.999200
v -0.376500 20.049100 -1.057200
v -0.594800 20.101900 -0.864200
v -0.489600 20.145200 -0.934900
v -0.587600 20.207500 -0.788600
v -0.483800 20.257300 -0.853800
v -0.374500 20.178000 -0.989900
v -0.370200 20.296000 -0.904000
v -0.677700 20.147200 -0.709900
v -0.741500 20.168100 -0.547900
v -0.664800 20.235800 -0.628600
v -0.576100 20.300500 -0.699500
v -0.805800 20.100000 -0.460900
v -0.850100 20.029800 -0.370400
v -0.835600 20.116400 -0.299000
v -0.792600 20.184200 -0.386600
v -0.854600 20.046100 -0.211600
v -0.770500 20.262100 -0.306300
v -0.809700 20.199800 -0.220400
v -0.728400 20.249800 -0.468100
v -0.651200 20.316100 -0.540100
v -0.637100 20.387800 -0.445700
v -0.711300 20.323700 -0.383200
v -0.772300 20.281200 -0.140100
v -0.738100 20.333700 -0.226500
v -0.667000 20.422800 -0.231900
v -0.688500 20.384800 -0.297800
v -0.691300 20.401300 -0.161600
v -0.718000 20.362000 -0.068000
v -0.827700 20.133700 -0.132300
v -0.831600 20.065000 -0.045800
v -0.858000 19.975800 -0.128200
v -0.865700 19.821600 -0.126400
v -0.815500 18.897200 -0.357700
v -0.788600 18.882800 -0.410700
v -0.758000 18.868200 -0.481400
v -0.718600 18.856800 -0.565300
v -0.671300 18.849100 -0.653800
v -0.585200 18.733900 -0.698800
v -0.639700 18.742700 -0.616200
v -0.615400 18.843400 -0.739100
v -0.549400 18.838400 -0.816400
v -0.686600 18.754000 -0.529700
v -0.576400 18.953100 -0.863700
v -0.498000 18.948900 -0.934700
v -0.473400 18.833000 -0.882500
v -0.387900 18.827900 -0.933900
v -0.408700 18.944500 -0.990700
v -0.520400 19.071600 -0.981000
v -0.541100 19.200800 -1.015900
v -0.427900 19.069200 -1.040700
v -0.445700 19.201400 -1.078800
v -0.294800 18.823600 -0.968100
v -0.279600 18.709300 -0.910600
v -0.208100 18.939200 -1.051400
v -0.197400 18.821000 -0.986200
v -0.310700 18.941200 -1.029100
v -0.508200 17.733100 0.121400
v -0.670800 17.711100 -0.061200
v -0.728200 17.641000 -0.107100
v -0.794200 17.570700 -0.138200
v -0.732700 17.503800 -0.062600
v -0.799800 17.443700 -0.082200
v -0.868600 17.498100 -0.152900
v -0.870300 17.381100 -0.087300
v -0.948800 17.423300 -0.152300
v -1.017000 17.464500 -0.217500
v -2.683400 16.175000 0.024100
v -2.746600 16.064700 0.002100
v -2.813400 16.254500 -0.103300
v -2.871900 16.141700 -0.118700
v -2.952500 16.210400 -0.264500
v -2.995300 16.268900 -0.422900
v -2.892900 16.323100 -0.252100
v -2.935100 16.380500 -0.412900
v -2.752900 16.373600 -0.101900
v -2.827000 16.438000 -0.249200
v -2.584400 16.433300 0.011500
v -2.686400 16.495000 -0.111000
v -2.638200 16.304700 0.024300
v -2.485900 16.240700 0.117600
v -2.452000 16.378100 0.105900
v -2.755100 16.555100 -0.254300
v -2.794700 16.607000 -0.412300
v -2.868300 16.493000 -0.409500
v -2.610700 16.617100 -0.127900
v -2.675100 16.673200 -0.266700
v -2.435800 16.680700 -0.038100
v -2.523100 16.736800 -0.152300
v -2.517300 16.559200 -0.010000
v -2.583900 16.789000 -0.286300
v -2.951900 16.449800 -0.748600
v -2.950700 16.423100 -0.580900
v -2.884100 16.561200 -0.746700
v -2.883900 16.534200 -0.577900
v -2.809600 16.645900 -0.579300
v -2.808500 16.672500 -0.747700
v -2.795700 16.686100 -0.911100
v -2.726300 16.757000 -0.585300
v -2.632100 16.864700 -0.596200
v -2.712500 16.721000 -0.421100
v -2.619200 16.832200 -0.436200
v -2.513400 16.937100 -0.457500
v -2.479700 16.898100 -0.313000
v -2.422200 16.849100 -0.183400
v -2.310000 16.951400 -0.219100
v -2.340500 16.794400 -0.071700
v -2.234600 16.898200 -0.108500
v -2.120900 16.990400 -0.147600
v -2.032300 16.933300 -0.051900
v -2.396200 16.505200 0.083500
v 0.196800 16.814200 0.454000
v 0.286000 16.786800 0.493000
v 0.158200 16.717200 0.513700
v 0.236300 16.700600 0.545900
v 0.366000 16.747000 0.532600
v 0.311900 16.675400 0.578100
v 0.380300 16.646500 0.604100
v 0.434300 16.699100 0.568400
v 0.430700 16.622200 0.619700
v 0.361000 16.575200 0.644500
v 0.435900 16.566500 0.649200
v 0.360500 16.487200 0.689600
v 0.448000 16.484800 0.688600
v 0.370900 16.389200 0.737300
v 0.464900 16.390500 0.732100
v 0.542400 16.490000 0.675300
v 0.566000 16.395500 0.717300
v 0.588200 16.296100 0.760900
v 0.484100 16.290200 0.777300
v 0.517200 16.574900 0.635700
v 0.386700 16.286100 0.786000
v 0.404400 16.181100 0.834800
v 0.503700 16.187600 0.823200
v 0.285000 16.590200 0.627400
v 0.486100 16.644800 0.600300
v 0.517700 16.742100 0.531800
v 0.572400 16.670900 0.571200
v 0.613500 16.589900 0.610900
v 0.723400 16.605800 0.579200
v -0.311900 16.675200 0.577900
v -0.285000 16.590200 0.627500
v -0.361000 16.575200 0.644600
v -0.360400 16.487500 0.690200
v -0.430700 16.622000 0.619600
v -0.435900 16.566500 0.649400
v -0.380300 16.646300 0.604000
v -0.486100 16.644500 0.600100
v -0.517200 16.574800 0.635800
v -0.542400 16.490200 0.675800
v -0.448000 16.485100 0.689200
v -0.464800 16.391000 0.733000
v -0.565900 16.395900 0.718100
v -0.484000 16.290900 0.778500
v -0.588100 16.296800 0.761900
v -0.608700 16.195800 0.806300
v -0.719200 16.203400 0.782700
v -0.613500 16.589800 0.611000
v -0.723500 16.605700 0.579200
v -0.844600 16.619600 0.543100
v 0.667700 17.231500 0.127100
v 0.682600 17.300900 0.062900
v 0.754900 17.228600 0.100700
v 0.753300 17.281400 0.043500
v 0.837800 17.231300 0.070200
v 0.810200 17.267300 0.032800
v 0.921400 17.244700 0.023900
v 0.859800 17.290700 -0.013300
v 1.015100 17.260600 -0.034600
v 1.030700 17.348200 -0.134900
v 0.942300 17.318200 -0.073200
v 1.112100 17.278800 -0.098600
v 0.870200 17.381000 -0.087500
v 0.795700 17.333900 -0.021300
v 0.730100 17.376900 -0.010000
v 0.664900 17.419900 0.013400
v 0.799500 17.443500 -0.082600
v 0.732200 17.503500 -0.063200
v 0.948700 17.423200 -0.152400
v 1.191600 17.222900 -0.049500
v 1.017000 17.464500 -0.217500
v 0.926700 17.544700 -0.222500
v 0.868300 17.498000 -0.153200
v 1.069800 17.507900 -0.286800
v 0.971200 17.587900 -0.294400
v 0.793500 17.570400 -0.138900
v 0.843500 17.624500 -0.212800
v 0.727100 17.640500 -0.108000
v 0.670800 17.560600 -0.028800
v 0.771200 17.705300 -0.186900
v 0.778600 17.177200 0.154500
v 0.673700 17.170400 0.182400
v 0.812900 17.124600 0.204000
v 0.602700 17.463300 0.049500
v 0.616900 18.656300 0.577600
v 0.612700 18.754900 0.671400
v 0.560900 18.684100 0.737400
v 0.592400 18.848300 0.766100
v 0.655400 18.921500 0.699100
v 0.632700 19.010900 0.777900
v 0.551400 18.944900 0.847000
v 0.705100 19.083400 0.695300
v 0.759100 19.155100 0.598100
v 0.793400 19.214100 0.495700
v 0.776400 19.307100 0.535700
v 0.736500 19.246300 0.638900
v 0.753500 19.396300 0.571100
v 0.781100 19.453300 0.479800
v 0.757600 19.541200 0.535900
v 0.793100 19.515800 0.383900
v 0.761400 19.607600 0.450700
v 0.741300 17.855200 -0.232700
v 0.711800 17.790700 -0.145700
v 0.803200 17.758000 -0.266500
v 0.880900 17.670500 -0.287800
v 0.906900 17.710600 -0.366200
v 0.824900 17.799100 -0.346900
v 0.923800 17.745600 -0.449300
v 0.839500 17.832100 -0.429600
v 0.770800 17.927000 -0.400700
v 0.759100 17.895800 -0.317400
v 0.776200 17.949000 -0.488100
v 0.713900 18.058300 -0.550400
v 0.645700 18.163100 -0.616700
v 0.688100 18.056300 -0.644500
v 0.670400 17.710800 -0.061500
v -1.574300 16.879300 0.143200
v -1.435700 16.861200 0.212800
v -1.495200 16.966500 0.111100
v -1.365400 16.950100 0.179100
v -1.296300 17.029500 0.144700
v -1.419100 17.044900 0.078600
v -1.533300 17.069100 0.005300
v -1.617500 16.993400 0.037100
v -1.344400 17.112800 0.042100
v -1.632000 17.106200 -0.076800
v -1.725100 17.035700 -0.042600
v -1.706500 16.910200 0.069700
v -1.823600 16.959200 -0.006500
v -1.923500 16.874900 0.030700
v -1.922900 17.015000 -0.091500
v -1.814600 17.087000 -0.131200
v -1.886100 17.138700 -0.230800
v -2.002800 17.069600 -0.188900
v -1.712100 17.153500 -0.168700
v -1.775800 17.203800 -0.270200
v -1.269100 17.170700 -0.000800
v -1.228000 17.098200 0.106500
v -0.113200 18.855800 1.115800
v -0.081600 18.901500 1.121800
v 0.428800 18.372400 0.817300
v 0.438700 18.476500 0.859900
v 0.000000 18.621000 1.143700
v -0.000000 18.640600 1.166700
v -0.319600 15.525800 1.106700
v -0.416800 15.545700 1.101300
v -0.301400 15.628800 1.073600
v -0.396900 15.649000 1.067200
v -0.496100 15.668000 1.052400
v -0.378400 15.751800 1.027300
v -0.476600 15.768800 1.013300
v -0.597700 15.686400 1.033400
v -0.577600 15.784700 0.994700
v -0.680500 15.799500 0.973200
v -0.700200 15.704300 1.012700
v -0.723200 15.609700 1.051100
v -0.620800 15.587400 1.069500
v -0.802100 15.720200 0.988500
v -0.824000 15.629600 1.027600
v -0.921800 15.645500 0.998400
v -0.946800 15.559400 1.031500
v -0.902700 15.732900 0.960700
v -0.518000 15.566100 1.087600
v -0.784200 15.812700 0.949100
v -0.559000 15.884000 0.955400
v -0.662800 15.896600 0.934200
v -0.768600 15.907700 0.910200
v -0.645600 15.995000 0.893300
v -0.753400 16.004600 0.869200
v -1.118600 15.589200 0.969700
v -1.264200 15.655100 0.891000
v -1.337800 15.633400 0.870600
v -1.187000 15.664300 0.913700
v -1.104100 15.664100 0.939200
v -1.275700 15.729300 0.852800
v -1.187800 15.741400 0.877900
v -1.288300 15.811900 0.810200
v -1.191500 15.825600 0.838100
v -1.036300 15.576400 0.999400
v -1.015400 15.657100 0.967600
v -1.001000 15.741400 0.932100
v -0.888000 15.823300 0.922900
v -0.991000 15.829800 0.894800
v -1.092300 15.831000 0.866500
v -1.096200 15.744800 0.904400
v -0.983100 15.921800 0.854900
v -1.090100 15.921800 0.825000
v -0.875700 15.916700 0.883900
v 0.253800 15.949400 0.942700
v 0.344600 15.960700 0.939000
v 0.422500 16.076100 0.882700
v 0.440400 15.972100 0.928800
v 0.522700 16.085000 0.868700
v 0.541100 15.983300 0.913000
v 0.628000 16.093900 0.849400
v 0.608900 16.195000 0.805200
v 0.645700 15.994000 0.892600
v 0.662900 15.895600 0.933900
v 0.559100 15.882900 0.955100
v 0.753600 16.003800 0.868600
v 0.875700 15.916100 0.883600
v 0.768700 15.906900 0.909900
v 0.680400 15.798800 0.973400
v 0.577500 15.783800 0.995100
v 0.597400 15.686000 1.034400
v 0.476500 15.767900 1.013900
v 0.495800 15.667600 1.053700
v 0.458300 15.869300 0.972400
v 0.699900 15.703900 1.013400
v 1.337300 16.664600 -1.587100
v 1.414700 16.518100 -1.633400
v 1.575600 16.434200 -1.631900
v 1.498200 16.382100 -1.661200
v 1.507600 16.571800 -1.599400
v 1.583100 16.254000 -1.672500
v 1.857300 16.383100 -1.603900
v 1.930300 16.390600 -1.603000
v 1.786600 16.366300 -1.611400
v 1.717500 16.339700 -1.625700
v 1.649500 16.302400 -1.646500
v 1.654800 16.472300 -1.609300
v 1.601000 16.608300 -1.574300
v 1.735100 16.498500 -1.594900
v 1.817200 16.514400 -1.588900
v 1.901800 16.521000 -1.590200
v 1.789200 16.644400 -1.554000
v 1.885800 16.648600 -1.557500
v 1.694600 16.631500 -1.559200
v 1.452100 16.715500 -1.547800
v 1.562100 16.746800 -1.520100
v 1.669700 16.764100 -1.504400
v 1.777200 16.771600 -1.499700
v 1.885800 16.771800 -1.504700
v 1.998900 16.762600 -1.514500
v 1.985400 16.644100 -1.567100
v 2.118900 16.736800 -1.520300
v 2.090700 16.627200 -1.577700
v 1.989200 16.518500 -1.597600
v 2.079900 16.506000 -1.609200
v 2.238400 16.696000 -1.523100
v 2.005900 16.388800 -1.607500
v 2.031700 16.865700 -1.438100
v 2.160600 16.833100 -1.441100
v 1.903100 16.886400 -1.433200
v 1.784200 16.891800 -1.427100
v 2.212400 16.916400 -1.342100
v 2.286400 16.787400 -1.441800
v 2.342100 16.866700 -1.341500
v 2.400800 16.928800 -1.221400
v 1.665700 16.892000 -1.431400
v 1.685600 17.011000 -1.342600
v 1.556100 17.015600 -1.361000
v 1.545400 16.884100 -1.448000
v 1.418700 16.863600 -1.477800
v 0.923700 19.454100 -0.128100
v 0.904200 19.439000 -0.151400
v 0.878100 19.417700 -0.171400
v 0.883300 19.374400 -0.168400
v 0.871900 19.395000 -0.136200
v 0.879500 19.357400 -0.136600
v 0.885500 19.397300 -0.115800
v 0.879000 19.344400 -0.110500
v 0.829800 19.265700 -0.559000
v 0.867900 19.254200 -0.491300
v 0.824700 19.166000 -0.558600
v 0.864100 19.160800 -0.489500
v 0.811600 19.065700 -0.544100
v 0.849500 19.067400 -0.474300
v 0.890000 19.067100 -0.433400
v 0.889600 18.984800 -0.370300
v 0.857200 18.981400 -0.400300
v 0.920200 18.985000 -0.352600
v 0.844800 18.908600 -0.319100
v 0.815500 18.897200 -0.357700
v 0.788600 18.882800 -0.410700
v 0.823300 18.974900 -0.446900
v 0.789100 18.966200 -0.516800
v 0.718700 18.856800 -0.565300
v 0.747800 18.960400 -0.601800
v 0.758100 18.868100 -0.481500
v 0.769200 19.066800 -0.630600
v 0.783000 19.174700 -0.646100
v 0.792200 19.282000 -0.648000
v 0.721500 19.070200 -0.724000
v 0.738500 19.185100 -0.743200
v 0.699400 18.957800 -0.692400
v 0.643100 18.956000 -0.781500
v 0.667000 19.072800 -0.818000
v 0.576200 18.953200 -0.863500
v 0.600800 19.073200 -0.905600
v 0.548800 18.838700 -0.815800
v 0.473000 18.833300 -0.881900
v 0.497800 18.949100 -0.934400
v 0.614900 18.843700 -0.738700
v 0.671100 18.849200 -0.653600
v 0.584800 18.734100 -0.698500
v 0.639500 18.742800 -0.616000
v 0.686600 18.754000 -0.529700
v 0.521600 18.726800 -0.772600
v 0.449100 18.720200 -0.834500
v 0.500700 18.612700 -0.743200
v 0.432100 18.604000 -0.803800
v 0.559900 18.622400 -0.669700
v 0.408500 18.944700 -0.990300
v 0.428000 19.069200 -1.040700
v 0.520800 19.071500 -0.981400
v 0.542300 19.200400 -1.017200
v 0.623400 19.198200 -0.936500
v 0.643400 19.326600 -0.952900
v 0.560900 19.334300 -1.037600
v 0.687800 19.193400 -0.842700
v 0.706500 19.315400 -0.853900
v 0.446100 19.201200 -1.079400
v 0.339400 19.201500 -1.121600
v 0.325500 19.067500 -1.081200
v 0.310600 18.941400 -1.028700
v 0.387600 18.828100 -0.933300
v 0.294600 18.823800 -0.967700
v 0.208000 18.939400 -1.050900
v 0.753700 19.300000 -0.749200
v 0.770500 19.413000 -0.744600
v 0.787900 19.522200 -0.730200
v 0.740900 19.554900 -0.840500
v 0.661000 19.455900 -0.955700
v 0.724800 19.436600 -0.853200
v 0.721700 19.689800 0.528000
v 0.726900 19.618700 0.604700
v 0.673500 19.844500 0.534000
v 0.674600 19.759000 0.610700
v 0.613900 19.909000 0.618500
v 0.617900 19.815200 0.692000
v 0.620400 20.005200 0.544300
v 0.547500 20.067400 0.626500
v 0.540600 19.960300 0.696000
v 0.681200 19.931200 0.456800
v 0.635200 20.097100 0.466700
v 0.696700 20.015700 0.378800
v 0.652500 20.183700 0.383400
v 0.713200 20.096400 0.297000
v 0.559800 20.169100 0.548000
v 0.572400 20.262000 0.459000
v 0.470500 20.321800 0.515200
v 0.463200 20.223800 0.612100
v 0.578000 20.343000 0.358900
v 0.664300 20.262900 0.292700
v 0.726500 20.172500 0.210700
v 0.473500 20.405700 0.405600
v 0.360000 20.451100 0.436200
v 0.469500 20.472000 0.285100
v 0.357600 20.520400 0.309000
v 0.574500 20.409700 0.248900
v 0.359600 20.366900 0.554900
v 0.356500 20.266200 0.660100
v 0.349800 20.147000 0.740000
v 0.453600 20.112600 0.691000
v 0.448300 19.996200 0.756900
v 0.346600 20.022000 0.802700
v 0.241300 20.293100 0.688700
v 0.239600 20.171700 0.773700
v 0.242600 20.396500 0.579700
v 0.766300 20.007700 0.208700
v 0.780400 20.082500 0.124900
v 0.736200 20.244200 0.121400
v 0.790800 20.154300 0.039000
v 0.789300 20.221200 -0.049900
v 0.734900 20.309000 0.028100
v 0.831600 20.065000 -0.045800
v 0.772300 20.281200 -0.140100
v 0.718100 20.362100 -0.068000
v 0.660900 20.393500 0.091900
v 0.667800 20.333600 0.195200
v 0.541900 19.857000 0.762000
v 0.627000 19.732100 0.757600
v 0.548100 19.770100 0.820200
v 0.686000 19.682100 0.682800
v 0.625800 19.660800 0.801700
v 0.551500 19.701600 0.861500
v 0.551000 19.644400 0.888400
v 0.454800 19.794600 0.870100
v 0.450300 19.886200 0.818400
v 0.726400 18.768200 -0.446300
v 2.585300 16.433700 0.012600
v 2.686900 16.495200 -0.110300
v 2.611200 16.617500 -0.127300
v 2.753800 16.373900 -0.100900
v 2.814600 16.254700 -0.102200
v 2.893700 16.323400 -0.251500
v 2.827400 16.438100 -0.248800
v 2.953800 16.210600 -0.263700
v 2.873100 16.141600 -0.117800
v 2.935400 16.380500 -0.412700
v 2.868300 16.493000 -0.409400
v 2.755300 16.555200 -0.254100
v 2.675200 16.673300 -0.266500
v 2.584000 16.789100 -0.286200
v 2.523600 16.737200 -0.151700
v 2.712600 16.721000 -0.421100
v 2.619200 16.832200 -0.436100
v 2.794700 16.607000 -0.412300
v 2.726300 16.757000 -0.585300
v 2.632100 16.864700 -0.596200
v 2.809600 16.645900 -0.579300
v 2.479800 16.898100 -0.312900
v 2.422400 16.849400 -0.183000
v 2.513400 16.937200 -0.457500
v 2.396700 17.033100 -0.484300
v 2.883900 16.534200 -0.577800
v 2.884100 16.561200 -0.746700
v 2.808500 16.672500 -0.747700
v 2.951900 16.449800 -0.748600
v 2.950700 16.423100 -0.580900
v 2.874900 16.574900 -0.909400
v 2.795700 16.686100 -0.911100
v 2.946400 16.462200 -0.909200
v 2.995800 16.269000 -0.422700
v 0.240400 20.042200 0.836400
v 0.416300 15.545600 1.103500
v 0.517400 15.566000 1.089400
v 0.620400 15.587200 1.070900
v 0.722800 15.609600 1.052200
v 0.823700 15.629400 1.028400
v 0.801900 15.719800 0.989100
v 0.946400 15.559400 1.032000
v 1.118500 15.589100 0.969900
v 1.338000 15.633300 0.870700
v 1.264300 15.655000 0.891100
v 1.360700 15.707000 0.828600
v 1.442800 15.674700 0.803900
v 1.104000 15.664000 0.939400
v 1.187000 15.664200 0.913800
v 1.096100 15.744600 0.904500
v 1.187700 15.741200 0.878000
v 1.092300 15.830800 0.866500
v 1.191500 15.825300 0.838100
v 1.000900 15.741200 0.932300
v 1.015200 15.657000 0.967900
v 0.902500 15.732500 0.961000
v 0.921600 15.645300 0.998900
v 0.991000 15.829400 0.894800
v 0.888000 15.822800 0.922900
v 1.036100 15.576400 0.999700
v 1.196300 15.915100 0.794500
v 1.090100 15.921500 0.824900
v 1.288400 15.811700 0.810200
v 1.275800 15.729100 0.852900
v 1.382500 15.788800 0.782500
v -0.000000 16.365900 -1.598700
v -0.000000 16.230300 -1.623800
v 0.056700 16.231000 -1.631900
v 0.118700 16.232500 -1.654500
v -2.254300 16.316600 -1.628300
v 0.643600 18.045500 -0.733700
v 0.602500 18.153800 -0.704700
v 0.571100 18.267700 -0.680000
v 0.614700 18.277100 -0.593600
v 0.551200 18.385900 -0.662400
v 0.597100 18.396500 -0.578200
v 0.596600 18.517100 -0.575400
v 0.612100 18.633300 -0.588100
v 0.547400 18.505700 -0.657700
v -0.109200 19.065600 -1.119600
v -0.000000 19.065400 -1.123800
v -0.000000 19.201300 -1.167500
v 0.114100 19.201400 -1.162500
v 0.109200 19.065700 -1.119400
v 0.118400 19.342700 -1.190100
v 0.235700 19.342600 -1.173300
v 0.227600 19.201600 -1.147700
v 0.218100 19.066500 -1.105900
v 0.351000 19.341600 -1.145400
v 0.121600 19.487300 -1.202100
v 0.241800 19.486900 -1.183100
v 0.359900 19.484900 -1.152700
v 0.461500 19.339100 -1.102000
v 0.473300 19.479800 -1.108100
v 0.576100 19.470300 -1.042600
v 0.366300 19.628400 -1.146500
v 0.246200 19.632400 -1.179600
v 0.250100 19.778300 -1.168200
v 0.372100 19.771500 -1.132500
v 0.125500 19.781300 -1.189900
v 0.123700 19.633600 -1.200000
v 0.000000 19.342700 -1.195800
v -0.000000 19.487200 -1.208600
v -0.118300 19.342700 -1.190000
v -0.121600 19.487300 -1.202100
v 0.000000 19.633800 -1.207000
v -0.000000 19.782100 -1.197400
v -0.000000 19.931400 -1.174600
v 0.126900 19.929500 -1.166600
v 0.000000 20.077300 -1.126900
v 0.127300 20.074400 -1.119600
v -0.127000 19.929500 -1.166800
v -0.127300 20.074300 -1.119500
v -0.125500 19.781300 -1.190000
v -0.123700 19.633600 -1.200000
v -0.246200 19.632400 -1.179500
v -0.250100 19.778300 -1.168200
v -0.241800 19.486900 -1.183000
v -0.235700 19.342600 -1.173200
v -0.350900 19.341700 -1.145000
v -0.359700 19.484900 -1.152400
v -0.339300 19.201600 -1.121400
v -0.460900 19.339200 -1.101100
v -0.472800 19.479800 -1.107300
v -0.559500 19.334600 -1.036000
v -0.575000 19.470400 -1.041400
v -0.227600 19.201600 -1.147700
v -0.218200 19.066300 -1.106300
v -0.325600 19.067400 -1.081400
v -0.114100 19.201400 -1.162500
v -0.562500 20.380500 -0.600000
v -0.550100 20.449600 -0.492200
v -0.451900 20.502900 -0.525300
v -0.539500 20.503200 -0.374200
v -0.444700 20.553700 -0.394700
v -0.621800 20.444000 -0.344600
v -0.614500 20.472800 -0.236900
v -0.534800 20.531200 -0.245500
v -0.442300 20.581700 -0.254800
v -0.342900 20.628800 -0.113300
v -0.339800 20.621500 -0.263200
v -0.446700 20.585800 -0.112000
v -0.340800 20.593400 -0.409500
v -0.230400 20.652600 -0.271900
v -0.231000 20.624900 -0.421800
v -0.234600 20.579700 -0.565600
v -0.346300 20.547000 -0.549100
v -0.239900 20.516700 -0.703700
v -0.355000 20.484300 -0.681100
v -0.244900 20.429200 -0.828800
v -0.363600 20.400400 -0.801000
v -0.120600 20.533300 -0.715000
v -0.122900 20.444700 -0.843200
v -0.118300 20.598200 -0.575600
v -0.462700 20.437100 -0.646400
v -0.117100 20.647000 -0.433400
v -0.000000 20.654500 -0.440800
v -0.000000 20.604400 -0.579200
v -0.116800 20.675200 -0.285000
v 0.000000 20.683300 -0.300700
v -0.232600 20.662400 -0.116000
v -0.455300 20.567500 0.027400
v -0.347700 20.612500 0.034200
v -0.554800 20.509500 0.013300
v -0.566900 20.466300 0.133800
v -0.463200 20.526900 0.159400
v -0.574500 20.409700 0.248900
v -0.469500 20.471900 0.285000
v -0.473600 20.405700 0.405600
v -0.353400 20.575900 0.175500
v -0.357500 20.520300 0.309000
v -0.238300 20.610900 0.185800
v -0.235200 20.647600 0.038200
v -0.240700 20.553400 0.324500
v -0.644200 20.440000 -0.015500
v -0.624400 20.469800 -0.125500
v -0.541400 20.532600 -0.113900
v -0.117200 20.680400 -0.120400
v -0.000000 20.684100 -0.124700
v 0.117200 20.680100 -0.120400
v 0.000000 20.674200 0.040200
v 0.118500 20.668000 0.039900
v -0.118500 20.667900 0.039900
v 0.116800 20.675300 -0.285000
v -0.474900 20.356400 -0.757600
v -0.249000 20.321200 -0.936600
v -0.252200 20.199300 -1.027300
v -0.253500 20.065400 -1.096900
v -0.126500 20.210800 -1.047400
v -0.252800 19.923600 -1.143100
v -0.000000 20.214000 -1.053100
v -0.125100 20.335600 -0.954800
v -0.000000 20.340500 -0.960800
v 0.000000 20.450100 -0.848000
v 0.125100 20.335600 -0.954800
v 0.123000 20.445300 -0.843600
v 0.126600 20.210800 -1.047400
v 0.252200 20.199400 -1.027500
v 0.253600 20.065500 -1.097100
v 0.374500 20.178000 -0.990000
v 0.376600 20.049100 -1.057300
v 0.375600 19.912500 -1.103900
v 0.252800 19.923600 -1.143100
v 0.483800 20.257200 -0.853700
v 0.370100 20.295900 -0.903900
v 0.363700 20.400500 -0.801100
v 0.474900 20.356500 -0.757600
v 0.576200 20.300600 -0.699600
v 0.587500 20.207400 -0.788500
v 0.462800 20.437100 -0.646400
v 0.562500 20.380500 -0.600000
v 0.355000 20.484400 -0.681200
v 0.249000 20.321100 -0.936500
v 0.244900 20.429300 -0.828900
v 0.120700 20.533900 -0.715300
v -0.000000 20.539200 -0.718900
v 0.118300 20.598300 -0.575600
v 0.117100 20.647100 -0.433400
v 0.234600 20.579900 -0.565700
v 0.231000 20.625000 -0.421800
v 0.340900 20.593500 -0.409600
v 0.346400 20.547200 -0.549200
v 0.339900 20.621700 -0.263200
v 0.442300 20.581800 -0.254800
v 0.444800 20.553800 -0.394700
v 0.534900 20.531300 -0.245500
v 0.539600 20.503200 -0.374200
v 0.446800 20.586000 -0.111900
v 0.541500 20.532700 -0.113900
v 0.342900 20.628900 -0.113300
v 0.230400 20.652700 -0.271900
v 0.232400 20.661800 -0.116000
v 0.452000 20.502900 -0.525300
v 0.550100 20.449600 -0.492200
v 0.240000 20.517000 -0.703900
v -0.723100 19.436700 -0.852000
v -0.659700 19.456000 -0.954500
v -0.366200 19.628400 -1.146300
v -0.965800 16.115000 0.768200
v -0.850200 16.110500 0.799200
v -1.087800 16.016700 0.780900
v -0.975200 16.016900 0.812400
v -0.863500 16.012400 0.842500
v -0.737200 16.103300 0.826500
v -0.627800 16.094900 0.850400
v 0.784100 15.812100 0.949200
v 2.355000 16.641200 -1.522500
v 2.407100 16.728200 -1.440300
v 2.521700 16.656400 -1.437600
v 2.465000 16.802300 -1.339300
v 2.579600 16.723400 -1.336100
v 2.522000 16.856100 -1.217000
v 2.632600 16.767700 -1.212100
v 2.686100 16.631600 -1.332400
v 2.732800 16.667300 -1.207600
v 2.823900 16.559100 -1.202900
v 2.783900 16.529000 -1.327800
v 2.853000 16.572900 -1.061800
v 2.929600 16.459800 -1.060300
v 2.768700 16.683700 -1.065200
v 2.707500 16.794400 -0.914900
v 2.675400 16.789500 -1.069600
v 2.570900 16.886100 -1.075500
v 2.608100 16.896000 -0.921300
v 2.998200 16.344900 -1.060500
v 2.629900 16.572200 -1.433600
v 2.454400 16.968500 -1.082600
v 2.496400 16.986100 -0.930400
v 2.521300 16.984500 -0.771600
v 2.628600 16.887600 -0.759800
v 2.724000 16.782200 -0.752000
v 2.526300 16.966100 -0.612300
v 0.858000 19.975800 -0.128200
v 0.728100 20.249600 -0.468000
v 0.651100 20.316100 -0.540000
v 0.637000 20.387700 -0.445700
v 0.711000 20.323500 -0.383100
v 0.621800 20.444000 -0.344600
v 0.688500 20.384800 -0.297800
v 0.738100 20.333700 -0.226500
v 0.667100 20.422900 -0.231900
v 0.691300 20.401400 -0.161600
v 0.624500 20.469900 -0.125500
v 0.644300 20.440100 -0.015500
v 0.554900 20.509600 0.013400
v 0.567000 20.466400 0.133800
v 0.463300 20.527000 0.159400
v 0.455400 20.567600 0.027400
v 0.614500 20.472900 -0.236900
v 0.983100 15.921300 0.854800
v 1.712100 17.153500 -0.168700
v 2.270100 17.116100 -0.515600
v -0.360000 20.451100 0.436100
v -0.242300 20.482100 0.456200
v -0.121400 20.495800 0.465500
v -0.120700 20.570500 0.332800
v -0.000000 20.499400 0.468100
v -0.000000 20.576000 0.335400
v 0.121400 20.495800 0.465500
v 0.120700 20.570500 0.332700
v 0.240700 20.553600 0.324600
v 0.242400 20.482200 0.456200
v 0.238300 20.610900 0.185800
v 0.119800 20.630800 0.191500
v 0.235200 20.647400 0.038100
v 0.347800 20.612700 0.034300
v 0.353400 20.576100 0.175600
v -0.000000 20.638200 0.193500
v -0.119800 20.630700 0.191500
v 0.121700 20.409100 0.590400
v 0.000000 20.411900 0.593000
v -0.121700 20.409100 0.590400
v 0.000000 20.309200 0.703900
v 0.121700 20.306200 0.701500
v -0.242600 20.396500 0.579600
v -1.383137 16.206906 -1.729014
v -1.447514 16.210752 -1.713364
v -1.503493 16.214317 -1.699535
v -1.447514 16.210752 -1.713364
v -1.543797 16.217029 -1.689528
v -1.503493 16.214317 -1.699535
v -1.691348 16.226149 -1.644192
v -1.745787 16.230352 -1.629277
v -1.768444 16.232259 -1.623468
v -1.745787 16.230352 -1.629277
v -1.691348 16.226149 -1.644192
v -1.634498 16.222317 -1.661153
v -1.604089 16.220434 -1.670499
v -1.634498 16.222317 -1.661153
v -1.543797 16.217029 -1.689528
v -1.604089 16.220434 -1.670499
v -1.343972 16.204618 -1.738035
v -1.383137 16.206906 -1.729014
v -1.173032 16.194241 -1.769094
v -1.233890 16.197829 -1.758770
v -1.013670 16.185182 -1.791276
v -1.035815 16.186404 -1.788580
v -1.173032 16.194241 -1.769094
v -1.035815 16.186404 -1.788580
v -1.343972 16.204618 -1.738035
v -1.233890 16.197829 -1.758770
v -0.864706 16.176988 -1.804905
v -0.734046 16.170109 -1.811619
v -0.552066 16.157733 -1.797917
v -0.593901 16.161101 -1.804510
v -0.552066 16.157733 -1.797917
v -0.473997 16.152155 -1.787127
v -0.718581 16.169168 -1.811425
v -0.723408 16.169541 -1.811857
v -0.718581 16.169168 -1.811425
v -0.593901 16.161101 -1.804510
v -0.723408 16.169541 -1.811857
v -0.734046 16.170109 -1.811619
v -0.984165 16.183470 -1.794213
v -1.013670 16.185182 -1.791276
v -0.984165 16.183470 -1.794213
v -0.864706 16.176988 -1.804905
v -0.265568 16.134068 -1.732939
v -0.324121 16.139472 -1.751229
v -0.363436 16.143183 -1.763179
v -0.324121 16.139472 -1.751229
v -0.473997 16.152155 -1.787127
v -0.419034 16.147648 -1.775566
v -0.363436 16.143183 -1.763179
v -0.419034 16.147648 -1.775566
v -0.182371 16.125237 -1.699575
v -0.238863 16.131214 -1.722418
v -0.265568 16.134068 -1.732939
v -0.238863 16.131214 -1.722418
v -0.127553 16.119186 -1.675159
v -0.182371 16.125237 -1.699575
v -0.127553 16.119186 -1.675159
v -0.112825 16.117651 -1.668826
v -2.491111 16.350128 -1.599557
v -2.575763 16.361327 -1.572474
v -2.360923 16.330582 -1.625563
v -2.430809 16.342297 -1.617924
v 0.418978 16.147657 -1.775614
v 0.473953 16.152163 -1.787172
v 0.418978 16.147657 -1.775614
v 0.363380 16.143194 -1.763235
v 0.593902 16.161107 -1.804538
v 0.552037 16.157739 -1.797953
v 0.473953 16.152163 -1.787172
v 0.552037 16.157739 -1.797953
v 0.593902 16.161107 -1.804538
v 0.718582 16.169169 -1.811429
v 0.723408 16.169541 -1.811857
v 0.718582 16.169169 -1.811429
v 0.238789 16.131227 -1.722482
v 0.265502 16.134081 -1.733005
v 0.238789 16.131227 -1.722482
v 0.182296 16.125236 -1.699575
v 0.324055 16.139483 -1.751286
v 0.363380 16.143194 -1.763235
v 0.324055 16.139483 -1.751286
v 0.265502 16.134081 -1.733005
v 0.734042 16.170111 -1.811627
v 0.864720 16.177008 -1.804991
v 0.864720 16.177008 -1.804991
v 0.984449 16.183559 -1.794517
v 1.013800 16.185275 -1.791652
v 0.984449 16.183559 -1.794517
v -2.268520 15.934216 0.098323
v -2.262881 15.933155 0.098502
v -2.292145 15.938960 0.096351
v -2.268520 15.934216 0.098323
v -2.363080 15.954223 0.087014
v -2.399314 15.962757 0.079597
v -2.292145 15.938960 0.096351
v -2.363080 15.954223 0.087014
v -2.180967 15.915066 0.114538
v -2.167650 15.912118 0.117412
v -2.180967 15.915066 0.114538
v -2.262881 15.933155 0.098502
v -1.802697 15.766749 0.514724
v -1.862466 15.793725 0.431935
v -1.802697 15.766749 0.514724
v -1.792734 15.762209 0.528850
v -1.862466 15.793725 0.431935
v -1.899226 15.810118 0.382563
v -1.792734 15.762209 0.528850
v -1.786565 15.759545 0.536943
v -1.923002 15.822779 0.341538
v -1.899226 15.810118 0.382563
v -2.034184 15.871680 0.199255
v -2.043536 15.874725 0.192347
v -2.094502 15.892460 0.150080
v -2.043536 15.874725 0.192347
v -2.104485 15.895286 0.144856
v -2.094502 15.892460 0.150080
v -2.104485 15.895286 0.144856
v -2.167650 15.912118 0.117412
v -2.031801 15.870738 0.201775
v -2.034184 15.871680 0.199255
v -2.031801 15.870738 0.201775
v -1.977400 15.848621 0.262651
v -1.468204 15.661293 0.795146
v -1.506217 15.671293 0.770247
v -1.506217 15.671293 0.770247
v -1.543420 15.681125 0.746184
v -1.589077 15.694315 0.712234
v -1.565967 15.687661 0.729223
v -1.565967 15.687661 0.729223
v -1.543420 15.681125 0.746184
v -1.448639 15.656278 0.807565
v -1.432618 15.652141 0.817977
v -1.468204 15.661293 0.795146
v -1.448639 15.656278 0.807565
v -1.589077 15.694315 0.712234
v -1.624905 15.704865 0.685218
v -1.624905 15.704865 0.685218
v -1.664940 15.716757 0.655109
v -1.684154 15.723069 0.638119
v -1.664940 15.716757 0.655109
v -1.699598 15.728364 0.623551
v -1.684154 15.723069 0.638119
v -1.699598 15.728364 0.623551
v -1.786565 15.759545 0.536943
v 0.066146 15.512996 1.078088
v 0.033320 15.513235 1.076406
v -0.000144 15.513656 1.074291
v 0.033320 15.513235 1.076406
v 0.140150 15.511351 1.088338
v 0.115371 15.511742 1.085410
v 0.066146 15.512996 1.078088
v 0.115371 15.511742 1.085410
v -0.223675 15.509773 1.101037
v -0.227787 15.509720 1.101617
v -0.223675 15.509773 1.101037
v -0.140472 15.511700 1.086768
v -0.115579 15.512041 1.084059
v -0.066499 15.513165 1.077328
v -0.115579 15.512041 1.084059
v -0.140472 15.511700 1.086768
v -0.033615 15.513333 1.075965
v -0.000144 15.513656 1.074291
v -0.033615 15.513333 1.075965
v -0.066499 15.513165 1.077328
v 0.227350 15.509213 1.103885
v 0.223592 15.509268 1.103328
v 0.140150 15.511351 1.088338
v 0.223592 15.509268 1.103328
v 0.242664 15.509128 1.105580
v 0.227350 15.509213 1.103885
v 0.242664 15.509128 1.105580
v 0.321772 15.509139 1.113648
v 1.447134 16.210925 -1.714349
v 1.503710 16.214528 -1.700373
v 1.447134 16.210925 -1.714349
v 1.383272 16.207106 -1.729858
v 1.383272 16.207106 -1.729858
v 1.344414 16.204830 -1.738782
v 2.167154 16.293591 -1.616947
v 2.248178 16.310086 -1.626882
v 2.253707 16.311231 -1.627560
v 2.248178 16.310086 -1.626882
v 2.167154 16.293591 -1.616947
v 2.122476 16.284574 -1.610809
v 2.093483 16.278643 -1.606075
v 2.122476 16.284574 -1.610809
v 2.702078 16.373700 -1.507505
v 2.644948 16.368275 -1.538386
v 2.790714 16.378642 -1.441449
v 2.702078 16.373700 -1.507505
v 2.790714 16.378642 -1.441449
v 2.812856 16.379998 -1.425053
v 2.575763 16.361327 -1.572474
v 2.644948 16.368275 -1.538386
v 2.430809 16.342297 -1.617924
v 2.491111 16.350128 -1.599557
v 2.575763 16.361327 -1.572474
v 2.491111 16.350128 -1.599557
v 2.430809 16.342297 -1.617924
v 2.360926 16.330592 -1.625607
v 2.261093 16.312743 -1.628370
v 2.360926 16.330592 -1.625607
v 2.261093 16.312743 -1.628370
v 2.253707 16.311231 -1.627560
v 2.931464 16.369408 -1.253040
v 2.898745 16.376889 -1.321727
v 2.931464 16.369408 -1.253040
v 2.958099 16.363574 -1.198001
v 2.898745 16.376889 -1.321727
v 2.828493 16.379723 -1.407767
v 2.044441 15.874911 0.192174
v 2.094926 15.892526 0.150102
v 2.044441 15.874911 0.192174
v 2.034665 15.871721 0.199423
v 2.602271 16.010455 0.047351
v 2.565192 15.999723 0.061295
v 2.695695 16.036525 0.018846
v 2.602271 16.010455 0.047351
v 2.473640 15.978874 0.072188
v 2.565192 15.999723 0.061295
v 2.399654 15.962861 0.079421
v 2.473640 15.978874 0.072188
v 2.399654 15.962861 0.079421
v 2.363308 15.954314 0.086794
v 2.363308 15.954314 0.086794
v 2.292164 15.938996 0.096203
v 2.263230 15.933256 0.098328
v 2.181262 15.915160 0.114347
v 2.167991 15.912216 0.117235
v 2.181262 15.915160 0.114347
v 2.094926 15.892526 0.150102
v 2.104859 15.895349 0.144857
v 2.167991 15.912216 0.117235
v 2.104859 15.895349 0.144857
v 2.034665 15.871721 0.199423
v 2.032168 15.870733 0.202070
v 1.977945 15.848665 0.262843
v 2.032168 15.870733 0.202070
v 1.923586 15.822817 0.341773
v 1.944932 15.833079 0.310143
v 1.977945 15.848665 0.262843
v 1.944932 15.833079 0.310143
v 1.899931 15.810192 0.382716
v 1.923586 15.822817 0.341773
v 1.899931 15.810192 0.382716
v 1.863083 15.793746 0.432259
v 1.665686 15.716857 0.655107
v 1.625340 15.704892 0.685351
v 1.625340 15.704892 0.685351
v 1.589270 15.694278 0.712514
v 1.787256 15.759627 0.537018
v 1.700048 15.728353 0.623881
v -2.122476 16.284538 -1.610646
v -2.093486 16.278605 -1.605897
v -2.122476 16.284538 -1.610646
v -2.167154 16.293569 -1.616851
v -2.034909 16.267645 -1.600049
v -2.093486 16.278605 -1.605897
v -2.034909 16.267645 -1.600049
v -2.026902 16.266112 -1.598996
v -1.842829 16.239640 -1.608177
v -1.837866 16.239019 -1.608678
v -1.842829 16.239640 -1.608177
v -1.902133 16.246704 -1.599906
v -1.902243 16.246720 -1.599904
v -1.902133 16.246704 -1.599906
v -1.902243 16.246720 -1.599904
v -1.964145 16.255617 -1.596827
v -1.783066 16.233740 -1.620759
v -1.768444 16.232259 -1.623468
v -1.783066 16.233740 -1.620759
v -1.837866 16.239019 -1.608678
v -1.964511 16.255680 -1.596854
v -1.964145 16.255617 -1.596827
v -1.964511 16.255680 -1.596854
v -2.026902 16.266112 -1.598996
v -2.644948 16.368275 -1.538386
v -2.702078 16.373700 -1.507505
v -2.828476 16.379708 -1.407715
v -2.812871 16.379981 -1.424960
v -2.828476 16.379708 -1.407715
v -2.898745 16.376889 -1.321727
v -2.958099 16.363574 -1.198001
v -2.931464 16.369408 -1.253040
v -2.898745 16.376889 -1.321727
v -2.931464 16.369408 -1.253040
v -2.997235 16.344167 -1.067408
v -2.958099 16.363574 -1.198001
v -2.812871 16.379981 -1.424960
v -2.790767 16.378629 -1.441338
v -2.702078 16.373700 -1.507505
v -2.790767 16.378629 -1.441338
v -2.491111 16.350128 -1.599557
v -2.430809 16.342297 -1.617924
v -2.644948 16.368275 -1.538386
v -2.575763 16.361327 -1.572474
v -2.473378 15.978795 0.072314
v -2.399314 15.962757 0.079597
v -2.564944 15.999745 0.060967
v -2.473378 15.978795 0.072314
v -2.564944 15.999745 0.060967
v -2.601685 16.010430 0.046910
v -2.601685 16.010430 0.046910
v -2.694470 16.036433 0.018063
v -2.738072 16.049078 0.003654
v -2.694470 16.036433 0.018063
v -2.752580 16.053352 -0.001293
v -2.738072 16.049078 0.003654
v -2.752580 16.053352 -0.001293
v -2.853458 16.096723 -0.095609
v -2.885840 16.110780 -0.125713
v -2.853458 16.096723 -0.095609
v -0.341043 15.510151 1.111372
v -0.322268 15.509728 1.111028
v -0.341043 15.510151 1.111372
v -0.423159 15.512740 1.111011
v -0.227787 15.509720 1.101617
v -0.244649 15.509643 1.103413
v -0.837798 15.545117 1.058907
v -0.743746 15.535953 1.073514
v -0.837798 15.545117 1.058907
v -0.848411 15.546292 1.056821
v -0.848411 15.546292 1.056821
v -0.941452 15.558176 1.033078
v -0.712680 15.533221 1.077705
v -0.743746 15.535953 1.073514
v -0.712680 15.533221 1.077705
v -0.636263 15.526667 1.088755
v -0.586469 15.522803 1.095249
v -0.528583 15.518650 1.102390
v -0.586469 15.522803 1.095249
v -0.636263 15.526667 1.088755
v -0.322268 15.509728 1.111028
v -0.244649 15.509643 1.103413
v -0.462246 15.514736 1.108230
v -0.528583 15.518650 1.102390
v -0.462246 15.514736 1.108230
v -0.423159 15.512740 1.111011
v -0.946977 15.558912 1.031629
v -0.946506 15.558854 1.031732
v -0.946506 15.558854 1.031732
v -0.941452 15.558176 1.033078
v -1.151208 15.592176 0.958341
v -1.122192 15.587076 0.969528
v -1.122192 15.587076 0.969528
v -1.119477 15.586612 0.970533
v -1.285697 15.618397 0.898742
v -1.258027 15.612366 0.913361
v -1.285697 15.618397 0.898742
v -1.336267 15.629352 0.873056
v -1.239915 15.608792 0.921381
v -1.258027 15.612366 0.913361
v -1.239915 15.608792 0.921381
v -1.191561 15.599403 0.942680
v -1.188188 15.598793 0.943994
v -1.191561 15.599403 0.942680
v -1.151208 15.592176 0.958341
v -1.188188 15.598793 0.943994
v -1.339071 15.630020 0.871385
v -1.336267 15.629352 0.873056
v -1.343136 15.630962 0.869085
v -1.339071 15.630020 0.871385
v -1.390695 15.642196 0.841659
v -1.432618 15.652141 0.817977
v -1.343136 15.630962 0.869085
v -1.390695 15.642196 0.841659
v -1.119477 15.586612 0.970533
v -1.116838 15.586174 0.971452
v -1.037558 15.572969 1.000418
v -1.116838 15.586174 0.971452
v -1.037558 15.572969 1.000418
v -1.034087 15.572444 1.001495
v -0.946977 15.558912 1.031629
v -1.034087 15.572444 1.001495
v 1.233832 16.197979 -1.759477
v 1.173334 16.194386 -1.769625
v 1.035767 16.186494 -1.789007
v 1.173334 16.194386 -1.769625
v 1.035767 16.186494 -1.789007
v 1.013800 16.185275 -1.791652
v 1.503710 16.214528 -1.700373
v 1.544445 16.217265 -1.690237
v 1.604365 16.220642 -1.671286
v 1.544445 16.217265 -1.690237
v 1.902390 16.246831 -1.600309
v 1.902569 16.246858 -1.600307
v 1.964416 16.255726 -1.597132
v 1.902569 16.246858 -1.600307
v 1.838153 16.239171 -1.609175
v 1.843240 16.239804 -1.608649
v 1.902390 16.246831 -1.600309
v 1.843240 16.239804 -1.608649
v 1.768827 16.232458 -1.624128
v 1.783514 16.233942 -1.621388
v 1.838153 16.239171 -1.609175
v 1.783514 16.233942 -1.621388
v 1.634660 16.222506 -1.661917
v 1.604365 16.220642 -1.671286
v 1.634660 16.222506 -1.661917
v 1.691729 16.226346 -1.644854
v 1.745973 16.230537 -1.629999
v 1.691729 16.226346 -1.644854
v 1.745973 16.230537 -1.629999
v 1.768827 16.232458 -1.624128
v 1.233832 16.197979 -1.759477
v 1.344414 16.204830 -1.738782
v 2.854716 16.096849 -0.094877
v 2.753522 16.053297 -0.000100
v 2.854716 16.096849 -0.094877
v 2.886835 16.110826 -0.124880
v 2.695695 16.036525 0.018846
v 2.739066 16.049056 0.004745
v 2.739066 16.049056 0.004745
v 2.753522 16.053297 -0.000100
v 2.268807 15.934309 0.098139
v 2.292164 15.938996 0.096203
v 2.263230 15.933256 0.098328
v 2.268807 15.934309 0.098139
v 0.321772 15.509139 1.113648
v 0.341016 15.509584 1.113943
v 0.422654 15.512174 1.113508
v 0.341016 15.509584 1.113943
v 0.528035 15.518161 1.104508
v 0.462320 15.514233 1.110529
v 0.422654 15.512174 1.113508
v 0.462320 15.514233 1.110529
v 0.635823 15.526276 1.090432
v 0.586430 15.522403 1.097058
v 0.528035 15.518161 1.104508
v 0.586430 15.522403 1.097058
v 0.847995 15.546050 1.057790
v 0.837677 15.544901 1.059852
v 0.743296 15.535644 1.074798
v 0.837677 15.544901 1.059852
v 0.635823 15.526276 1.090432
v 0.712654 15.532933 1.079009
v 0.743296 15.535644 1.074798
v 0.712654 15.532933 1.079009
v 0.939382 15.557796 1.034098
v 0.946019 15.558691 1.032303
v 0.946019 15.558691 1.032303
v 0.946630 15.558768 1.032167
v 1.119362 15.586561 0.970718
v 1.122027 15.587017 0.969731
v 1.122027 15.587017 0.969731
v 1.150935 15.592100 0.958572
v 1.336506 15.629372 0.873084
v 1.339232 15.630020 0.871461
v 1.339232 15.630020 0.871461
v 1.343183 15.630935 0.869230
v 1.258060 15.612349 0.913454
v 1.285746 15.618384 0.898824
v 1.336506 15.629372 0.873084
v 1.285746 15.618384 0.898824
v 1.390869 15.642198 0.841738
v 1.343183 15.630935 0.869230
v 1.432942 15.652185 0.817943
v 1.390869 15.642198 0.841738
v 1.432942 15.652185 0.817943
v 1.448804 15.656284 0.807623
v 1.448804 15.656284 0.807623
v 1.468179 15.661246 0.795344
v 1.188206 15.598771 0.944099
v 1.150935 15.592100 0.958572
v 1.191562 15.599379 0.942789
v 1.188206 15.598771 0.944099
v 1.258060 15.612349 0.913454
v 1.239915 15.608770 0.921481
v 1.191562 15.599379 0.942789
v 1.239915 15.608770 0.921481
v 1.033826 15.572343 1.001857
v 0.946630 15.558768 1.032167
v 1.033826 15.572343 1.001857
v 1.037389 15.572883 1.000744
v 1.116765 15.586129 0.971625
v 1.037389 15.572883 1.000744
v 1.116765 15.586129 0.971625
v 1.119362 15.586561 0.970718
v 0.044816 16.112125 -1.645660
v 0.000000 16.110587 -1.639032
v 0.044816 16.112125 -1.645660
v 0.053666 16.112433 -1.646900
v 0.164687 16.123328 -1.692016
v 0.112825 16.117651 -1.668826
v 0.164687 16.123328 -1.692016
v 0.182296 16.125236 -1.699575
v 0.053666 16.112433 -1.646900
v 0.063706 16.113267 -1.650476
v 0.112825 16.117651 -1.668826
v 0.063706 16.113267 -1.650476
v 0.000000 16.110587 -1.639032
v -0.044816 16.112125 -1.645660
v -0.053667 16.112433 -1.646898
v -0.044816 16.112125 -1.645660
v -0.112825 16.117651 -1.668826
v -0.100994 16.116623 -1.664615
v -0.053667 16.112433 -1.646898
v -0.100994 16.116623 -1.664615
v -2.253707 16.311230 -1.627555
v -2.261095 16.312742 -1.628362
v -2.248176 16.310084 -1.626874
v -2.167154 16.293569 -1.616851
v -2.248176 16.310084 -1.626874
v -2.253707 16.311230 -1.627555
v -2.360923 16.330582 -1.625563
v -2.261095 16.312742 -1.628362
v -1.944433 15.833073 0.309817
v -1.977400 15.848621 0.262651
v -1.944433 15.833073 0.309817
v -1.923002 15.822779 0.341538
v 0.734042 16.170111 -1.811627
v 0.723408 16.169541 -1.811857
v 1.964416 16.255726 -1.597132
v 1.964847 16.255801 -1.597162
v 2.027081 16.266185 -1.599192
v 1.964847 16.255801 -1.597162
v 2.027081 16.266185 -1.599192
v 2.035123 16.267724 -1.600249
v 2.093483 16.278643 -1.606075
v 2.035123 16.267724 -1.600249
v 2.812856 16.379998 -1.425053
v 2.828493 16.379723 -1.407767
v 2.958099 16.363574 -1.198001
v 2.997235 16.344167 -1.067408
v 1.566422 15.687699 0.729308
v 1.589270 15.694278 0.712514
v 1.544053 15.681234 0.746043
v 1.566422 15.687699 0.729308
v 1.787256 15.759627 0.537018
v 1.793264 15.762225 0.529123
v 1.793264 15.762225 0.529123
v 1.802982 15.766648 0.515372
v 1.863083 15.793746 0.432259
v 1.802982 15.766648 0.515372
v 1.544053 15.681234 0.746043
v 1.506487 15.671314 0.770300
v 1.506487 15.671314 0.770300
v 1.468179 15.661246 0.795344
v 1.684727 15.723101 0.638322
v 1.700048 15.728353 0.623881
v 1.665686 15.716857 0.655107
v 1.684727 15.723101 0.638322
v 0.939382 15.557796 1.034098
v 0.847995 15.546050 1.057790
v 0.001436 15.830809 -0.367311
vn -0.133164 0.365115 -0.921389
vn -0.133656 0.405821 -0.904127
vn -0.109900 0.357614 -0.927380
vn -0.124798 0.328049 -0.936381
vn -0.082702 0.307332 -0.948002
vn -0.111724 0.278946 -0.953786
vn -0.059964 0.251031 -0.966120
vn -0.097149 0.222763 -0.970020
vn -0.154299 0.281027 -0.947215
vn -0.141151 0.234494 -0.961816
vn -0.158750 0.311604 -0.936857
vn -0.153685 0.327215 -0.932369
vn -0.134819 0.390188 -0.910811
vn -0.189274 0.228201 -0.955039
vn -0.201569 0.246891 -0.947848
vn -0.246451 0.188722 -0.950603
vn -0.192479 0.257840 -0.946821
vn -0.235397 0.161582 -0.958373
vn -0.171117 0.252082 -0.952457
vn -0.180715 0.146006 -0.972638
vn -0.120998 0.253589 -0.959715
vn -0.135113 0.333430 -0.933043
vn -0.121307 0.408911 -0.904476
vn -0.134215 0.470759 -0.871993
vn -0.142348 0.440118 -0.886585
vn -0.087440 0.424520 -0.901186
vn -0.106019 0.503613 -0.857400
vn -0.099581 0.342679 -0.934160
vn -0.045591 0.448183 -0.892779
vn -0.061069 0.538467 -0.840431
vn 0.006509 0.450038 -0.892986
vn -0.012256 0.570717 -0.821055
vn -0.045314 0.338824 -0.939758
vn 0.017618 0.325570 -0.945354
vn -0.170017 0.519833 -0.837179
vn -0.150525 0.565013 -0.811235
vn -0.111064 0.617592 -0.778618
vn -0.171491 0.483339 -0.858472
vn -0.186074 0.512758 -0.838126
vn -0.162645 0.446203 -0.880028
vn -0.202118 0.537543 -0.818655
vn -0.130780 0.393970 -0.909771
vn -0.151008 0.434695 -0.887827
vn -0.097293 0.423901 -0.900468
vn -0.076050 0.378792 -0.922352
vn -0.105724 0.485013 -0.868093
vn -0.163676 0.495825 -0.852859
vn -0.226130 0.620469 -0.750921
vn -0.212889 0.569394 -0.794021
vn -0.252813 0.646526 -0.719785
vn -0.208960 0.613955 -0.761180
vn -0.274652 0.683100 -0.676713
vn -0.202570 0.598203 -0.775318
vn -0.233029 0.708437 -0.666194
vn -0.257813 0.738579 -0.622923
vn -0.292266 0.762438 -0.577294
vn 0.025395 0.196424 -0.980190
vn -0.018408 0.265406 -0.963961
vn 0.019226 0.264171 -0.964284
vn 0.095652 0.187152 -0.977663
vn -0.052452 0.311474 -0.948806
vn -0.018905 0.307353 -0.951408
vn -0.083875 0.347589 -0.933888
vn -0.044226 0.340297 -0.939278
vn 0.016441 0.373049 -0.927666
vn 0.040375 0.332228 -0.942335
vn 0.153017 0.368585 -0.916914
vn 0.172365 0.324430 -0.930073
vn 0.289812 0.356569 -0.888182
vn 0.301249 0.311877 -0.901100
vn 0.283864 0.399573 -0.871644
vn 0.145102 0.414076 -0.898602
vn 0.002764 0.419835 -0.907596
vn 0.073272 0.290814 -0.953970
vn 0.204947 0.275064 -0.939328
vn 0.125978 0.235662 -0.963635
vn 0.185552 0.169104 -0.967974
vn 0.238143 0.217676 -0.946522
vn 0.262369 0.163907 -0.950945
vn 0.342473 0.163079 -0.925266
vn 0.326050 0.213701 -0.920882
vn 0.379933 0.209928 -0.900878
vn 0.393992 0.155877 -0.905799
vn 0.314948 0.262847 -0.911986
vn 0.373115 0.257227 -0.891414
vn 0.367847 0.303010 -0.879132
vn 0.363366 0.207330 -0.908284
vn 0.360762 0.157411 -0.919278
vn 0.223259 0.204600 -0.953045
vn 0.245695 0.146864 -0.958157
vn 0.232879 0.260178 -0.937056
vn 0.358056 0.255546 -0.898049
vn -0.117707 0.609654 -0.783879
vn -0.106318 0.555120 -0.824948
vn -0.171640 0.576251 -0.799046
vn -0.218171 0.668299 -0.711181
vn 0.004185 0.541025 -0.840996
vn -0.000709 0.478721 -0.877967
vn 0.144248 0.464822 -0.873575
vn 0.280639 0.441533 -0.852227
vn 0.360412 0.420794 -0.832488
vn 0.362790 0.385448 -0.848418
vn 0.275279 0.481024 -0.832368
vn 0.353601 0.451597 -0.819162
vn 0.265946 0.511129 -0.817325
vn 0.144802 0.517582 -0.843292
vn 0.146627 0.553633 -0.819751
vn 0.011804 0.583534 -0.812003
vn -0.003219 0.589334 -0.807883
vn 0.129480 0.558388 -0.819413
vn 0.019934 0.563290 -0.826019
vn 0.154603 0.519520 -0.840355
vn 0.259078 0.519748 -0.814089
vn 0.249532 0.473987 -0.844435
vn -0.117843 0.622313 -0.773847
vn -0.223636 0.674877 -0.703227
vn 0.338638 0.476892 -0.811109
vn 0.353265 0.441931 -0.824561
vn 0.350604 0.418047 -0.838042
vn 0.338700 0.461473 -0.819954
vn 0.330134 0.490853 -0.806273
vn 0.304255 0.472213 -0.827311
vn 0.209454 0.454758 -0.865635
vn 0.252989 0.450734 -0.856058
vn 0.185714 0.434806 -0.881166
vn 0.228078 0.430186 -0.873453
vn -0.018548 0.437673 -0.898943
vn 0.000000 0.399008 -0.916948
vn 0.230000 0.396562 -0.888729
vn 0.019246 0.458641 -0.888413
vn 0.352622 0.384396 -0.853169
vn 0.353607 0.345020 -0.869438
vn 0.364556 0.345882 -0.864560
vn 0.355185 0.301772 -0.884747
vn 0.230788 0.355185 -0.905859
vn 0.231074 0.309589 -0.922366
vn -0.000000 0.355572 -0.934649
vn -0.000035 0.307304 -0.951611
vn -0.320200 0.755372 -0.571739
vn -0.298563 0.774046 -0.558312
vn -0.290553 0.811833 -0.506465
vn -0.346989 0.877760 -0.330358
vn -0.361651 0.851407 -0.379889
vn -0.427697 0.880386 -0.204929
vn -0.386024 0.831287 -0.399934
vn -0.401246 0.897966 -0.180719
vn -0.330655 0.755268 -0.565895
vn -0.226315 0.683159 -0.694316
vn -0.260562 0.663336 -0.701493
vn -0.139763 0.588596 -0.796254
vn -0.109266 0.616803 -0.779497
vn 0.000030 0.516116 -0.856518
vn -0.193044 0.539264 -0.819712
vn -0.024144 0.455380 -0.889970
vn 0.096321 0.359944 -0.927989
vn 0.133880 0.394565 -0.909063
vn -0.055206 0.406950 -0.911781
vn 0.147203 0.453230 -0.879155
vn 0.182834 0.433115 -0.882600
vn 0.150979 0.397765 -0.904980
vn 0.142433 0.331088 -0.932788
vn -0.106803 0.367027 -0.924058
vn 0.055802 0.323874 -0.944453
vn 0.112733 0.291467 -0.949915
vn -0.218381 0.466743 -0.857007
vn -0.377926 0.532174 -0.757603
vn -0.303334 0.609749 -0.732253
vn -0.427216 0.667414 -0.609954
vn -0.521439 0.567239 -0.637449
vn -0.354388 0.727292 -0.587754
vn -0.287589 0.402493 -0.869075
vn -0.452474 0.430133 -0.781187
vn -0.412740 0.814868 -0.406983
vn -0.452838 0.768430 -0.452165
vn -0.549092 0.695966 -0.462740
vn -0.536873 0.794672 -0.283309
vn -0.647352 0.703537 -0.293208
vn -0.473987 0.852037 -0.222192
vn -0.604359 0.792850 -0.078345
vn -0.513192 0.858271 -0.002250
vn -0.445998 0.894645 0.026381
vn -0.725147 0.683303 -0.085200
vn -0.764105 0.633149 0.123557
vn -0.851260 0.518420 0.081219
vn -0.813012 0.570543 -0.116152
vn -0.642063 0.753852 0.139508
vn -0.736606 0.592205 -0.326656
vn -0.635908 0.588180 -0.499665
vn -0.594406 0.455571 -0.662674
vn -0.711633 0.475422 -0.517254
vn -0.808692 0.478974 -0.341470
vn -0.413688 0.908496 0.059137
vn -0.438755 0.858126 0.266672
vn -0.395145 0.864659 0.310203
vn -0.422264 0.785228 0.452890
vn -0.362557 0.784934 0.502425
vn -0.525792 0.821058 0.222275
vn -0.662980 0.675884 0.321929
vn -0.523849 0.753870 0.396563
vn -0.521950 0.679571 0.515510
vn -0.649931 0.607296 0.456925
vn -0.777996 0.501496 0.378449
vn -0.780576 0.567857 0.261228
vn -0.865209 0.451643 0.217788
vn -0.878268 0.379725 0.290612
vn -0.746564 0.422023 0.514333
vn -0.614563 0.540775 0.574348
vn -0.616373 0.439751 0.653225
vn -0.715687 0.334409 0.613158
vn -0.503323 0.518526 0.691228
vn -0.494925 0.605636 0.623101
vn -0.415642 0.707445 0.571632
vn -0.339831 0.709898 0.616895
vn -0.333116 0.774451 0.537829
vn -0.288910 0.716417 0.635041
vn -0.378404 0.853472 0.358324
vn -0.394006 0.634870 0.664604
vn -0.310463 0.661507 0.682658
vn -0.399890 0.909954 0.109876
vn -0.401699 0.898075 0.179162
vn -0.378646 0.832540 0.404357
vn -0.324861 0.768994 0.550557
vn -0.265085 0.738671 0.619754
vn -0.321213 0.776579 0.541984
vn -0.262940 0.764338 0.588770
vn -0.313858 0.788299 0.529223
vn -0.283494 0.763321 0.580494
vn -0.363467 0.817062 0.447551
vn -0.375218 0.818163 0.435683
vn -0.222126 0.755186 0.616729
vn -0.247517 0.708039 0.661375
vn -0.244338 0.714359 0.655737
vn -0.317808 0.634036 0.704980
vn -0.209731 0.772911 0.598851
vn -0.232796 0.770394 0.593548
vn -0.269138 0.744363 0.611136
vn -0.220758 0.778403 0.587668
vn -0.265591 0.733215 0.625986
vn -0.405522 0.878518 0.252503
vn -0.397406 0.917416 0.020402
vn -0.384124 0.921052 -0.064123
vn -0.407490 0.860104 0.306877
vn -0.424426 0.899904 0.100177
vn -0.405165 0.853934 0.326554
vn -0.346745 0.827184 0.442193
vn -0.449713 0.879714 0.154469
vn -0.386003 0.912839 -0.133143
vn -0.344572 0.900108 -0.266601
vn -0.363266 0.911143 -0.194566
vn -0.408837 0.904427 -0.121917
vn -0.375858 0.864031 -0.334934
vn -0.326282 0.860280 -0.391737
vn -0.300670 0.842340 -0.447282
vn -0.306247 0.301517 -0.902940
vn -0.122757 0.137131 -0.982917
vn -0.151063 0.397588 -0.905043
vn -0.122870 0.403385 -0.906743
vn -0.160640 0.454031 -0.876385
vn -0.182834 0.433115 -0.882600
vn 0.039394 0.456826 -0.888683
vn -0.096094 0.360088 -0.927956
vn 0.055154 0.406937 -0.911790
vn -0.055802 0.323874 -0.944453
vn 0.106772 0.367045 -0.924055
vn -0.112638 0.291689 -0.949858
vn -0.142455 0.331126 -0.932771
vn -0.000000 0.423213 -0.906030
vn 0.000000 0.404401 -0.914582
vn -0.000275 0.345780 -0.938316
vn -0.000153 0.287550 -0.957766
vn -0.000000 0.268374 -0.963315
vn -0.088791 0.270457 -0.958629
vn 0.000000 0.243598 -0.969876
vn -0.085151 0.230202 -0.969410
vn -0.089095 0.128731 -0.987669
vn -0.011590 0.127462 -0.991776
vn -0.016474 0.228127 -0.973492
vn -0.000000 0.157342 -0.987544
vn -0.025412 0.284874 -0.958228
vn 0.088791 0.270457 -0.958629
vn 0.085151 0.230202 -0.969410
vn 0.025412 0.284874 -0.958228
vn 0.016474 0.228127 -0.973492
vn 0.000000 0.426797 -0.904347
vn -0.185707 0.434768 -0.881186
vn 0.000050 0.448056 -0.894006
vn -0.209219 0.454652 -0.865747
vn -0.338703 0.461459 -0.819961
vn -0.353348 0.442226 -0.824368
vn -0.235990 0.451000 -0.860760
vn -0.304251 0.471962 -0.827456
vn -0.249532 0.473987 -0.844435
vn -0.259183 0.519695 -0.814089
vn -0.330360 0.490488 -0.806402
vn -0.154761 0.519477 -0.840353
vn -0.129663 0.558313 -0.819436
vn 0.135068 0.303573 -0.943186
vn 0.149907 0.231683 -0.961171
vn 0.343111 0.239684 -0.908200
vn 0.318676 0.319353 -0.892446
vn 0.287629 0.402654 -0.868987
vn 0.218419 0.466771 -0.856982
vn 0.192984 0.539357 -0.819665
vn 0.377737 0.532377 -0.757555
vn 0.302825 0.609753 -0.732461
vn 0.521140 0.567763 -0.637227
vn 0.427124 0.667441 -0.609989
vn 0.549347 0.696152 -0.462159
vn 0.635826 0.588442 -0.499461
vn 0.354647 0.727113 -0.587820
vn 0.260496 0.663087 -0.701753
vn 0.453243 0.768316 -0.451952
vn 0.452512 0.430254 -0.781098
vn 0.594382 0.455643 -0.662646
vn 0.497930 0.336655 -0.799205
vn 0.651949 0.358229 -0.668307
vn 0.139743 0.588491 -0.796336
vn 0.109263 0.616807 -0.779494
vn -0.019904 0.563376 -0.825961
vn -0.009634 0.506387 -0.862253
vn 0.226316 0.682983 -0.694489
vn 0.536759 0.253827 -0.804650
vn 0.164970 0.129538 -0.977755
vn 0.371228 0.135701 -0.918572
vn 0.189342 -0.018494 -0.981737
vn 0.399135 -0.011247 -0.916823
vn 0.010690 -0.029316 -0.999513
vn 0.053491 -0.216081 -0.974909
vn 0.217711 -0.199084 -0.955493
vn -0.076005 -0.043373 -0.996164
vn -0.036341 -0.242509 -0.969468
vn 0.410642 -0.192800 -0.891180
vn 0.234907 -0.380493 -0.894452
vn 0.404305 -0.368413 -0.837144
vn 0.093808 -0.396113 -0.913397
vn 0.574270 0.144642 -0.805787
vn 0.698253 0.268863 -0.663441
vn 0.734307 0.146011 -0.662929
vn 0.597161 -0.010961 -0.802046
vn 0.745803 -0.024268 -0.665724
vn 0.171552 0.576332 -0.799006
vn 0.106452 0.555197 -0.824879
vn 0.117796 0.609603 -0.783906
vn 0.218142 0.668300 -0.711188
vn 0.105825 0.484916 -0.868134
vn 0.000659 0.478544 -0.878063
vn -0.004220 0.541015 -0.841002
vn -0.144173 0.465014 -0.873485
vn -0.002470 0.420090 -0.907479
vn -0.145260 0.414165 -0.898536
vn 0.076063 0.378824 -0.922338
vn -0.016322 0.372998 -0.927688
vn 0.097198 0.423987 -0.900437
vn -0.153051 0.368485 -0.916948
vn -0.040615 0.332169 -0.942345
vn -0.171730 0.324589 -0.930135
vn -0.073307 0.290768 -0.953981
vn -0.204769 0.274882 -0.939420
vn -0.125458 0.233608 -0.964203
vn -0.238287 0.217487 -0.946530
vn -0.157648 0.178485 -0.971231
vn -0.250132 0.164410 -0.954151
vn -0.087829 0.188870 -0.978067
vn -0.011163 0.209189 -0.977812
vn -0.331542 0.163584 -0.929150
vn -0.325891 0.213712 -0.920935
vn -0.379792 0.209874 -0.900950
vn -0.387039 0.160869 -0.907922
vn -0.315358 0.262458 -0.911957
vn -0.036018 0.254643 -0.966364
vn 0.008006 0.301438 -0.953452
vn 0.054157 0.311459 -0.948715
vn 0.018123 0.265440 -0.963957
vn 0.044279 0.340470 -0.939212
vn 0.092337 0.352810 -0.931128
vn -0.301633 0.311695 -0.901035
vn -0.289668 0.356913 -0.888091
vn -0.372929 0.257374 -0.891450
vn -0.368260 0.302888 -0.879001
vn -0.365144 0.345872 -0.864316
vn -0.283880 0.399715 -0.871573
vn -0.363036 0.385467 -0.848304
vn -0.280675 0.441667 -0.852145
vn -0.360443 0.420794 -0.832474
vn -0.353607 0.345020 -0.869438
vn -0.355166 0.301888 -0.884715
vn -0.231075 0.309683 -0.922335
vn -0.358009 0.255689 -0.898027
vn -0.233026 0.260173 -0.937021
vn -0.363519 0.207155 -0.908262
vn -0.223427 0.204553 -0.953015
vn -0.000070 0.255299 -0.966862
vn -0.230788 0.355185 -0.905859
vn 0.150998 0.434863 -0.887746
vn 0.130529 0.394104 -0.909750
vn 0.162649 0.446247 -0.880005
vn 0.133610 0.406205 -0.903961
vn 0.163528 0.495790 -0.852907
vn 0.186086 0.512758 -0.838123
vn 0.171455 0.483349 -0.858474
vn 0.202119 0.537475 -0.818699
vn 0.142189 0.440473 -0.886434
vn 0.212866 0.569129 -0.794217
vn 0.170054 0.519909 -0.837123
vn 0.225844 0.620517 -0.750968
vn 0.252989 0.646568 -0.719685
vn 0.202502 0.598274 -0.775281
vn 0.109430 0.357756 -0.927381
vn 0.081777 0.307772 -0.947939
vn 0.063635 0.250086 -0.966130
vn 0.110506 0.279959 -0.953631
vn 0.102605 0.222785 -0.969453
vn 0.124042 0.329001 -0.936147
vn 0.153529 0.282520 -0.946896
vn 0.145851 0.236665 -0.960582
vn 0.158141 0.312588 -0.936632
vn 0.132598 0.365681 -0.921247
vn -0.144958 0.517474 -0.843332
vn -0.275370 0.481066 -0.832314
vn -0.338968 0.476757 -0.811051
vn -0.266082 0.511013 -0.817353
vn -0.353642 0.451908 -0.818973
vn -0.146756 0.553556 -0.819780
vn -0.011713 0.583473 -0.812048
vn 0.003297 0.589376 -0.807852
vn 0.118005 0.622368 -0.773779
vn 0.223642 0.674798 -0.703301
vn -0.350726 0.417982 -0.838023
vn -0.247779 0.425898 -0.870182
vn -0.352622 0.384396 -0.853169
vn -0.230000 0.396562 -0.888729
vn 0.232901 0.708442 -0.666233
vn 0.257789 0.738718 -0.622768
vn 0.292319 0.762492 -0.577197
vn 0.300636 0.842369 -0.447250
vn 0.326313 0.860311 -0.391644
vn 0.363326 0.911163 -0.194358
vn 0.408837 0.904427 -0.121917
vn 0.376021 0.863994 -0.334847
vn 0.365568 0.803266 -0.470237
vn 0.332486 0.779408 -0.531014
vn 0.427468 0.863273 -0.268386
vn 0.420824 0.886682 -0.191579
vn 0.361048 0.847937 -0.388132
vn 0.271716 0.834282 -0.479732
vn 0.276158 0.790788 -0.546251
vn 0.345542 0.884690 -0.312929
vn 0.195694 0.782049 -0.591696
vn 0.188391 0.740831 -0.644731
vn 0.236533 0.798192 -0.554023
vn 0.315062 0.847633 -0.426913
vn 0.173290 0.735949 -0.654484
vn 0.123377 0.721308 -0.681537
vn 0.090332 0.676117 -0.731236
vn 0.399849 0.836163 -0.375436
vn 0.389424 0.883486 -0.260388
vn 0.478999 0.851494 -0.213351
vn 0.310371 0.794505 -0.521949
vn 0.285695 0.732346 -0.618100
vn 0.274961 0.683052 -0.676636
vn 0.209243 0.613783 -0.761241
vn 0.194249 0.676819 -0.710059
vn 0.388922 0.911909 -0.131004
vn 0.438520 0.898722 -0.000318
vn 0.399205 0.916065 0.038209
vn 0.432841 0.896953 -0.090132
vn 0.529396 0.846993 -0.048402
vn 0.450804 0.889367 0.076174
vn 0.548735 0.828600 0.110959
vn 0.416456 0.891811 0.176741
vn 0.385688 0.901436 0.196619
vn 0.457485 0.887527 -0.054801
vn 0.449713 0.879714 0.154469
vn 0.370411 0.871656 0.320953
vn 0.357701 0.872167 0.333728
vn 0.405165 0.853934 0.326554
vn 0.424336 0.899939 0.100246
vn 0.407305 0.860208 0.306829
vn 0.374996 0.818132 0.435934
vn 0.363202 0.816973 0.447928
vn 0.405380 0.878602 0.252438
vn 0.320591 0.776295 0.542758
vn 0.313240 0.788418 0.529412
vn 0.346521 0.827218 0.442306
vn 0.295383 0.791830 0.534560
vn 0.378617 0.832548 0.404368
vn 0.401698 0.898037 0.179355
vn 0.397314 0.917450 0.020671
vn 0.384189 0.921041 -0.063894
vn 0.344468 0.900184 -0.266476
vn 0.347069 0.877789 -0.330198
vn 0.386003 0.912839 -0.133143
vn 0.290595 0.811868 -0.506384
vn 0.298421 0.774061 -0.558368
vn 0.361630 0.851496 -0.379709
vn 0.401149 0.898001 -0.180756
vn 0.413753 0.908450 0.059386
vn 0.399990 0.909852 0.110356
vn 0.395189 0.864550 0.310450
vn 0.378403 0.853523 0.358203
vn 0.333206 0.774143 0.538216
vn 0.324751 0.768367 0.551497
vn 0.289042 0.715297 0.636243
vn 0.264542 0.737809 0.621012
vn 0.263927 0.762712 0.590435
vn 0.221399 0.754748 0.617526
vn 0.236900 0.769730 0.592785
vn 0.276228 0.764338 0.582654
vn 0.270242 0.742959 0.612357
vn 0.247985 0.706764 0.662562
vn 0.245972 0.713540 0.656018
vn 0.311199 0.660428 0.683367
vn 0.319273 0.633310 0.704971
vn 0.340017 0.709318 0.617460
vn 0.210396 0.772810 0.598747
vn 0.362610 0.785051 0.502204
vn 0.415259 0.707718 0.571572
vn 0.421987 0.785429 0.452801
vn 0.438682 0.858004 0.267183
vn 0.524667 0.821536 0.223166
vn 0.522102 0.754640 0.397402
vn 0.519751 0.681062 0.515765
vn 0.445896 0.894697 0.026349
vn 0.427752 0.880369 -0.204886
vn 0.473840 0.852176 -0.221972
vn 0.512824 0.858492 -0.001737
vn 0.603997 0.793228 -0.077311
vn 0.537018 0.794753 -0.282806
vn 0.647679 0.703619 -0.292288
vn 0.725465 0.683197 -0.083323
vn 0.736952 0.592031 -0.326192
vn 0.813580 0.570140 -0.114139
vn 0.640946 0.754396 0.141689
vn 0.763532 0.632917 0.128201
vn 0.412676 0.814987 -0.406810
vn 0.330658 0.755201 -0.565983
vn 0.386175 0.831250 -0.399865
vn 0.320261 0.755240 -0.571878
vn -0.506712 0.736227 -0.448567
vn 0.256777 0.774216 -0.578494
vn 0.085428 0.978529 -0.187570
vn -0.888396 0.456462 0.048939
vn -0.172442 0.862075 -0.476541
vn 0.029980 0.994428 -0.101067
vn -0.896210 0.292736 0.333337
vn -0.060417 0.957685 0.281406
vn -0.848449 0.461616 0.258929
vn -0.872386 -0.324235 0.365806
vn -0.859646 -0.070290 0.506032
vn -0.772101 -0.161393 0.614664
vn -0.779099 0.070802 0.622889
vn -0.752890 -0.056661 0.655702
vn -0.836203 0.020454 0.548038
vn -0.753713 -0.092387 0.650678
vn -0.863231 -0.043829 0.502902
vn -0.804127 -0.018903 0.594157
vn -0.899952 0.156074 0.407097
vn -0.891483 0.418731 -0.172979
vn -0.981714 0.187800 -0.031128
vn -0.920631 0.268327 0.283618
vn -0.913999 -0.260450 0.311080
vn -0.989779 0.029792 0.139465
vn -0.717451 -0.532910 0.448632
vn -0.605011 -0.709783 0.360792
vn -0.700279 -0.553587 0.450723
vn -0.728661 -0.300975 0.615198
vn -0.996698 0.049513 0.064350
vn -0.893324 0.061516 -0.445182
vn -0.960391 -0.058211 -0.272509
vn -0.940532 0.007784 0.339615
vn -0.893117 0.168011 0.417270
vn -0.874713 -0.372274 0.310304
vn -0.991365 0.131127 -0.001237
vn -0.968595 -0.180950 -0.170530
vn -0.767988 -0.630650 -0.111689
vn -0.751578 -0.104007 0.651393
vn -0.679939 -0.063193 0.730541
vn -0.473936 -0.119270 0.872445
vn -0.905282 -0.028266 0.423871
vn -0.789149 -0.008704 0.614140
vn -0.586679 0.056412 0.807852
vn -0.939791 -0.173649 0.294344
vn -0.963009 -0.029217 0.267880
vn -0.726249 0.093929 0.680985
vn -0.639894 0.201141 0.741672
vn -0.900219 -0.163095 0.403739
vn -0.984157 0.008143 0.177112
vn -0.955868 0.027927 0.292467
vn -0.972110 0.069595 0.223963
vn -0.958442 0.069999 0.276566
vn -0.456784 0.147725 0.877226
vn -0.572625 -0.226609 0.787876
vn -0.584171 0.034458 0.810898
vn -0.559981 0.331692 0.759211
vn -0.590019 0.263642 0.763132
vn -0.936805 0.042144 0.347304
vn -0.959280 0.027026 0.281162
vn -0.926663 0.242907 0.286865
vn -0.917316 0.078289 0.390388
vn -0.929465 0.352616 0.108432
vn -0.987821 0.124909 0.092775
vn -0.943836 0.111647 0.310980
vn -0.495810 0.644351 0.582223
vn -0.930196 -0.262094 -0.256989
vn -0.898337 0.148996 0.413269
vn -0.395930 0.719220 0.570930
vn -0.157211 0.966050 0.205017
vn -0.865095 0.479668 0.146729
vn -0.992004 -0.112260 0.057663
vn -0.998915 -0.037313 0.027857
vn -0.990887 -0.126603 0.045988
vn -0.995350 -0.094157 0.020340
vn -0.995229 -0.058417 0.078140
vn -0.997094 -0.048291 0.058913
vn -0.998688 -0.049933 0.011357
vn -0.998769 -0.024773 0.042979
vn -0.992744 0.057156 0.105794
vn -0.988903 -0.129369 0.073031
vn -0.995759 0.091993 0.001429
vn -0.989600 -0.129099 0.063439
vn -0.831955 0.410932 0.372808
vn -0.823478 0.181778 0.537439
vn -0.982266 0.109125 0.152462
vn -0.631588 0.259920 0.730437
vn -0.789620 -0.141689 0.597014
vn -0.882131 -0.284438 0.375419
vn -0.703958 -0.634739 0.318667
vn -0.981854 -0.029462 -0.187337
vn -0.824859 -0.101823 -0.556093
vn 0.025129 -0.034141 -0.999101
vn -0.343275 0.100188 -0.933876
vn -0.315600 0.542147 -0.778764
vn -0.768960 -0.227231 -0.597551
vn -0.321481 0.104679 -0.941112
vn -0.837713 -0.282208 0.467542
vn -0.969077 0.238384 0.063734
vn -0.679654 -0.624399 0.384962
vn -0.812641 0.454741 -0.364453
vn -0.986561 0.021358 0.161993
vn -0.999039 -0.028039 -0.033701
vn -0.817714 -0.316108 -0.481061
vn -0.454750 0.532530 -0.713873
vn -0.615768 0.223474 -0.755572
vn -0.989667 0.024271 0.141318
vn -0.671928 -0.027782 -0.740096
vn -0.997549 -0.011730 0.068980
vn -0.600294 -0.324297 -0.731081
vn -0.975760 -0.193337 -0.102530
vn -0.078794 0.001623 -0.996890
vn -0.154802 -0.270503 -0.950192
vn -0.089196 -0.251353 -0.963777
vn -0.319408 -0.470421 -0.822607
vn -0.185467 -0.516196 -0.836148
vn -0.523226 -0.550238 -0.650748
vn -0.264017 -0.641333 -0.720407
vn -0.413011 -0.660279 -0.627259
vn -0.474903 -0.611112 -0.633253
vn -0.436939 -0.199804 -0.877019
vn -0.014165 0.040173 -0.999092
vn -0.405286 0.068969 -0.911585
vn -0.563376 -0.428560 -0.706359
vn 0.036224 0.230598 -0.972375
vn 0.156860 0.479734 -0.863279
vn 0.010826 0.243399 -0.969866
vn -0.032363 0.524049 -0.851073
vn -0.867694 -0.444068 -0.223405
vn -0.840434 -0.523380 -0.140511
vn -0.893164 -0.132172 0.429870
vn -0.779448 -0.607381 -0.153458
vn -0.359574 -0.750992 -0.553821
vn -0.918159 0.291206 -0.268671
vn -0.671303 0.426284 -0.606329
vn -0.468595 0.262229 -0.843596
vn -0.772974 0.042710 -0.632998
vn -0.835908 0.147329 -0.528727
vn -0.896858 -0.007433 -0.442256
vn -0.935038 0.004578 -0.354518
vn -0.939067 0.129344 -0.318469
vn -0.967551 -0.044192 -0.248781
vn -0.995161 0.009977 -0.097755
vn -0.982638 -0.060204 -0.175491
vn -0.996631 -0.081281 -0.010937
vn -0.988895 -0.045109 -0.141608
vn -0.995768 -0.091751 -0.005191
vn -0.991779 -0.019976 -0.126395
vn -0.970156 -0.002732 -0.242466
vn -0.972036 0.043520 -0.230762
vn -0.994222 0.021622 -0.105138
vn -0.970616 0.100179 -0.218790
vn -0.998801 -0.048715 0.004793
vn -0.954526 -0.089849 -0.284265
vn -0.964191 -0.048242 -0.260785
vn -0.929946 -0.078812 -0.359151
vn -0.937345 -0.016415 -0.348016
vn -0.878775 -0.042048 -0.475380
vn -0.882129 0.033178 -0.469837
vn -0.941610 0.048296 -0.333224
vn -0.883035 0.115852 -0.454783
vn -0.942175 -0.088045 -0.323348
vn -0.920699 -0.118195 -0.371946
vn -0.919234 -0.074970 -0.386507
vn -0.880168 -0.164603 -0.445208
vn -0.890794 -0.126006 -0.436588
vn -0.905986 -0.130779 -0.402599
vn -0.874126 -0.112268 -0.472546
vn -0.748973 -0.125508 -0.650606
vn -0.758754 -0.326504 -0.563637
vn -0.860006 -0.245185 -0.447520
vn -0.673497 -0.524454 -0.520912
vn -0.818402 -0.428944 -0.382393
vn -0.850996 -0.355382 -0.386665
vn -0.866367 -0.228810 -0.443909
vn -0.848125 -0.241166 -0.471723
vn -0.800410 -0.274533 -0.532894
vn -0.834710 -0.205155 -0.511048
vn -0.714136 -0.311076 -0.627090
vn -0.745898 -0.234987 -0.623231
vn -0.858752 -0.156335 -0.487959
vn -0.767493 -0.162768 -0.620049
vn -0.819512 -0.330991 -0.467810
vn -0.846595 -0.331595 -0.416320
vn -0.766211 -0.350946 -0.538292
vn -0.369632 -0.114804 -0.922059
vn -0.739118 0.333609 -0.585157
vn -0.641799 0.133864 -0.755099
vn -0.837099 -0.177087 -0.517595
vn -0.773029 0.629797 -0.076046
vn -0.833509 0.545227 -0.089392
vn -0.740120 0.554230 0.380857
vn -0.784317 0.439499 0.437822
vn -0.992585 0.008585 -0.121253
vn -0.929788 0.214667 0.299019
vn -0.909788 -0.097908 0.403360
vn -0.882405 0.043584 0.468467
vn -0.754744 -0.397430 0.521930
vn -0.896223 -0.006683 0.443554
vn -0.892302 0.212517 0.398288
vn -0.855373 0.214341 0.471588
vn -0.866987 0.269019 0.419478
vn -0.783267 0.241709 0.572774
vn -0.741270 0.189703 0.643842
vn -0.689121 0.418911 0.591291
vn -0.732036 -0.231442 0.640748
vn -0.795468 0.191485 0.574947
vn -0.735879 0.175230 0.654046
vn -0.901993 -0.094429 0.421297
vn -0.780513 -0.623882 0.039624
vn -0.354288 -0.878523 -0.320433
vn -0.763065 -0.550767 0.338213
vn -0.400517 -0.912111 0.087405
vn -0.553069 -0.765624 0.328533
vn -0.492053 -0.869725 -0.038236
vn -0.710546 -0.695317 0.107975
vn -0.931691 -0.363247 0.001694
vn -0.860113 -0.420072 0.289387
vn -0.959440 -0.279250 0.038656
vn -0.970233 -0.232446 0.067951
vn -0.967304 -0.228971 0.109066
vn -0.991588 -0.119176 0.050508
vn -0.998168 -0.057449 -0.018973
vn -0.982617 -0.162046 0.090585
vn -0.963122 -0.260670 0.066690
vn -0.959772 -0.280759 -0.003493
vn -0.955341 -0.274008 0.110649
vn -0.966063 -0.223350 0.129758
vn -0.802817 -0.595436 -0.030675
vn -0.823301 -0.558592 -0.100748
vn -0.392602 -0.852611 -0.344845
vn -0.965650 -0.258887 0.022291
vn -0.645843 -0.648360 -0.403132
vn -0.308268 -0.745739 -0.590631
vn -0.984097 -0.080325 -0.158430
vn -0.784131 -0.003412 -0.620586
vn -0.989304 0.141791 -0.034257
vn -0.998910 0.046545 0.003387
vn -0.999169 0.009256 -0.039685
vn -0.997530 0.069236 0.011837
vn -0.997200 0.074718 -0.002982
vn -0.998531 0.043286 0.032577
vn -0.999423 0.032027 -0.011290
vn -0.999177 0.015849 -0.037350
vn -0.999762 -0.021031 0.005838
vn -0.993101 -0.098277 0.063964
vn -0.998261 -0.008446 0.058337
vn -0.975627 0.118877 0.184444
vn -0.964891 0.155875 0.211397
vn -0.968657 0.122874 0.215883
vn -0.986534 0.088370 0.137625
vn -0.961922 0.105866 0.251987
vn -0.947809 0.170468 0.269440
vn -0.940589 0.145376 0.306853
vn -0.926961 0.223189 0.301545
vn -0.921477 0.182512 0.342883
vn -0.933192 0.264130 0.243696
vn -0.892597 0.337569 0.298862
vn -0.896896 0.272480 0.348329
vn -0.835005 0.326242 0.443095
vn -0.802874 0.402407 0.439842
vn -0.896175 0.222150 0.384083
vn -0.897440 0.204548 0.390847
vn -0.922506 0.169172 0.346934
vn -0.902863 0.226551 0.365395
vn -0.926497 0.180640 0.330111
vn -0.945650 0.131307 0.297498
vn -0.970946 0.082882 0.224486
vn -0.951425 0.131243 0.278507
vn -0.976456 0.072705 0.203097
vn -0.928752 0.206625 0.307775
vn -0.957213 0.144922 0.250483
vn -0.982368 0.078315 0.169764
vn -0.987434 0.044136 0.151740
vn -0.991562 0.015774 0.128673
vn -0.992850 0.005357 0.119248
vn -0.899310 0.277856 0.337694
vn -0.883752 0.362027 0.296513
vn -0.930964 0.264558 0.251624
vn -0.766189 0.593033 0.247522
vn -0.855900 0.474709 0.205148
vn -0.790889 0.517731 0.326266
vn -0.828659 0.413112 0.377706
vn -0.921254 0.359203 0.149216
vn -0.844811 0.320825 0.428211
vn -0.720757 0.474740 0.505106
vn -0.848579 0.269758 0.455132
vn -0.738168 0.391941 0.549081
vn -0.691597 0.585114 0.423479
vn -0.848025 0.274582 0.453274
vn -0.730634 0.354815 0.583335
vn -0.552835 0.415702 0.722195
vn -0.579800 0.504788 0.639548
vn -0.408261 0.571080 0.712173
vn -0.410110 0.437113 0.800464
vn -0.553620 0.612011 0.564754
vn -0.401403 0.700867 0.589628
vn -0.697329 0.380976 0.607116
vn -0.526045 0.418459 0.740384
vn -0.649407 0.438849 0.621033
vn -0.506642 0.449158 0.735915
vn -0.887953 0.309589 0.340138
vn -0.758277 0.384775 0.526274
vn -0.937966 0.249942 0.240310
vn -0.950082 0.210603 0.230198
vn -0.960830 0.153265 0.230902
vn -0.962301 0.089446 0.256859
vn -0.920530 -0.046733 0.387867
vn -0.907787 0.011828 0.419264
vn -0.771628 -0.189517 0.607185
vn -0.756768 0.089880 0.647475
vn -0.552762 -0.260675 0.791519
vn -0.507380 0.168802 0.845028
vn -0.612475 0.277637 0.740130
vn -0.460251 0.357975 0.812418
vn -0.861816 0.121618 0.492425
vn -0.764545 0.080181 0.639564
vn -0.925124 0.081129 0.370896
vn -0.802395 -0.224236 0.553065
vn -0.923621 0.059095 0.378725
vn -0.963119 0.084435 0.255483
vn -0.972511 0.004868 0.232805
vn -0.956584 -0.005649 0.291404
vn -0.981759 0.054056 0.182282
vn -0.853405 0.158277 0.496637
vn -0.755051 0.251398 0.605555
vn -0.785847 -0.132426 0.604075
vn -0.718801 -0.040519 0.694034
vn -0.619871 -0.386117 0.683135
vn -0.567050 -0.323181 0.757633
vn -0.319549 -0.591559 0.740234
vn -0.360152 -0.614946 0.701521
vn -0.606134 -0.432070 0.667771
vn -0.378952 -0.569342 0.729551
vn -0.409536 -0.265950 0.872669
vn -0.119112 -0.651793 0.748985
vn -0.047475 -0.744307 0.666148
vn -0.354063 0.018044 0.935048
vn -0.312268 -0.254427 0.915290
vn -0.468234 0.370004 0.802405
vn -0.148460 -0.599534 0.786460
vn -0.283167 -0.553966 0.782903
vn -0.498303 -0.278894 0.820922
vn -0.016721 -0.763099 0.646065
vn -0.615407 0.038471 0.787270
vn -0.620083 0.395563 0.677515
vn -0.363212 -0.359046 0.859746
vn -0.469391 0.243238 0.848827
vn -0.133504 -0.701219 0.700335
vn -0.277477 -0.471276 0.837201
vn -0.321154 0.061356 0.945037
vn -0.205973 -0.698559 0.685266
vn -0.452526 0.475468 0.754421
vn -0.315851 0.444338 0.838333
vn -0.461055 0.463522 0.756687
vn -0.580153 0.453365 0.676670
vn -0.371003 0.452753 0.810785
vn -0.991548 0.083946 0.098921
vn -0.985908 -0.046974 0.160555
vn -0.972008 -0.093335 0.215614
vn -0.962269 -0.129258 0.239439
vn -0.930329 -0.222102 0.291820
vn -0.947152 -0.226725 0.226934
vn -0.918067 -0.298190 0.261221
vn -0.932574 -0.275305 0.233481
vn -0.911186 -0.318281 0.261607
vn -0.911867 -0.311025 0.267886
vn -0.901571 -0.321242 0.289781
vn -0.914599 -0.293845 0.277783
vn -0.918514 -0.276880 0.282257
vn -0.923919 -0.286706 0.253325
vn -0.930231 -0.283002 0.233622
vn -0.927508 -0.273114 0.255222
vn -0.948871 -0.257067 0.183196
vn -0.948437 -0.245773 0.200158
vn -0.955177 -0.225148 0.192212
vn -0.941847 -0.287912 0.173292
vn -0.927787 -0.322919 0.186907
vn -0.922370 -0.270058 0.276228
vn -0.951440 -0.305184 0.040308
vn -0.926771 -0.361539 0.101907
vn -0.918109 -0.283602 0.276848
vn -0.924466 -0.262849 0.276175
vn -0.914296 -0.265735 0.305692
vn -0.921347 -0.273620 0.276135
vn -0.918650 -0.287976 0.270467
vn -0.905554 -0.344905 0.247006
vn -0.893824 -0.301645 0.331796
vn -0.860168 -0.288893 0.420300
vn -0.899726 -0.280962 0.333997
vn -0.773155 -0.167175 0.611787
vn -0.855588 -0.150168 0.495398
vn -0.646937 0.022661 0.762206
vn -0.686093 -0.129518 0.715892
vn -0.559950 0.031477 0.827928
vn -0.823270 -0.247053 0.511069
vn -0.925234 -0.065900 0.373630
vn -0.893675 -0.267869 0.359987
vn -0.863516 -0.248429 0.438888
vn -0.774001 -0.175931 0.608252
vn -0.898113 -0.264864 0.351056
vn -0.960801 -0.192179 0.199822
vn -0.977868 -0.153578 0.142081
vn -0.969796 -0.197339 0.143365
vn -0.218775 -0.428092 0.876855
vn -0.264028 -0.294376 0.918494
vn -0.293966 -0.174894 0.939679
vn -0.349299 -0.466265 0.812765
vn -0.341663 -0.301820 0.890040
vn -0.731581 0.161536 0.662341
vn -0.737556 0.136539 0.661338
vn -0.610130 0.251484 0.751330
vn -0.596644 0.243465 0.764684
vn -0.818804 -0.035232 0.572991
vn -0.714084 0.096523 0.693374
vn -0.596827 0.198109 0.777528
vn -0.648407 -0.204102 0.733424
vn -0.493138 -0.269753 0.827072
vn -0.539703 -0.422962 0.727890
vn -0.430359 -0.121731 0.894412
vn -0.322036 -0.112245 0.940050
vn -0.399728 0.074130 0.913631
vn -0.297564 0.113093 0.947980
vn -0.309199 0.242675 0.919513
vn -0.298361 0.293542 0.908193
vn -0.307731 0.182797 0.933749
vn -0.377861 0.229679 0.896922
vn -0.292400 -0.067735 0.953894
vn -0.562507 -0.035438 0.826033
vn -0.489031 0.125912 0.863131
vn -0.559694 0.151823 0.814673
vn -0.666627 0.028129 0.744861
vn -0.434566 0.248386 0.865712
vn -0.474274 0.274379 0.836529
vn -0.758944 -0.115014 0.640918
vn -0.872819 0.001565 0.488042
vn -0.802216 -0.084193 0.591068
vn -0.910722 -0.144202 0.387028
vn -0.976847 -0.018838 0.213107
vn -0.950412 -0.208764 0.230509
vn -0.880069 -0.351446 0.319319
vn -0.940908 -0.303450 0.150364
vn -0.882421 -0.434987 0.179218
vn -0.901183 -0.383528 0.201928
vn -0.863304 -0.470407 0.182822
vn -0.823271 -0.545546 0.156858
vn -0.870355 -0.442647 0.215745
vn -0.829940 -0.516980 0.209600
vn -0.828315 -0.514269 0.222311
vn -0.832941 -0.423074 0.356676
vn -0.830241 -0.379939 0.407855
vn -0.817632 -0.229813 0.527886
vn -0.800913 -0.313885 0.509917
vn -0.745049 -0.152303 0.649388
vn -0.811242 -0.490249 0.318656
vn -0.731203 -0.305435 0.609961
vn -0.657212 -0.165759 0.735252
vn -0.730238 -0.040318 0.682002
vn -0.608787 -0.064521 0.790706
vn -0.785629 -0.592942 0.176654
vn -0.819524 -0.548906 0.164569
vn -0.760047 -0.471530 0.447200
vn -0.734706 -0.626111 0.261138
vn -0.608472 -0.778511 0.153890
vn -0.734054 -0.668166 0.121323
vn -0.645984 -0.653755 0.394092
vn -0.820735 -0.554690 0.136796
vn -0.883944 -0.389020 0.259436
vn -0.902113 -0.319977 0.289494
vn -0.683683 -0.726702 0.066944
vn -0.465010 -0.882594 0.069236
vn -0.400103 -0.878924 0.259635
vn -0.449487 -0.695348 0.560761
vn -0.663777 -0.477408 0.575745
vn -0.632409 -0.337519 0.697237
vn -0.503742 -0.504981 0.700884
vn -0.498903 -0.389934 0.773981
vn -0.558816 -0.221427 0.799184
vn -0.443427 -0.291011 0.847753
vn -0.981079 -0.178809 0.074236
vn -0.964098 -0.264381 0.024845
vn -0.987038 -0.139624 0.079128
vn -0.999362 0.003625 -0.035517
vn -0.981531 -0.087298 -0.170221
vn -0.967641 0.061293 -0.244775
vn -0.935467 -0.048936 -0.350009
vn -0.990333 0.137788 0.015963
vn -0.985300 0.116436 0.125003
vn -0.951151 0.284657 0.119509
vn -0.944613 0.239507 0.224374
vn -0.973291 0.209098 -0.094773
vn -0.923964 0.382137 0.016200
vn -0.926144 0.315688 -0.206395
vn -0.881635 0.448783 -0.145994
vn -0.937861 0.179850 -0.296767
vn -0.940537 0.135925 0.311312
vn -0.866441 0.295795 0.402227
vn -0.808044 0.224011 0.544870
vn -0.862763 0.121515 0.490789
vn -0.762067 0.036306 0.646479
vn -0.787540 0.086677 0.610138
vn -0.892901 -0.113538 -0.435704
vn -0.920297 0.031833 -0.389924
vn -0.911162 -0.138871 -0.387941
vn -0.888987 0.094735 -0.448027
vn -0.883803 0.245952 -0.397996
vn -0.833595 -0.049877 -0.550119
vn -0.833788 0.131570 -0.536178
vn -0.874444 -0.081359 -0.478256
vn -0.734192 0.145645 -0.663136
vn -0.698113 0.268845 -0.663597
vn -0.808975 0.272090 -0.521081
vn -0.746025 -0.025389 -0.665434
vn -0.803990 -0.231766 -0.547617
vn -0.845955 -0.247061 -0.472568
vn -0.871847 -0.247512 -0.422634
vn -0.956381 -0.144363 -0.253956
vn -0.902289 -0.235725 -0.360982
vn -0.933938 -0.241264 -0.263726
vn -0.968418 -0.228940 -0.098757
vn -0.988516 -0.139733 -0.057535
vn -0.886076 -0.336323 -0.318991
vn -0.895760 -0.356634 -0.265378
vn -0.894206 -0.394238 -0.212066
vn 0.083007 -0.688520 0.720451
vn -0.115636 -0.181708 0.976530
vn 0.155613 -0.351045 0.923337
vn 0.028296 -0.861246 0.507400
vn -0.384269 0.176959 0.906103
vn -0.445888 -0.018126 0.894905
vn -0.130403 -0.580848 0.803499
vn -0.636997 0.217262 0.739617
vn -0.653625 0.116915 0.747734
vn -0.645226 0.183852 0.741540
vn -0.605047 0.252315 0.755152
vn -0.487628 0.349132 0.800203
vn -0.515300 0.084303 0.852854
vn -0.552407 -0.336745 0.762529
vn -0.488130 -0.568552 0.662177
vn -0.481266 -0.087089 0.872238
vn -0.248411 0.357580 0.900238
vn -0.260751 -0.017876 0.965241
vn -0.654654 -0.004353 0.755916
vn -0.492941 -0.152199 0.856648
vn -0.603017 -0.084381 0.793253
vn -0.414156 -0.186126 0.890972
vn -0.434119 -0.102822 0.894968
vn -0.604302 -0.114001 0.788558
vn -0.612425 -0.069891 0.787433
vn -0.620433 0.016820 0.784079
vn -0.655478 0.069182 0.752039
vn -0.262943 -0.264445 0.927863
vn -0.206395 -0.280889 0.937285
vn -0.001464 0.383035 0.923733
vn -0.001284 0.036760 0.999323
vn -0.279071 0.053482 0.958780
vn 0.000020 -0.719206 0.694797
vn -0.100699 -0.662903 0.741903
vn 0.099486 -0.660477 0.744226
vn -0.000215 -0.889857 0.456239
vn 0.161583 -0.837912 0.521340
vn 0.246836 -0.613389 0.750217
vn 0.265847 -0.714384 0.647287
vn 0.278231 0.057571 0.958787
vn -0.244465 -0.618924 0.746438
vn -0.160342 -0.838310 0.521082
vn -0.262109 -0.716930 0.645996
vn 0.218831 0.367422 0.903944
vn -0.001149 0.095054 0.995471
vn 0.291575 0.032215 0.956005
vn -0.310725 -0.702335 0.640450
vn -0.270597 -0.818505 0.506782
vn -0.274435 -0.744616 0.608468
vn -0.186477 -0.803468 0.565390
vn -0.317748 -0.580035 0.750064
vn -0.242192 -0.484655 0.840507
vn -0.554858 -0.333144 0.762331
vn -0.652778 -0.285667 0.701623
vn -0.391617 -0.280153 0.876442
vn -0.600729 -0.180965 0.778701
vn -0.479135 -0.060804 0.875633
vn -0.741812 -0.252357 0.621314
vn -0.764391 -0.211692 0.609010
vn -0.798909 -0.265453 0.539703
vn -0.512193 -0.319007 0.797429
vn -0.695661 -0.099404 0.711460
vn -0.455756 0.096256 0.884885
vn -0.486990 0.021243 0.873149
vn -0.039736 0.615349 0.787252
vn 0.033406 0.590044 0.806680
vn -0.028742 0.531561 0.846532
vn -0.073650 0.595094 0.800274
vn -0.101771 0.492519 0.864331
vn -0.144524 0.575953 0.804606
vn -0.253094 0.331300 0.908946
vn -0.274321 0.509413 0.815626
vn -0.162088 0.654468 0.738511
vn -0.101350 0.657066 0.746989
vn -0.162677 0.728005 0.665992
vn -0.135858 0.698618 0.702478
vn -0.146721 0.644566 0.750339
vn -0.094276 0.631089 0.769960
vn -0.121197 0.591451 0.797180
vn -0.069331 0.601441 0.795904
vn -0.157989 0.552272 0.818557
vn -0.173603 0.587997 0.790014
vn -0.205250 0.540435 0.815967
vn -0.196459 0.664367 0.721124
vn -0.222415 0.594856 0.772449
vn -0.234865 0.686072 0.688581
vn -0.262921 0.610026 0.747490
vn -0.209336 0.754927 0.621501
vn -0.177945 0.728592 0.661429
vn -0.246222 0.540075 0.804794
vn -0.231077 0.505805 0.831122
vn -0.263955 0.504200 0.822259
vn -0.194665 0.516895 0.833621
vn -0.283997 0.550496 0.785048
vn -0.294213 0.514141 0.805666
vn -0.273631 0.482327 0.832158
vn -0.248692 0.481895 0.840196
vn -0.295803 0.492561 0.818464
vn -0.114094 0.568362 0.814829
vn -0.121876 0.551737 0.825065
vn -0.067522 0.587242 0.806590
vn -0.155807 0.533546 0.831296
vn -0.083570 0.567625 0.819035
vn -0.014714 0.600419 0.799550
vn -0.135498 0.521751 0.842269
vn -0.162687 0.512666 0.843034
vn -0.190563 0.500025 0.844784
vn -0.029909 0.572688 0.819228
vn 0.064781 0.592278 0.803125
vn -0.009404 0.613362 0.789746
vn 0.057193 0.614436 0.786891
vn 0.137616 0.593712 0.792823
vn -0.172638 0.771122 0.612835
vn -0.192325 0.774998 0.601988
vn -0.255369 0.719453 0.645890
vn -0.267681 0.709209 0.652204
vn -0.358699 0.617487 0.700031
vn -0.207337 0.780842 0.589319
vn -0.197744 0.792954 0.576300
vn -0.233316 0.767461 0.597132
vn -0.214458 0.804704 0.553588
vn -0.286062 0.655250 0.699154
vn -0.305457 0.631775 0.712430
vn -0.243263 0.741404 0.625415
vn -0.269310 0.688251 0.673633
vn -0.214594 0.797772 0.563479
vn -0.227916 0.775346 0.588976
vn -0.381068 0.542044 0.748983
vn -0.392758 0.538690 0.745355
vn -0.257530 0.635190 0.728156
vn -0.444762 0.399174 0.801777
vn -0.613372 0.160293 0.773357
vn -0.543635 0.298284 0.784530
vn -0.477581 0.225646 0.849117
vn -0.467733 0.420374 0.777503
vn -0.098852 0.340489 0.935038
vn -0.010452 0.474080 0.880420
vn -0.074600 0.303076 0.950042
vn 0.023605 0.497043 0.867405
vn -0.000302 0.353252 0.935528
vn -0.000501 0.492428 0.870353
vn 0.099717 0.545368 0.832244
vn 0.103330 0.590526 0.800376
vn 0.162445 0.571949 0.804043
vn 0.103335 0.539529 0.835602
vn 0.196124 0.557773 0.806489
vn 0.133399 0.549109 0.825035
vn -0.000200 0.541475 0.840717
vn -0.000619 0.544381 0.838838
vn 0.135945 0.536472 0.832896
vn 0.000391 0.532303 0.846554
vn 0.123741 0.522825 0.843411
vn -0.135597 0.535850 0.833353
vn -0.121226 0.521986 0.844296
vn -0.134202 0.548763 0.825136
vn 0.103675 0.506093 0.856225
vn 0.190537 0.505676 0.841420
vn 0.157249 0.487159 0.859040
vn 0.207472 0.528557 0.823154
vn 0.001969 0.517417 0.855731
vn 0.177226 0.564287 0.806332
vn 0.199145 0.520946 0.830034
vn -0.000691 0.526445 0.850209
vn -0.104418 0.539494 0.835490
vn -0.100897 0.545562 0.831975
vn -0.000421 0.088836 0.996046
vn -0.105370 0.122010 0.986920
vn -0.146180 -0.049273 0.988030
vn -0.189120 0.057602 0.980263
vn -0.345778 0.019112 0.938122
vn -0.441291 0.087582 0.893080
vn -0.240025 0.142463 0.960256
vn -0.624157 0.050450 0.779668
vn -0.726011 0.077801 0.683268
vn -0.667893 0.174207 0.723582
vn -0.695487 0.044993 0.717128
vn -0.541918 0.006972 0.840403
vn -0.125650 0.179753 0.975654
vn -0.271454 -0.048659 0.961221
vn -0.213826 -0.233561 0.948540
vn -0.362204 -0.177193 0.915101
vn -0.265354 -0.359425 0.894651
vn -0.000255 -0.371341 0.928496
vn -0.000121 -0.205977 0.978557
vn -0.418563 -0.021082 0.907943
vn -0.483612 -0.117082 0.867417
vn 0.074349 0.302664 0.950193
vn 0.104808 0.121787 0.987007
vn 0.099300 0.339802 0.935240
vn 0.010411 0.474521 0.880182
vn 0.029358 0.532255 0.846075
vn -0.024169 0.497582 0.867080
vn -0.033417 0.591166 0.805857
vn 0.040680 0.616741 0.786115
vn 0.009811 0.614638 0.788748
vn 0.070299 0.602943 0.794681
vn 0.068293 0.588085 0.805911
vn 0.115362 0.569340 0.813968
vn -0.057815 0.614994 0.786409
vn 0.014572 0.600829 0.799244
vn -0.104505 0.590894 0.799952
vn 0.075011 0.596272 0.799271
vn 0.102092 0.658253 0.745842
vn 0.095115 0.632378 0.768799
vn 0.122043 0.592719 0.796109
vn 0.125575 0.178908 0.975819
vn 0.255007 0.329639 0.909016
vn 0.239820 0.141435 0.960460
vn 0.441370 0.086269 0.893168
vn 0.480668 0.222825 0.848120
vn 0.277101 0.508373 0.815336
vn 0.448896 0.397191 0.800457
vn 0.146444 0.576315 0.803999
vn 0.103486 0.492426 0.864180
vn 0.188269 0.057689 0.980422
vn 0.145450 -0.048856 0.988159
vn 0.880433 -0.351801 0.317922
vn 0.882727 -0.434510 0.178866
vn 0.829926 -0.516965 0.209689
vn 0.832629 -0.424142 0.356136
vn 0.863534 -0.469860 0.183140
vn 0.901271 -0.383213 0.202134
vn 0.926830 -0.361634 0.101034
vn 0.927791 -0.322903 0.186917
vn 0.951333 -0.305574 0.039877
vn 0.941888 -0.287599 0.173590
vn 0.963090 -0.268962 -0.010794
vn 0.955255 -0.274120 0.111111
vn 0.927481 -0.273130 0.255300
vn 0.930092 -0.283416 0.233676
vn 0.914549 -0.294115 0.277661
vn 0.923919 -0.286706 0.253325
vn 0.911186 -0.318281 0.261607
vn 0.932475 -0.275437 0.233721
vn 0.918584 -0.276860 0.282050
vn 0.922455 -0.269764 0.276232
vn 0.918659 -0.287911 0.270504
vn 0.905645 -0.344645 0.247035
vn 0.924466 -0.262849 0.276175
vn 0.921347 -0.273620 0.276135
vn 0.911867 -0.311025 0.267886
vn 0.901551 -0.321241 0.289844
vn 0.918067 -0.298190 0.261221
vn 0.947152 -0.226725 0.226934
vn 0.933496 -0.225968 0.278430
vn 0.902131 -0.269110 0.337254
vn 0.962269 -0.129258 0.239439
vn 0.893802 -0.301644 0.331858
vn 0.918090 -0.283608 0.276907
vn 0.948392 -0.246079 0.199993
vn 0.955175 -0.225187 0.192177
vn 0.948871 -0.257067 0.183196
vn 0.963132 -0.260574 0.066913
vn 0.966053 -0.223338 0.129851
vn 0.955631 -0.293735 0.022131
vn 0.970179 -0.232402 0.068855
vn 0.966471 -0.230917 0.112302
vn 0.833232 -0.440830 0.333757
vn 0.982750 -0.161204 0.090639
vn 0.969912 -0.197123 0.142872
vn 0.991566 -0.117915 0.053784
vn 0.934546 -0.355807 0.005080
vn 0.963796 -0.265696 0.022439
vn 0.960784 -0.191965 0.200111
vn 0.977969 -0.153385 0.141594
vn 0.972008 -0.093335 0.215614
vn 0.985937 -0.046779 0.160437
vn 0.941197 -0.303780 0.147872
vn 0.980953 -0.179897 0.073275
vn 0.951037 -0.208552 0.228109
vn 0.987043 -0.140427 0.077625
vn 0.988412 -0.141285 -0.055506
vn 0.981726 -0.090155 -0.167589
vn 0.956769 -0.145872 -0.251622
vn 0.968854 0.058786 -0.240552
vn 0.936258 -0.050682 -0.347637
vn 0.999391 0.000284 -0.034892
vn 0.974364 0.207158 -0.087752
vn 0.990491 0.136201 0.019402
vn 0.977983 -0.019384 0.207782
vn 0.985962 0.115386 0.120684
vn 0.950748 0.283455 0.125423
vn 0.924120 0.381397 0.023217
vn 0.945727 0.238517 0.220702
vn 0.920882 0.030905 -0.388615
vn 0.938819 0.178597 -0.294488
vn 0.926933 0.315288 -0.203439
vn 0.911453 -0.139722 -0.386950
vn 0.934327 -0.241677 -0.261964
vn 0.968341 -0.230027 -0.096969
vn 0.893990 -0.394909 -0.211728
vn 0.896096 -0.356757 -0.264075
vn 0.965159 -0.260732 0.022043
vn 0.822496 -0.559931 -0.099882
vn 0.902249 -0.236474 -0.360593
vn 0.871462 -0.247383 -0.423504
vn 0.893107 -0.113531 -0.435283
vn 0.911507 -0.143608 0.385399
vn 0.874395 0.002501 0.485208
vn 0.801563 -0.082158 0.592239
vn 0.728764 -0.037756 0.683723
vn 0.762871 0.036719 0.645508
vn 0.942867 0.136042 0.304130
vn 0.865739 0.120741 0.485713
vn 0.790682 0.085660 0.606205
vn 0.606961 -0.063567 0.792186
vn 0.617179 0.018304 0.786610
vn 0.656566 -0.164123 0.736196
vn 0.744294 -0.150861 0.650590
vn 0.817450 -0.230431 0.527899
vn 0.828073 -0.514714 0.222182
vn 0.830170 -0.380990 0.407019
vn 0.801309 -0.314811 0.508722
vn 0.731986 -0.305114 0.609181
vn 0.632968 -0.337178 0.696895
vn 0.558516 -0.221175 0.799463
vn 0.498729 -0.390396 0.773861
vn 0.443396 -0.290663 0.847889
vn 0.265197 -0.359446 0.894689
vn 0.213322 -0.233681 0.948624
vn 0.361678 -0.176798 0.915386
vn 0.293693 -0.445580 0.845697
vn -0.000316 -0.461083 0.887357
vn 0.503432 -0.504961 0.701121
vn 0.664140 -0.477266 0.575443
vn 0.285959 -0.522882 0.803008
vn -0.000090 -0.526702 0.850050
vn 0.000000 -0.632034 0.774941
vn -0.227596 -0.677979 0.698959
vn -0.286437 -0.522827 0.802874
vn 0.227160 -0.677872 0.699205
vn -0.293852 -0.445718 0.845569
vn 0.270353 -0.048143 0.961557
vn 0.416891 -0.020480 0.908726
vn 0.482319 -0.116714 0.868185
vn 0.540475 0.007336 0.841328
vn 0.696538 0.045146 0.716098
vn 0.625851 0.049173 0.778391
vn 0.730933 0.076184 0.678183
vn 0.344370 0.019461 0.938632
vn 0.760204 -0.471878 0.446566
vn 0.646097 -0.653866 0.393723
vn 0.734904 -0.625967 0.260923
vn 0.608549 -0.778519 0.153542
vn 0.734262 -0.668050 0.120704
vn 0.819577 -0.548870 0.164427
vn 0.884002 -0.388732 0.259669
vn 0.821079 -0.554169 0.136841
vn 0.871614 -0.404965 0.276212
vn 0.802232 -0.570260 0.176712
vn 0.683724 -0.726679 0.066771
vn 0.627650 -0.766136 0.138168
vn 0.464309 -0.882929 0.069659
vn 0.833533 -0.402501 0.378439
vn 0.758020 -0.548022 0.353662
vn 0.842208 -0.304724 0.444780
vn 0.878442 -0.301080 0.371067
vn 0.888662 -0.274553 0.367287
vn 0.860755 -0.253095 0.441638
vn 0.902148 -0.319779 0.289603
vn 0.898113 -0.264864 0.351056
vn 0.870442 -0.442410 0.215880
vn 0.399211 -0.879194 0.260092
vn 0.449130 -0.695433 0.560942
vn 0.785596 -0.592942 0.176802
vn 0.811224 -0.490583 0.318187
vn 0.823186 -0.545587 0.157160
vn -0.362143 0.365387 0.857522
vn -0.393215 0.354808 0.848229
vn -0.337153 0.401621 0.851486
vn -0.407480 0.351440 0.842882
vn -0.350057 0.387894 0.852642
vn -0.414128 0.354589 0.838310
vn -0.358207 0.383619 0.851190
vn -0.303465 0.420642 0.854967
vn -0.310077 0.410543 0.857500
vn -0.321656 0.416079 0.850538
vn -0.291322 0.437091 0.850931
vn -0.281815 0.453203 0.845687
vn -0.296807 0.453230 0.840528
vn -0.312365 0.448282 0.837539
vn -0.300816 0.442547 0.844785
vn -0.338159 0.350369 0.873436
vn -0.271928 0.440397 0.855632
vn -0.295608 0.353132 0.887645
vn -0.270218 0.467187 0.841854
vn -0.287513 0.390106 0.874731
vn -0.321590 0.528134 0.785910
vn -0.357969 0.456601 0.814477
vn -0.294256 0.589795 0.752034
vn -0.252154 0.529941 0.809679
vn -0.253923 0.501458 0.827081
vn -0.286511 0.496761 0.819231
vn -0.251717 0.549546 0.796641
vn -0.292933 0.530629 0.795376
vn -0.302974 0.488156 0.818481
vn -0.308081 0.511327 0.802266
vn -0.294812 0.474375 0.829490
vn -0.278076 0.467058 0.839363
vn -0.259168 0.465853 0.846058
vn -0.247278 0.455206 0.855360
vn -0.238083 0.469057 0.850471
vn -0.265269 0.453673 0.850772
vn -0.222136 0.488391 0.843878
vn -0.269532 0.443388 0.854844
vn -0.252043 0.444163 0.859764
vn -0.228344 0.443225 0.866839
vn -0.223609 0.456162 0.861345
vn -0.202893 0.431973 0.878768
vn -0.202413 0.440030 0.874873
vn -0.230457 0.434239 0.870819
vn -0.205334 0.426737 0.880757
vn -0.235297 0.428364 0.872433
vn -0.255068 0.435289 0.863403
vn -0.257482 0.426953 0.866841
vn -0.198792 0.454895 0.868074
vn -0.174682 0.435483 0.883086
vn -0.171405 0.451270 0.875772
vn -0.175887 0.427993 0.886502
vn -0.277048 0.433175 0.857674
vn -0.279753 0.422777 0.861973
vn -0.285547 0.413719 0.864465
vn -0.258220 0.420136 0.869947
vn -0.317500 0.401796 0.858926
vn -0.416577 0.355568 0.836681
vn -0.362904 0.381809 0.850013
vn -0.498624 0.314440 0.807776
vn -0.485854 0.311438 0.816672
vn -0.491205 0.293071 0.820260
vn -0.489613 0.311511 0.814395
vn -0.419008 0.354154 0.836066
vn -0.490691 0.305486 0.816027
vn -0.426574 0.347884 0.834872
vn -0.429242 0.339977 0.836760
vn -0.367417 0.381201 0.848346
vn -0.370195 0.378700 0.848258
vn -0.375198 0.370369 0.849737
vn -0.592884 0.254767 0.763926
vn -0.322222 0.399098 0.858425
vn -0.289197 0.409271 0.865368
vn -0.325322 0.397983 0.857773
vn -0.289989 0.406552 0.866385
vn -0.511807 0.281835 0.811556
vn -0.619570 0.371562 0.691429
vn -0.541472 0.469835 0.697182
vn -0.380994 0.474575 0.793487
vn -0.671277 0.121798 0.731131
vn -0.723886 0.309526 0.616590
vn -0.714816 0.375524 0.589932
vn -0.702653 0.345554 0.621990
vn -0.748842 0.247191 0.614924
vn -0.702546 0.339276 0.625557
vn -0.690076 0.358137 0.628914
vn -0.535296 0.474113 0.699053
vn -0.503504 0.421707 0.754087
vn -0.695280 0.385399 0.606674
vn -0.729895 0.317025 0.605597
vn -0.750250 0.384371 0.537944
vn -0.470930 0.547300 0.691872
vn -0.666621 0.181731 0.722904
vn -0.276150 0.352751 0.894040
vn -0.508639 -0.090975 0.856160
vn -0.253286 0.392458 0.884208
vn -0.550716 -0.437950 0.710572
vn -0.769597 0.072081 0.634449
vn -0.753816 0.278350 0.595216
vn -0.174865 0.270322 0.946757
vn -0.195337 0.486110 0.851787
vn -0.229243 0.291773 0.928610
vn -0.168204 0.435329 0.884419
vn -0.446210 -0.061712 0.892798
vn -0.278289 0.460369 0.842980
vn -0.349514 0.415447 0.839788
vn -0.323917 0.309896 0.893891
vn -0.338021 0.222451 0.914471
vn -0.509209 0.392732 0.765812
vn -0.520438 0.344030 0.781529
vn 0.000581 0.578497 0.815685
vn 0.000519 0.494234 0.869329
vn -0.000972 0.478434 0.878123
vn -0.001166 0.383397 0.923583
vn -0.451409 -0.011657 0.892241
vn -0.000323 -0.016793 0.999859
vn -0.484324 0.472549 0.736293
vn -0.607052 0.217297 0.764376
vn 0.001013 0.388474 0.921459
vn 0.001050 -0.014146 0.999899
vn 0.485187 0.472247 0.735918
vn 0.535368 0.474060 0.699034
vn 0.607566 0.217116 0.764019
vn 0.714601 0.375654 0.590110
vn 0.001335 -0.491480 0.870888
vn 0.594590 -0.248867 0.764544
vn 0.000903 -0.726763 0.686887
vn 0.578218 -0.639576 0.506563
vn 0.748321 0.246761 0.615731
vn 0.729725 -0.147043 0.667743
vn -0.593776 -0.248628 0.765254
vn 0.503803 0.421420 0.754047
vn 0.509348 0.391684 0.766256
vn 0.702013 0.339552 0.626005
vn 0.729758 0.316808 0.605877
vn -0.731393 -0.149507 0.665366
vn -0.582484 -0.643285 0.496887
vn -0.801164 -0.094085 0.591003
vn -0.654397 -0.634862 0.410750
vn -0.493570 -0.799730 0.341789
vn -0.682444 -0.324343 0.655035
vn -0.319082 -0.706977 0.631165
vn -0.422155 -0.245433 0.872667
vn -0.250621 0.032495 0.967540
vn -0.290476 -0.257213 0.921664
vn -0.430479 0.092914 0.897806
vn -0.568667 0.081905 0.818480
vn -0.632172 -0.746782 0.206580
vn -0.498338 -0.648870 0.575001
vn -0.537085 0.085554 0.839179
vn -0.648929 -0.059357 0.758530
vn -0.657021 0.036389 0.752993
vn -0.622472 0.104774 0.775597
vn -0.586200 -0.010653 0.810096
vn -0.776060 -0.024403 0.630187
vn -0.503069 -0.212933 0.837604
vn -0.479533 -0.091862 0.872702
vn -0.401003 -0.504521 0.764628
vn -0.402082 -0.415927 0.815681
vn -0.400392 0.037851 0.915562
vn -0.379878 -0.262700 0.886950
vn -0.493192 0.132076 0.859836
vn -0.406715 0.198448 0.891741
vn -0.296372 0.271388 0.915703
vn -0.224764 -0.019668 0.974215
vn -0.205501 0.231750 0.950821
vn -0.021248 0.450475 0.892536
vn 0.000157 0.370837 0.928698
vn 0.000757 0.512423 0.858733
vn 0.000000 0.036435 0.999336
vn -0.214448 0.320668 0.922596
vn -0.081012 0.339401 0.937147
vn -0.302582 -0.596007 0.743788
vn -0.221976 -0.370560 0.901894
vn -0.193485 -0.781391 0.593289
vn -0.142069 -0.613410 0.776882
vn -0.838635 -0.167059 0.518442
vn -0.860287 -0.253104 0.442544
vn -0.854981 -0.203934 0.476885
vn -0.888662 -0.274553 0.367287
vn -0.776512 -0.085777 0.624237
vn -0.878390 -0.301048 0.371216
vn -0.828235 -0.275399 0.488040
vn -0.774539 -0.254557 0.579042
vn -0.842378 -0.304450 0.444646
vn -0.871546 -0.405654 0.275415
vn -0.456227 0.235959 0.858010
vn -0.512858 0.263619 0.816995
vn -0.422258 0.372502 0.826402
vn -0.459315 0.269927 0.846268
vn -0.490472 0.332342 0.805597
vn -0.451026 0.159540 0.878136
vn -0.509249 0.292857 0.809259
vn -0.503151 0.515282 0.693774
vn -0.285560 0.484137 0.827083
vn -0.199156 0.108745 0.973915
vn -0.444494 0.118201 0.887949
vn -0.074964 -0.624640 0.777306
vn -0.070202 -0.817310 0.571906
vn -0.151710 -0.736992 0.658655
vn -0.174669 -0.240021 0.954925
vn 0.223967 0.143133 0.964029
vn 0.171386 -0.028149 0.984802
vn 0.080839 0.338708 0.937412
vn 0.296372 0.271388 0.915703
vn -0.000003 -0.109788 0.993955
vn 0.000221 0.359482 0.933152
vn 0.021207 0.450582 0.892483
vn 0.206164 0.231673 0.950697
vn 0.214229 0.319981 0.922886
vn 0.406573 0.197002 0.892126
vn 0.493113 0.131237 0.860010
vn 0.430406 0.092708 0.897862
vn 0.585583 -0.011930 0.810525
vn 0.622593 0.104900 0.775483
vn 0.695189 -0.099405 0.711920
vn 0.775984 -0.023867 0.630301
vn 0.776614 -0.085401 0.624162
vn 0.657013 0.036482 0.752996
vn 0.536978 0.085526 0.839250
vn 0.568862 0.081979 0.818337
vn 0.649077 -0.059453 0.758396
vn 0.774060 -0.175806 0.608213
vn 0.764307 -0.211044 0.609340
vn 0.839022 -0.166595 0.517965
vn 0.855194 -0.203733 0.476588
vn 0.509826 -0.320479 0.798355
vn 0.501880 -0.215496 0.837662
vn 0.398432 -0.508501 0.763334
vn 0.314456 -0.581721 0.750145
vn 0.401273 -0.418874 0.814570
vn 0.275848 -0.743588 0.609086
vn 0.478592 -0.094847 0.872900
vn 0.183880 -0.803836 0.565717
vn 0.553347 -0.332729 0.763609
vn 0.240108 -0.483390 0.841833
vn 0.400446 0.034907 0.915655
vn 0.382228 -0.263362 0.885744
vn 0.305171 -0.595719 0.742960
vn 0.225922 -0.019472 0.973951
vn 0.221063 -0.370846 0.902000
vn 0.000319 -0.320179 0.947357
vn 0.192494 -0.781139 0.593942
vn 0.141243 -0.613048 0.777317
vn 0.251357 0.031039 0.967397
vn 0.458456 -0.157480 0.874653
vn 0.584070 -0.558406 0.589106
vn 0.509496 -0.657273 0.555342
vn 0.631035 -0.746785 0.210017
vn 0.505820 -0.793248 0.338974
vn 0.326041 -0.709098 0.625202
vn 0.295946 -0.262779 0.918348
vn -0.002746 -0.584703 0.811243
vn -0.000249 -0.883486 0.468457
vn -0.530285 -0.747488 0.400074
vn -0.588778 -0.548084 0.594092
vn 0.518313 -0.750706 0.409625
vn -0.171199 -0.025535 0.984906
vn 0.423450 -0.246824 0.871647
vn 0.685342 -0.322111 0.653109
vn 0.671982 0.121974 0.730454
vn -0.222189 -0.765110 0.604350
vn -0.395986 -0.683823 0.612847
vn -0.263321 -0.382549 0.885618
vn -0.244469 0.242191 0.938924
vn -0.241433 0.380264 0.892810
vn -0.254669 0.423607 0.869310
vn -0.271250 0.454748 0.848309
vn -0.408725 0.445961 0.796281
vn -0.409013 0.421993 0.809093
vn -0.262894 0.435290 0.861051
vn -0.098442 0.459820 0.882539
vn -0.095846 0.448099 0.888831
vn -0.089810 0.513552 0.853345
vn -0.254976 0.486494 0.835650
vn -0.208578 0.639802 0.739695
vn -0.078257 0.642488 0.762290
vn -0.000413 0.450196 0.892930
vn -0.000334 0.536933 0.843625
vn 0.089373 0.513669 0.853321
vn 0.095711 0.447850 0.888971
vn -0.000195 0.454679 0.890655
vn 0.098563 0.459635 0.882622
vn -0.102472 0.465213 0.879247
vn -0.125043 0.404392 0.905997
vn -0.000253 0.351543 0.936172
vn -0.000075 0.453992 0.891006
vn -0.121431 0.336122 0.933957
vn -0.000108 0.473820 0.880622
vn -0.163363 -0.018666 0.986389
vn -0.000231 0.226316 0.974054
vn 0.121577 0.336360 0.933853
vn 0.163524 -0.019369 0.986349
vn 0.244704 0.241916 0.938934
vn 0.263331 -0.383033 0.885405
vn 0.332524 0.129313 0.934187
vn 0.276023 -0.471431 0.837594
vn 0.241662 0.380770 0.892532
vn 0.125238 0.404721 0.905823
vn 0.267091 0.428314 0.863255
vn 0.102474 0.465190 0.879259
vn 0.261133 0.454025 0.851863
vn 0.376591 0.453744 0.807648
vn 0.397591 0.446792 0.801435
vn 0.309701 0.433661 0.846182
vn 0.438447 0.476287 0.762178
vn 0.487171 0.190003 0.852387
vn 0.364046 -0.358766 0.859510
vn 0.220637 -0.765892 0.603928
vn 0.204415 -0.698333 0.685963
vn 0.136443 -0.700709 0.700279
vn 0.068390 -0.818953 0.569770
vn 0.349830 -0.576465 0.738449
vn 0.397677 -0.682563 0.613156
vn 0.152487 -0.735049 0.660644
vn 0.282480 -0.555624 0.781976
vn 0.497848 -0.279020 0.821155
vn 0.565926 -0.324965 0.757710
vn 0.319072 -0.589861 0.741793
vn 0.018155 -0.762274 0.647000
vn 0.052287 -0.736512 0.674400
vn 0.194277 -0.211615 0.957849
vn 0.273229 -0.354404 0.894284
vn 0.550230 -0.438872 0.710379
vn 0.450926 -0.011229 0.892491
vn 0.770391 0.071711 0.633526
vn 0.520007 0.344461 0.781626
vn 0.754390 0.278062 0.594624
vn -0.000000 -0.165564 0.986199
vn 0.508441 -0.092023 0.856166
vn 0.666731 0.181842 0.722774
vn 0.000000 0.002409 0.999997
vn -0.194277 -0.211615 0.957849
vn -0.273272 -0.355001 0.894034
vn -0.349277 -0.577425 0.737961
vn -0.268220 -0.435748 0.859175
vn -0.672221 -0.391721 0.628230
vn -0.507780 -0.362413 0.781548
vn -0.524521 -0.163056 0.835638
vn -0.686029 -0.223496 0.692397
vn -0.228182 -0.605390 0.762519
vn -0.255034 -0.270387 0.928358
vn -0.455227 -0.643826 0.615026
vn -0.129089 -0.885443 0.446460
vn -0.281857 -0.887428 0.364732
vn 0.000506 -0.517482 0.855694
vn 0.000034 -0.176312 0.984334
vn -0.220953 -0.065775 0.973064
vn -0.185021 -0.111685 0.976368
vn 0.000000 -0.017133 0.999853
vn 0.255439 -0.271147 0.928025
vn 0.220964 -0.065872 0.973055
vn 0.524483 -0.163424 0.835590
vn 0.507531 -0.363287 0.781303
vn 0.229106 -0.605884 0.761850
vn 0.000883 -0.842668 0.538433
vn 0.130389 -0.885657 0.445657
vn 0.454801 -0.644376 0.614765
vn 0.281826 -0.887551 0.364455
vn 0.564191 -0.706613 0.427068
vn 0.671817 -0.392373 0.628256
vn 0.360324 -0.914803 0.182487
vn 0.434257 -0.102994 0.894881
vn 0.184957 -0.111756 0.976372
vn 0.414328 -0.186603 0.890793
vn 0.206102 -0.281076 0.937293
vn 0.603356 -0.084435 0.792989
vn 0.604318 -0.114044 0.788539
vn 0.686152 -0.223430 0.692296
vn 0.000000 -0.175507 0.984478
vn -0.000000 -0.363063 0.931764
vn 0.262420 -0.266106 0.927536
vn -0.000338 -0.287130 0.957892
vn -0.019042 -0.988893 0.147402
vn -0.117367 -0.985542 0.122195
vn -0.360838 -0.914788 0.181545
vn -0.145550 -0.988775 0.033755
vn -0.009066 -0.999781 0.018847
vn 0.000917 -0.999535 0.030482
vn 0.001293 -0.984891 0.173170
vn -0.006117 -0.990447 0.137760
vn 0.000620 -0.976858 0.213888
vn -0.171690 -0.980709 0.093450
vn -0.372666 -0.924331 0.082050
vn -0.576529 -0.769948 0.273487
vn -0.565001 -0.706053 0.426922
vn -0.627834 -0.766218 0.136873
vn -0.123864 -0.912195 0.390587
vn 0.000334 -0.839908 0.542728
vn 0.020457 -0.988854 0.147475
vn 0.009535 -0.999764 0.019519
vn 0.117527 -0.985398 0.123202
vn 0.145313 -0.988774 0.034772
vn 0.006937 -0.990435 0.137805
vn 0.170781 -0.980834 0.093797
vn 0.371650 -0.924636 0.083215
vn 0.575899 -0.769869 0.275032
vn 0.123663 -0.912072 0.390937
vn -0.708595 -0.524474 0.472037
vn -0.774404 -0.326774 0.541773
vn -0.682251 -0.176611 0.709466
vn -0.757981 -0.548923 0.352346
vn -0.833473 -0.403176 0.377851
vn -0.801884 -0.571205 0.175233
vn 0.380134 0.181594 0.906930
vn 0.453802 0.097425 0.885761
vn 0.115157 -0.179714 0.976955
vn -0.162131 -0.344939 0.924517
vn -0.033093 -0.860684 0.508062
vn 0.488764 -0.568136 0.662066
vn 0.123971 -0.576492 0.807644
vn 0.440959 -0.011088 0.897459
vn 0.636151 0.220758 0.739309
vn 0.654516 0.069414 0.752855
vn 0.619449 0.016842 0.784856
vn 0.485068 0.021243 0.874219
vn 0.478704 -0.061548 0.875817
vn 0.612194 -0.070579 0.787551
vn 0.682367 -0.176949 0.709270
vn 0.600806 -0.182066 0.778386
vn 0.391164 -0.279521 0.876846
vn 0.741383 -0.253426 0.621390
vn 0.652261 -0.286065 0.701942
vn 0.774351 -0.254697 0.579232
vn 0.774538 -0.326630 0.541667
vn 0.708275 -0.524610 0.472368
vn 0.655665 -0.004296 0.755039
vn 0.646771 0.183864 0.740190
vn 0.607487 0.253592 0.752762
vn 0.653965 0.119529 0.747022
vn 0.528310 0.053934 0.847337
vn 0.493114 -0.153294 0.856352
vn 0.479497 0.334919 0.811118
vn 0.557126 -0.334489 0.760084
vn 0.273915 -0.816267 0.508605
vn 0.316726 -0.696148 0.644253
vn 0.484045 -0.083225 0.871076
vn -0.085321 -0.686110 0.722477
vn 0.723468 0.310499 0.616592
vn 0.799734 -0.087991 0.593871
vn 0.659199 -0.620968 0.424094
vn 0.702238 0.345549 0.622462
vn 0.689798 0.358070 0.629257
vn 0.694799 0.385810 0.606963
vn 0.619553 0.371229 0.691624
vn 0.541745 0.469992 0.696864
vn 0.512091 0.281558 0.811473
vn 0.381347 0.474144 0.793575
vn 0.456036 0.236027 0.858093
vn 0.349821 0.415149 0.839807
vn 0.470675 0.548213 0.691323
vn 0.278289 0.460611 0.842848
vn 0.750447 0.385229 0.537055
vn 0.276121 0.354593 0.893320
vn 0.253814 0.393558 0.883567
vn 0.173923 0.272281 0.946369
vn 0.188870 0.486101 0.853249
vn 0.337096 0.216714 0.916188
vn 0.278728 0.480306 0.831635
vn 0.324474 0.309377 0.893869
vn 0.228399 0.290572 0.929194
vn 0.446167 -0.063228 0.892714
vn 0.158046 0.435709 0.886103
vn 0.421924 0.372256 0.826684
vn 0.459178 0.268861 0.846681
vn 0.457952 0.358194 0.813620
vn 0.488920 0.335606 0.805187
vn 0.443745 0.168737 0.880124
vn 0.504445 0.171183 0.846305
vn 0.514350 0.281833 0.809947
vn 0.473624 0.375988 0.796438
vn 0.308798 -0.253009 0.916859
vn 0.400717 -0.263126 0.877605
vn 0.553614 -0.256734 0.792211
vn 0.757650 0.089489 0.646497
vn 0.771650 -0.187593 0.607754
vn 0.613017 0.275224 0.740582
vn 0.512906 0.263837 0.816895
vn 0.646956 0.022736 0.762189
vn 0.764575 0.080371 0.639504
vn 0.559962 0.031205 0.827930
vn 0.060887 0.352762 0.933730
vn 0.072526 0.308169 0.948563
vn -0.001546 0.309637 0.950854
vn 0.001077 0.364122 0.931351
vn 0.056036 0.274727 0.959888
vn -0.002545 0.273237 0.961943
vn 0.000476 0.242934 0.970043
vn 0.086367 0.244209 0.965869
vn -0.062351 0.275878 0.959168
vn -0.076431 0.310633 0.947452
vn -0.084639 0.243895 0.966101
vn -0.121075 0.274948 0.953805
vn 0.118467 0.273364 0.954588
vn 0.110122 0.291834 0.950108
vn -0.119478 0.297178 0.947318
vn -0.050508 0.328052 0.943308
vn -0.044759 0.365873 0.929588
vn -0.100241 0.336198 0.936441
vn 0.029385 0.381256 0.924002
vn 0.024906 0.393088 0.919163
vn -0.040164 0.385056 0.922019
vn 0.030811 0.350968 0.935880
vn -0.078403 0.373212 0.924427
vn -0.062024 0.281856 0.957450
vn -0.061142 0.355339 0.932736
vn 0.079621 0.368721 0.926124
vn 0.058789 0.392591 0.917832
vn 0.076032 0.395803 0.915183
vn 0.058858 0.429337 0.901224
vn 0.083484 0.423518 0.902033
vn 0.098481 0.448508 0.888337
vn 0.068433 0.459378 0.885601
vn 0.123728 0.469191 0.874386
vn 0.083747 0.484887 0.870558
vn 0.105610 0.453330 0.885064
vn 0.075632 0.438858 0.895368
vn 0.056217 0.420215 0.905682
vn 0.042251 0.440505 0.896755
vn 0.015061 0.431580 0.901949
vn 0.144454 0.467407 0.872160
vn 0.077584 0.450321 0.889490
vn 0.182345 0.487857 0.853666
vn 0.114548 0.469621 0.875406
vn -0.029604 0.431010 0.901861
vn -0.048886 0.425818 0.903487
vn -0.005301 0.436765 0.899560
vn -0.003658 0.418789 0.908076
vn -0.026974 0.402182 0.915162
vn -0.063697 0.416797 0.906765
vn -0.082042 0.403359 0.911356
vn -0.111782 0.415468 0.902713
vn -0.123245 0.405117 0.905920
vn -0.103390 0.422004 0.900679
vn 0.035556 0.399296 0.916132
vn -0.024518 0.386838 0.921822
vn 0.041331 0.379369 0.924322
vn -0.080432 0.389655 0.917442
vn 0.044339 0.359054 0.932263
vn 0.098409 0.331166 0.938427
vn 0.002616 0.495987 0.868326
vn -0.099635 0.505487 0.857062
vn -0.078178 0.484563 0.871256
vn -0.153963 0.485826 0.860389
vn -0.118468 0.468172 0.875660
vn -0.188913 0.504174 0.842687
vn -0.180854 0.485318 0.855429
vn -0.141376 0.465120 0.873886
vn -0.199913 0.518997 0.831070
vn -0.206965 0.527277 0.824102
vn -0.113577 0.465902 0.877517
vn -0.076250 0.447642 0.890956
vn -0.102029 0.451805 0.886263
vn -0.040836 0.438475 0.897815
vn -0.062080 0.459527 0.885992
vn -0.092829 0.448745 0.888825
vn -0.053170 0.430050 0.901238
vn -0.078247 0.424749 0.901923
vn -0.071839 0.438771 0.895723
vn -0.013306 0.431068 0.902221
vn -0.052853 0.421712 0.905188
vn 0.005637 0.420041 0.907487
vn 0.003097 0.469532 0.882910
vn 0.002806 0.438646 0.898655
vn -0.055079 0.394124 0.917406
vn -0.072603 0.398996 0.914074
vn 0.002214 0.403327 0.915053
vn 0.196227 0.229214 -0.953392
vn 0.201375 0.249017 -0.947332
vn -0.084947 -0.046584 -0.995296
vn -0.033270 -0.028950 -0.999027
vn -0.105260 -0.036007 -0.993793
vn 0.463484 0.401179 -0.790087
vn 0.569102 0.499200 -0.653393
vn 0.324472 0.319758 -0.890209
vn 0.404414 0.445661 -0.798646
vn 0.264158 0.346815 -0.899967
vn 0.334197 0.477464 -0.812614
vn 0.156944 0.164265 -0.973851
vn 0.067469 0.168098 -0.983459
vn 0.186345 0.370183 -0.910077
vn -0.008105 0.170860 -0.985262
vn 0.102035 0.371702 -0.922728
vn 0.742337 0.512285 -0.431856
vn 0.814380 0.532121 -0.231589
vn 0.988816 -0.128372 0.075918
vn 0.992038 -0.111168 0.059183
vn 0.886474 0.460152 0.049234
vn 0.995855 0.090722 0.006550
vn 0.996960 -0.077301 -0.009739
vn 0.995970 -0.089585 -0.004317
vn 0.989523 -0.128794 0.065247
vn 0.990900 -0.126382 0.046321
vn 0.860517 0.487291 0.148520
vn 0.998981 -0.034925 0.028582
vn 0.992382 0.060434 0.107358
vn 0.995429 -0.093207 0.020817
vn 0.998799 -0.047758 0.010967
vn 0.995182 -0.058288 0.078832
vn 0.997102 -0.047450 0.059457
vn 0.992770 0.005403 0.119908
vn 0.991553 0.016025 0.128711
vn 0.976456 0.072705 0.203097
vn 0.970946 0.082882 0.224486
vn 0.945650 0.131307 0.297498
vn 0.940589 0.145376 0.306853
vn 0.961922 0.105866 0.251987
vn 0.947809 0.170468 0.269440
vn 0.968604 0.123041 0.216028
vn 0.921477 0.182512 0.342883
vn 0.926961 0.223189 0.301545
vn 0.922506 0.169172 0.346934
vn 0.951425 0.131243 0.278507
vn 0.957213 0.144922 0.250483
vn 0.982308 0.078418 0.170062
vn 0.993369 0.016323 0.113804
vn 0.987381 0.044539 0.151973
vn 0.998756 -0.023113 0.044179
vn 0.998476 0.042979 0.034619
vn 0.986518 0.088162 0.137875
vn 0.994876 -0.054705 0.085021
vn 0.999163 0.008367 0.040047
vn 0.995702 0.058523 0.071782
vn 0.994294 0.022216 -0.104336
vn 0.994915 0.076491 -0.065531
vn 0.998858 -0.047450 0.005583
vn 0.990538 0.136055 -0.017962
vn 0.999461 0.031719 -0.008495
vn 0.997277 0.073729 -0.001283
vn 0.997640 0.067125 0.014477
vn 0.998313 -0.008090 0.057488
vn 0.999196 0.015570 -0.036939
vn 0.991628 0.083575 0.098432
vn 0.981808 0.054167 0.181984
vn 0.993188 -0.098056 0.062941
vn 0.999757 -0.020891 0.007086
vn 0.975638 0.118760 0.184461
vn 0.963176 0.084359 0.255294
vn 0.972511 0.004868 0.232805
vn 0.999264 0.008485 -0.037400
vn 0.986165 0.019204 0.164652
vn 0.982018 0.108806 0.154279
vn 0.998935 -0.028841 -0.036017
vn 0.981868 -0.029383 -0.187274
vn 0.880848 -0.287172 0.376351
vn 0.823078 0.180757 0.538395
vn 0.828875 0.414444 0.375770
vn 0.629334 0.257638 0.733186
vn 0.391395 0.719763 0.573368
vn 0.152641 0.966777 0.205043
vn 0.505217 0.640128 0.578784
vn 0.073989 0.956468 0.282302
vn 0.898484 0.145885 0.414057
vn 0.991892 -0.018512 -0.125725
vn 0.972295 0.044005 -0.229578
vn 0.970726 0.101042 -0.217901
vn 0.938987 0.121540 -0.321762
vn 0.929036 0.199378 -0.311675
vn 0.877402 0.208808 -0.431932
vn 0.868137 0.290999 -0.402068
vn 0.915011 0.270862 -0.298978
vn 0.966008 0.169695 -0.195019
vn 0.885951 0.360328 -0.291983
vn 0.955095 0.248644 -0.161151
vn 0.975699 0.218197 0.020032
vn 0.940569 0.324148 -0.101287
vn 0.925582 0.377717 -0.025040
vn 0.957791 0.272890 0.090371
vn 0.881703 0.410654 -0.232299
vn 0.863278 0.479900 -0.156358
vn 0.854198 0.362853 -0.372402
vn 0.830492 0.434570 -0.348471
vn 0.781260 0.437358 -0.445366
vn 0.764868 0.508175 -0.395899
vn 0.787139 0.356748 -0.503133
vn 0.784558 0.277263 -0.554611
vn 0.882189 0.117946 -0.455886
vn 0.782196 0.187360 -0.594193
vn 0.781089 0.095112 -0.617134
vn 0.642410 0.135424 -0.754301
vn 0.657967 0.227407 -0.717890
vn 0.495077 0.142037 -0.857161
vn 0.525153 0.238093 -0.817023
vn 0.495506 0.065087 -0.866162
vn 0.647849 0.058143 -0.759547
vn 0.780013 0.012844 -0.625632
vn 0.882024 0.035491 -0.469865
vn 0.941281 0.048461 -0.334128
vn 0.937420 -0.015739 -0.347845
vn 0.673010 0.316785 -0.668360
vn 0.681259 0.408353 -0.607564
vn 0.546815 0.341732 -0.764338
vn 0.554327 0.452883 -0.698297
vn 0.970175 -0.002621 -0.242392
vn 0.988979 -0.042377 -0.141859
vn 0.982078 -0.060332 -0.178557
vn 0.963922 -0.048042 -0.261814
vn 0.995176 0.005528 -0.097947
vn 0.922932 0.280172 -0.264008
vn 0.940277 0.120542 -0.318354
vn 0.674224 0.421097 -0.606712
vn 0.509073 0.733678 -0.450068
vn 0.028874 0.522812 -0.851959
vn 0.966923 -0.049567 -0.250207
vn 0.955135 -0.090535 -0.281994
vn 0.936348 0.006105 -0.351021
vn 0.944973 -0.084923 -0.315932
vn 0.836925 0.148233 -0.526861
vn -0.086224 0.978044 -0.189724
vn -0.258775 0.772599 -0.579764
vn -0.021131 0.994834 -0.099289
vn 0.175347 0.862336 -0.475004
vn 0.848963 0.458420 0.262894
vn 0.929013 0.353228 0.110293
vn 0.858187 -0.064349 0.509289
vn 0.917103 0.080141 0.390511
vn 0.457162 0.531466 -0.713125
vn 0.987719 0.127792 0.089893
vn -0.160098 0.478332 -0.863462
vn -0.012769 0.243594 -0.969793
vn -0.037845 0.229688 -0.972528
vn 0.014916 0.039438 -0.999111
vn 0.076078 0.001333 -0.997101
vn 0.089156 -0.250853 -0.963911
vn 0.152099 -0.270008 -0.950769
vn 0.671282 -0.028041 -0.740671
vn 0.600408 -0.324554 -0.730873
vn 0.185773 -0.515981 -0.836213
vn 0.321116 -0.469545 -0.822443
vn 0.523420 -0.550953 -0.649986
vn 0.406281 0.069523 -0.911099
vn 0.466797 0.264256 -0.843960
vn 0.439412 -0.198863 -0.875997
vn 0.615769 0.223277 -0.755629
vn 0.990095 0.025060 0.138148
vn 0.997438 -0.012359 0.070457
vn 0.959245 0.026679 0.281312
vn 0.925705 0.239238 0.292976
vn 0.935606 0.040586 0.350705
vn 0.955575 0.026150 0.293584
vn 0.972269 0.066122 0.224321
vn 0.984270 0.005511 0.176585
vn 0.957877 0.068984 0.278770
vn 0.962348 -0.027967 0.270377
vn 0.976062 -0.192967 -0.100330
vn 0.867223 -0.444570 -0.224236
vn 0.940258 -0.172726 0.293394
vn 0.839411 -0.524438 -0.142667
vn 0.413852 -0.660027 -0.626970
vn 0.898376 -0.161527 0.408448
vn 0.905010 -0.027290 0.424515
vn 0.680767 -0.063224 0.729766
vn 0.586266 0.055686 0.808203
vn 0.786232 -0.005624 0.617905
vn 0.642425 0.198799 0.740114
vn 0.458072 0.146010 0.876842
vn 0.562673 0.329520 0.758166
vn 0.476267 -0.119884 0.871090
vn 0.720766 0.097736 0.686253
vn 0.752542 -0.105221 0.650084
vn 0.754394 -0.092486 0.649874
vn 0.753223 -0.055816 0.655393
vn 0.805235 -0.018740 0.592659
vn 0.862943 -0.046472 0.503160
vn 0.921837 0.260551 0.286930
vn 0.900419 0.154090 0.406819
vn 0.896424 0.409381 -0.169799
vn 0.981951 0.186612 -0.030796
vn 0.941742 0.015369 0.335985
vn 0.836896 0.024101 0.546831
vn 0.727951 -0.302043 0.615514
vn 0.913636 -0.260766 0.311881
vn 0.771892 -0.158603 0.615652
vn 0.779038 0.069098 0.623158
vn 0.872937 -0.320729 0.367578
vn 0.902663 0.279946 0.326848
vn 0.732786 -0.231041 0.640035
vn 0.741440 0.189036 0.643841
vn 0.590451 0.263512 0.762843
vn 0.584371 0.032601 0.810831
vn 0.572232 -0.226121 0.788302
vn 0.700719 -0.551812 0.452212
vn 0.837179 -0.283473 0.467733
vn 0.680783 -0.623248 0.384833
vn 0.606036 -0.709917 0.358802
vn 0.720415 -0.531088 0.446036
vn 0.702403 -0.635497 0.320584
vn 0.990121 0.028679 0.137250
vn 0.791010 -0.143867 0.594648
vn 0.996957 0.042462 0.065381
vn 0.893626 0.056860 -0.445195
vn 0.927802 -0.263369 -0.264233
vn 0.825866 -0.101645 -0.554629
vn 0.767439 -0.227774 -0.599296
vn 0.969263 0.238356 0.060961
vn -0.027156 -0.030442 -0.999168
vn 0.318709 0.108522 -0.941620
vn 0.314910 0.544105 -0.777677
vn 0.339529 0.104945 -0.934723
vn 0.810846 0.457621 -0.364845
vn 0.690653 0.418487 0.589802
vn 0.785543 0.240589 0.570122
vn 0.869069 0.266395 0.416836
vn 0.893801 0.211738 0.395330
vn 0.855476 0.214856 0.471166
vn 0.884252 0.044079 0.464926
vn 0.895786 -0.003396 0.444473
vn 0.761230 -0.553011 0.338685
vn 0.781641 -0.622390 0.040849
vn 0.902100 -0.087332 0.422597
vn 0.350790 -0.880004 -0.320219
vn 0.396801 -0.913698 0.087775
vn 0.753269 -0.401040 0.521299
vn 0.551370 -0.767406 0.327230
vn 0.492570 -0.869479 -0.037173
vn 0.711067 -0.694989 0.106647
vn 0.392099 -0.853471 -0.343288
vn 0.802191 -0.596257 -0.031109
vn 0.360144 -0.750278 -0.554418
vn 0.782128 -0.604098 -0.152776
vn 0.307921 -0.745740 -0.590811
vn 0.909228 -0.100903 0.403886
vn 0.932675 0.208567 0.294308
vn 0.993347 0.008240 -0.114865
vn 0.832734 0.545913 -0.092377
vn 0.892114 -0.127471 0.433455
vn 0.735994 0.177477 0.653310
vn 0.795966 0.194600 0.573210
vn 0.742777 0.556043 0.372960
vn 0.783853 0.443391 0.434717
vn 0.765021 0.638091 -0.087080
vn 0.733658 0.339121 -0.588849
vn 0.639852 0.138924 -0.755837
vn 0.369874 -0.110994 -0.922428
vn 0.839469 -0.172428 -0.515325
vn 0.782802 0.001766 -0.622268
vn 0.984662 -0.076628 -0.156742
vn 0.988951 0.143733 -0.036299
vn 0.998910 0.046371 0.005409
vn 0.998398 -0.054080 -0.016650
vn 0.566560 -0.387285 0.727337
vn 0.667079 -0.194056 0.719268
vn 0.494119 -0.269119 0.826693
vn 0.376454 -0.466187 0.800595
vn 0.342253 -0.301632 0.889877
vn 0.230343 -0.454664 0.860362
vn 0.254660 -0.298568 0.919786
vn 0.291871 -0.066852 0.954118
vn 0.322696 -0.111647 0.939895
vn 0.298936 0.113339 0.947519
vn 0.307691 0.183760 0.933573
vn 0.299332 0.292717 0.908139
vn 0.310289 0.242764 0.919123
vn 0.401009 0.255220 0.879804
vn 0.375223 0.349575 0.858490
vn 0.383463 0.060296 0.921586
vn 0.443904 -0.100039 0.890473
vn 0.386523 0.087220 0.918146
vn 0.277576 -0.210828 0.937285
vn 0.452838 0.045936 0.890409
vn 0.538724 0.247523 0.805300
vn 0.461170 0.042484 0.886294
vn 0.574679 -0.045618 0.817107
vn 0.771318 -0.100356 0.628488
vn 0.812353 -0.004236 0.583151
vn 0.666623 0.029447 0.744813
vn 0.713672 0.097923 0.693602
vn 0.596225 0.198867 0.777797
vn 0.559594 0.152512 0.814613
vn 0.486996 0.107734 0.866734
vn 0.473813 0.274700 0.836685
vn 0.490470 0.293400 0.820582
vn 0.434483 0.248772 0.865643
vn 0.737956 0.139352 0.660305
vn 0.595665 0.244706 0.765050
vn 0.361844 0.365602 0.857557
vn 0.338089 0.350769 0.873302
vn 0.300907 0.442629 0.844710
vn 0.312097 0.448276 0.837642
vn 0.272132 0.440573 0.855476
vn 0.296143 0.353368 0.887372
vn 0.378301 0.229840 0.896695
vn 0.269770 0.466569 0.842340
vn 0.287570 0.389319 0.875062
vn 0.254089 0.501379 0.827078
vn 0.286586 0.496824 0.819167
vn 0.238285 0.585867 0.774584
vn 0.251916 0.549129 0.796866
vn 0.251785 0.529388 0.810156
vn 0.292750 0.589469 0.752877
vn 0.265957 0.648500 0.713242
vn 0.319266 0.526926 0.787666
vn 0.354345 0.453720 0.817666
vn 0.408389 0.587482 0.698630
vn 0.465848 0.527187 0.710675
vn 0.496587 0.446365 0.744419
vn 0.321151 0.708875 0.627979
vn 0.364528 0.650050 0.666749
vn 0.248912 0.700205 0.669146
vn 0.240566 0.635152 0.733968
vn 0.270762 0.587804 0.762348
vn 0.257185 0.734109 0.628442
vn 0.265318 0.673252 0.690173
vn 0.296668 0.622955 0.723820
vn 0.308117 0.557490 0.770888
vn 0.292527 0.530558 0.795573
vn 0.284419 0.760927 0.583177
vn 0.368843 0.785631 0.496728
vn 0.323024 0.829540 0.455541
vn 0.274751 0.791197 0.546369
vn 0.320576 0.841522 0.434824
vn 0.410962 0.834541 0.366949
vn 0.489636 0.777032 0.395572
vn 0.430339 0.727147 0.534851
vn 0.302351 0.488475 0.818520
vn 0.307287 0.511570 0.802416
vn 0.313524 0.533636 0.785452
vn 0.294058 0.514286 0.805630
vn 0.295731 0.492298 0.818649
vn 0.273692 0.482084 0.832279
vn 0.263838 0.504420 0.822162
vn 0.283633 0.550790 0.784973
vn 0.246365 0.540513 0.804456
vn 0.262546 0.610349 0.747357
vn 0.222502 0.595284 0.772094
vn 0.310570 0.568398 0.761886
vn 0.291234 0.628509 0.721221
vn 0.302948 0.646679 0.700020
vn 0.266141 0.723311 0.637174
vn 0.259002 0.707235 0.657827
vn 0.264151 0.734166 0.625479
vn 0.299203 0.670824 0.678581
vn 0.284302 0.707917 0.646550
vn 0.316670 0.590631 0.742210
vn 0.228858 0.785530 0.574949
vn 0.227796 0.775527 0.588783
vn 0.219924 0.779165 0.586971
vn 0.234469 0.686523 0.688267
vn 0.209038 0.755014 0.621496
vn 0.215059 0.804091 0.554245
vn 0.197961 0.792157 0.577321
vn 0.196337 0.665011 0.720564
vn 0.177836 0.728893 0.661127
vn 0.172496 0.770624 0.613501
vn 0.174116 0.588770 0.789325
vn 0.205760 0.541058 0.815426
vn 0.146845 0.645660 0.749373
vn 0.249032 0.481844 0.840125
vn 0.231772 0.505793 0.830936
vn 0.195844 0.516892 0.833347
vn 0.222932 0.488035 0.843874
vn 0.238577 0.468403 0.850694
vn 0.259560 0.465295 0.846244
vn 0.247637 0.454032 0.855880
vn 0.265246 0.453080 0.851095
vn 0.251930 0.443028 0.860382
vn 0.269095 0.442899 0.855236
vn 0.278072 0.466756 0.839533
vn 0.281304 0.452924 0.846007
vn 0.290703 0.436792 0.851296
vn 0.213623 0.472798 0.854885
vn 0.223811 0.454788 0.862019
vn 0.192216 0.499126 0.844942
vn 0.293919 0.474716 0.829612
vn 0.157478 0.533434 0.831053
vn 0.159223 0.553025 0.817809
vn 0.164191 0.511175 0.843648
vn 0.123233 0.551464 0.825046
vn 0.295927 0.453074 0.840923
vn 0.320666 0.415883 0.851008
vn 0.335952 0.401561 0.851989
vn 0.392323 0.354877 0.848614
vn 0.406282 0.351618 0.843386
vn 0.349228 0.388248 0.852821
vn 0.484913 0.311892 0.817058
vn 0.413023 0.354896 0.838726
vn 0.415706 0.356222 0.836836
vn 0.357378 0.383851 0.851434
vn 0.362262 0.382434 0.850006
vn 0.316736 0.402189 0.859024
vn 0.321799 0.399848 0.858234
vn 0.285143 0.414176 0.864379
vn 0.288657 0.410084 0.865164
vn 0.279251 0.422900 0.862076
vn 0.309299 0.410581 0.857763
vn 0.366697 0.382128 0.848240
vn 0.418354 0.355411 0.835861
vn 0.325155 0.399005 0.857362
vn 0.497257 0.315550 0.808185
vn 0.576812 0.261691 0.773825
vn 0.609042 0.253030 0.751694
vn 0.488606 0.312966 0.814442
vn 0.479454 0.312576 0.820012
vn 0.426437 0.348844 0.834541
vn 0.708847 0.184608 0.680776
vn 0.302934 0.420676 0.855139
vn 0.276409 0.432946 0.857995
vn 0.256166 0.435911 0.862763
vn 0.254524 0.427820 0.867287
vn 0.231621 0.433284 0.870986
vn 0.232128 0.427708 0.873603
vn 0.206695 0.427353 0.880140
vn 0.202029 0.422098 0.883752
vn 0.230588 0.422419 0.876580
vn 0.257191 0.420487 0.870082
vn 0.231898 0.417172 0.878744
vn 0.259091 0.415369 0.871975
vn 0.201961 0.415943 0.886681
vn 0.201864 0.430403 0.879775
vn 0.174686 0.426112 0.887645
vn 0.175890 0.423400 0.888704
vn 0.175773 0.419265 0.890685
vn 0.228466 0.441581 0.867646
vn 0.201743 0.438089 0.876001
vn 0.173773 0.432975 0.884497
vn 0.198912 0.452707 0.869190
vn 0.171113 0.448255 0.877375
vn 0.171643 -0.234134 0.956933
vn 0.186265 0.118588 0.975317
vn 0.068203 -0.612284 0.787691
vn 0.160193 -0.594070 0.788302
vn 0.442256 0.127757 0.887743
vn 0.379787 0.015780 0.924940
vn 0.513149 0.514213 0.687214
vn 0.128249 -0.656671 0.743193
vn 0.360723 -0.614537 0.701586
vn 0.374909 -0.572354 0.729283
vn 0.606816 -0.430169 0.668377
vn 0.619238 -0.386923 0.683253
vn 0.802055 -0.224328 0.553520
vn 0.785964 -0.132112 0.603992
vn 0.923636 0.059566 0.378613
vn 0.853761 0.158280 0.496023
vn 0.920755 -0.045558 0.387472
vn 0.718700 -0.039569 0.694194
vn 0.270065 -0.432766 0.860104
vn -0.332336 0.779517 -0.530948
vn -0.365568 0.803266 -0.470237
vn -0.427468 0.863273 -0.268386
vn -0.361048 0.847937 -0.388132
vn -0.420824 0.886682 -0.191579
vn -0.345542 0.884690 -0.312929
vn -0.388922 0.911909 -0.131004
vn -0.457485 0.887527 -0.054801
vn -0.438520 0.898722 -0.000318
vn -0.416456 0.891811 0.176741
vn -0.399205 0.916065 0.038209
vn -0.385710 0.901378 0.196838
vn -0.370547 0.871552 0.321080
vn -0.357842 0.872060 0.333858
vn -0.441681 0.867275 0.229679
vn -0.410853 0.834559 0.367030
vn -0.323167 0.829329 0.455825
vn -0.368948 0.785109 0.497474
vn -0.320707 0.841449 0.434869
vn -0.532776 0.807400 0.253486
vn -0.489627 0.776706 0.396224
vn -0.450804 0.889367 0.076174
vn -0.548735 0.828600 0.110959
vn -0.432841 0.896953 -0.090132
vn -0.529396 0.846993 -0.048402
vn -0.624537 0.780949 -0.008568
vn -0.635332 0.760819 0.132321
vn -0.579020 0.798017 -0.167048
vn -0.478999 0.851494 -0.213351
vn -0.389424 0.883486 -0.260388
vn -0.271770 0.834228 -0.479796
vn -0.314998 0.847611 -0.427003
vn -0.276082 0.790742 -0.546357
vn -0.285765 0.732264 -0.618165
vn -0.188333 0.740929 -0.644635
vn -0.194413 0.676809 -0.710023
vn -0.090329 0.676128 -0.731226
vn -0.195791 0.782120 -0.591569
vn -0.236546 0.798204 -0.554001
vn -0.310249 0.794536 -0.521975
vn -0.399849 0.836163 -0.375436
vn -0.173560 0.736001 -0.654354
vn -0.242146 0.729137 -0.640097
vn -0.109314 0.640670 -0.759995
vn -0.185250 0.640109 -0.745616
vn -0.328230 0.704814 -0.628890
vn -0.412190 0.769682 -0.487533
vn -0.266100 0.620022 -0.738081
vn -0.506148 0.798855 -0.325030
vn -0.123225 0.721316 -0.681556
vn -0.030132 0.610604 -0.791362
vn -0.068803 0.215959 -0.973975
vn -0.004916 0.189821 -0.981806
vn 0.055486 0.322375 -0.944985
vn 0.049819 0.166635 -0.984759
vn 0.016786 0.015556 -0.999738
vn 0.076029 -0.015004 -0.996993
vn 0.080514 0.155928 -0.984482
vn 0.043380 0.332390 -0.942144
vn -0.007113 0.485458 -0.874231
vn 0.038473 0.460799 -0.886670
vn -0.092340 0.511253 -0.854456
vn -0.013814 0.357522 -0.933803
vn 0.061166 0.158496 -0.985463
vn 0.008306 0.170838 -0.985264
vn -0.101684 0.371639 -0.922792
vn -0.182289 0.515818 -0.837080
vn -0.263351 0.504954 -0.821991
vn -0.185912 0.370240 -0.910143
vn -0.067004 0.168219 -0.983470
vn 0.101596 -0.033510 -0.994261
vn 0.091757 -0.043999 -0.994809
vn -0.056417 0.053708 -0.996962
vn -0.129775 0.095975 -0.986888
vn -0.134982 0.303518 -0.943216
vn -0.318689 0.319340 -0.892446
vn -0.343136 0.239757 -0.908171
vn -0.149854 0.231715 -0.961172
vn 0.011752 0.127210 -0.991806
vn -0.165023 0.129159 -0.977796
vn -0.371291 0.135332 -0.918601
vn -0.497829 0.336700 -0.799249
vn -0.536704 0.253867 -0.804674
vn -0.651978 0.358375 -0.668200
vn -0.768887 0.374791 -0.518019
vn -0.858315 0.366457 -0.359171
vn -0.574381 0.144366 -0.805757
vn -0.399293 -0.011735 -0.916748
vn -0.596939 -0.012032 -0.802196
vn -0.410123 -0.194096 -0.891137
vn -0.588011 -0.198379 -0.784149
vn -0.415095 -0.378382 -0.827359
vn -0.582723 -0.356692 -0.730208
vn -0.723027 -0.211850 -0.657534
vn -0.698366 -0.356815 -0.620458
vn -0.189389 -0.018945 -0.981719
vn -0.217463 -0.199891 -0.955381
vn -0.010370 -0.029832 -0.999501
vn 0.089095 0.128731 -0.987669
vn -0.000000 -0.013686 -0.999906
vn 0.076541 -0.043743 -0.996106
vn 0.000354 -0.224802 -0.974404
vn 0.037090 -0.242817 -0.969363
vn 0.000644 -0.408356 -0.912822
vn 0.009186 -0.418431 -0.908202
vn 0.000997 -0.507233 -0.861808
vn 0.039962 -0.498487 -0.865976
vn 0.001662 -0.478335 -0.878176
vn 0.061071 -0.456824 -0.887458
vn -0.037657 -0.499253 -0.865638
vn -0.058619 -0.456917 -0.887576
vn -0.008014 -0.418824 -0.908032
vn 0.121670 -0.482385 -0.867469
vn -0.053338 -0.216440 -0.974838
vn -0.092717 -0.397254 -0.913013
vn -0.442960 0.394479 -0.805092
vn -0.402975 0.437631 -0.803797
vn -0.554965 0.485820 -0.675272
vn -0.475363 0.530229 -0.702059
vn -0.675644 0.564127 -0.474622
vn -0.597604 0.598329 -0.533733
vn -0.721946 0.515528 -0.461547
vn -0.809745 0.528517 -0.254919
vn -0.757825 0.581111 -0.296666
vn -0.802065 0.572284 -0.170830
vn -0.835387 0.530802 -0.142751
vn -0.849177 0.525791 -0.049419
vn -0.841870 0.515414 -0.160008
vn -0.827774 0.557674 -0.061562
vn -0.700486 0.626634 -0.341539
vn -0.760562 0.617588 -0.200325
vn -0.418185 0.569391 -0.707754
vn -0.346211 0.481137 -0.805385
vn -0.514371 0.635585 -0.575720
vn -0.422512 0.671350 -0.608911
vn -0.342834 0.591012 -0.730184
vn -0.524057 0.726260 -0.444871
vn -0.613362 0.738960 -0.278792
vn -0.672612 0.728778 -0.128360
vn -0.744618 0.659986 -0.099814
vn -0.764790 0.643565 0.030346
vn -0.704281 0.709707 0.017422
vn -0.699879 0.673888 -0.236739
vn -0.622807 0.675893 -0.394055
vn -0.263974 0.346766 -0.900039
vn -0.994916 -0.055114 0.084289
vn -0.999195 0.007556 0.039390
vn -0.995768 0.057818 0.071441
vn -0.990632 0.135295 -0.018549
vn -0.994887 0.075987 -0.066523
vn -0.966305 0.167598 -0.195359
vn -0.929972 0.195970 -0.311044
vn -0.916275 0.267178 -0.298422
vn -0.869087 0.288437 -0.401861
vn -0.854443 0.361835 -0.372830
vn -0.878496 0.206453 -0.430838
vn -0.939526 0.119675 -0.320887
vn -0.786660 0.356508 -0.504051
vn -0.784665 0.276221 -0.554980
vn -0.672148 0.316899 -0.669172
vn -0.657774 0.226464 -0.718364
vn -0.782469 0.185368 -0.594458
vn -0.516185 0.153975 -0.842523
vn -0.643125 0.132476 -0.754215
vn -0.524334 0.238277 -0.817495
vn -0.631415 0.047783 -0.773972
vn -0.779624 0.007383 -0.626204
vn -0.780839 0.092571 -0.617836
vn -0.476635 0.069964 -0.876313
vn -0.406633 0.248827 -0.879054
vn -0.368326 0.138627 -0.919303
vn -0.546261 0.341526 -0.764826
vn -0.395543 0.370986 -0.840187
vn -0.680503 0.408403 -0.608377
vn -0.553991 0.452332 -0.698921
vn -0.679590 0.503796 -0.533242
vn -0.554946 0.557332 -0.617588
vn -0.426199 0.496791 -0.756011
vn -0.407080 0.603325 -0.685774
vn -0.780175 0.438640 -0.446007
vn -0.821146 0.450512 -0.350369
vn -0.759742 0.512504 -0.400164
vn -0.670591 0.583886 -0.457586
vn -0.892673 0.353994 -0.278968
vn -0.960235 0.233461 -0.153117
vn -0.939001 0.323383 -0.117051
vn -0.872697 0.427400 -0.236072
vn -0.975779 0.217816 0.020275
vn -0.863392 0.480424 -0.154101
vn -0.925640 0.377638 -0.024072
vn -0.809363 0.493430 -0.318525
vn -0.746205 0.557819 -0.363340
vn -0.715651 0.623305 -0.315174
vn -0.788677 0.560550 -0.252530
vn -0.885766 0.462615 0.037499
vn -0.831274 0.550418 -0.077611
vn -0.729695 0.677462 -0.092680
vn -0.773942 0.609203 -0.172871
vn -0.779144 0.626827 -0.004723
vn -0.812349 0.575602 0.093663
vn -0.957789 0.272800 0.090662
vn -0.964179 0.192058 0.182954
vn -0.986303 0.120118 0.113039
vn -0.993412 0.015936 0.113481
vn -0.800304 -0.491784 -0.343019
vn -0.862022 -0.410468 -0.297380
vn -0.856342 -0.397208 -0.330006
vn -0.839460 -0.385793 -0.382715
vn -0.806147 -0.384412 -0.449839
vn -0.775209 -0.361075 -0.518339
vn -0.824475 -0.358929 -0.437505
vn -0.749426 -0.392621 -0.533113
vn -0.664257 -0.408351 -0.626109
vn -0.857933 -0.348417 -0.377566
vn -0.681569 -0.380379 -0.625120
vn -0.565492 -0.407391 -0.717113
vn -0.548592 -0.429289 -0.717466
vn -0.422726 -0.448475 -0.787510
vn -0.420092 -0.426320 -0.801108
vn -0.590420 -0.336885 -0.733426
vn -0.612524 -0.248665 -0.750320
vn -0.424727 -0.341499 -0.838442
vn -0.448835 -0.228733 -0.863845
vn -0.262475 -0.466161 -0.844867
vn -0.234254 -0.381923 -0.894013
vn -0.146355 -0.444703 -0.883640
vn -0.120352 -0.483448 -0.867060
vn -0.273870 -0.422610 -0.863942
vn -0.618117 0.018041 0.785879
vn -0.768259 0.148535 0.622668
vn -0.698779 0.246257 0.671614
vn -0.594814 0.351991 0.722702
vn -0.575189 0.288877 0.765316
vn -0.481648 0.392061 0.783775
vn -0.487628 0.441024 0.753470
vn -0.382403 0.506614 0.772729
vn -0.389577 0.523790 0.757544
vn -0.404786 0.573279 0.712390
vn -0.446456 0.054290 0.893157
vn -0.513729 0.065422 0.855454
vn -0.679096 0.281724 0.677835
vn -0.671798 0.193226 0.715088
vn -0.788165 0.353745 0.503647
vn -0.834176 0.408533 0.370475
vn -0.788678 0.399777 0.467082
vn -0.824957 0.459453 0.329165
vn -0.672916 0.372555 0.639052
vn -0.762845 0.455037 0.459357
vn -0.530137 0.358427 0.768430
vn -0.648161 0.444382 0.618395
vn -0.542224 0.246981 0.803115
vn -0.388416 0.059807 0.919541
vn -0.407243 0.254715 0.877082
vn -0.734273 0.507017 0.451416
vn -0.785576 0.549639 0.284197
vn -0.815330 0.502955 0.286834
vn -0.609241 0.514688 0.603259
vn -0.693430 0.568429 0.442768
vn -0.466993 0.526911 0.710129
vn -0.554257 0.589827 0.587285
vn -0.498383 0.447992 0.742238
vn -0.634820 0.641016 0.431395
vn -0.854167 0.516437 0.060754
vn -0.848345 0.503312 0.164278
vn -0.839262 0.541948 0.043944
vn -0.836936 0.527790 0.144833
vn -0.806231 0.573755 0.144209
vn -0.807957 0.588027 0.037818
vn -0.793657 0.603217 -0.078984
vn -0.763743 0.629659 0.142216
vn -0.706180 0.694091 0.139814
vn -0.743632 0.607705 0.278760
vn -0.684752 0.676175 0.271849
vn -0.614190 0.743408 0.264793
vn -0.564845 0.712401 0.416455
vn -0.492023 0.661797 0.565631
vn -0.430574 0.725747 0.536561
vn -0.410838 0.586044 0.698402
vn -0.366288 0.648628 0.667170
vn -0.321791 0.708058 0.628574
vn -0.266528 0.648645 0.712897
vn -0.378955 0.352484 0.855657
vn -0.163698 0.571754 0.803928
vn -0.139218 0.593130 0.792979
vn -0.196712 0.556755 0.807049
vn -0.178715 0.562912 0.806964
vn -0.066442 0.591352 0.803672
vn -0.130766 0.553576 0.822468
vn -0.050617 0.539759 0.840297
vn 0.029064 0.570968 0.820458
vn 0.041597 0.506355 0.861321
vn -0.049499 0.478296 0.876803
vn 0.043404 0.456188 0.888824
vn -0.023010 0.446610 0.894433
vn 0.065703 0.437385 0.896871
vn 0.005335 0.433889 0.900950
vn 0.079097 0.427083 0.900746
vn 0.130045 0.441510 0.887782
vn 0.135048 0.428088 0.893590
vn 0.139242 0.423223 0.895262
vn 0.091603 0.423411 0.901295
vn 0.120460 0.470665 0.874050
vn 0.029945 0.428537 0.903028
vn 0.049221 0.424832 0.903933
vn 0.101830 0.421240 0.901214
vn -0.135761 0.504013 0.852959
vn 0.100146 0.528120 0.843244
vn 0.084392 0.566972 0.819403
vn 0.136764 0.519533 0.843434
vn 0.161992 0.476395 0.864180
vn 0.188412 0.476273 0.858874
vn 0.129449 0.555625 0.821294
vn 0.135390 0.507270 0.851085
vn 0.048953 0.482463 0.874548
vn 0.023042 0.450667 0.892395
vn -0.042360 0.510159 0.859036
vn -0.043534 0.461202 0.886227
vn 0.049118 0.542423 0.838668
vn -0.099658 0.530950 0.841523
vn -0.120285 0.474979 0.871738
vn -0.130493 0.445143 0.885900
vn -0.066125 0.441343 0.894899
vn -0.079486 0.430087 0.899281
vn -0.135918 0.431013 0.892051
vn -0.092259 0.425865 0.900071
vn -0.140622 0.425199 0.894109
vn -0.144709 0.421561 0.895179
vn -0.176061 0.423730 0.888513
vn -0.161286 0.479638 0.862516
vn -0.187556 0.478358 0.857902
vn -0.212798 0.474018 0.854414
vn 0.258898 0.635585 0.727326
vn 0.394353 0.538823 0.744416
vn 0.254058 0.720025 0.645770
vn 0.356291 0.618886 0.700026
vn 0.191176 0.774668 0.602778
vn 0.265397 0.709651 0.652656
vn 0.207058 0.780154 0.590327
vn 0.267521 0.688447 0.674146
vn 0.233720 0.766648 0.598018
vn 0.305494 0.631370 0.712773
vn 0.285182 0.655250 0.699513
vn 0.244922 0.740626 0.625688
vn 0.380337 0.507523 0.773152
vn 0.377839 0.543377 0.749653
vn 0.467307 0.421076 0.777379
vn 0.547927 0.297119 0.781982
vn 0.478633 0.394125 0.784587
vn 0.575847 0.291015 0.764010
vn 0.387784 0.524570 0.757925
vn 0.215759 0.797593 0.563288
vn 0.403730 0.573670 0.712674
vn 0.499920 0.520540 0.692183
vn 0.484607 0.443671 0.753865
vn 0.394122 0.634665 0.664732
vn 0.492609 0.606971 0.623636
vn 0.591850 0.356502 0.722925
vn 0.611552 0.443811 0.655009
vn 0.702096 0.246818 0.667939
vn 0.673646 0.173848 0.718316
vn 0.715230 0.335403 0.613149
vn 0.162471 0.728363 0.665650
vn 0.162833 0.655244 0.737659
vn 0.136076 0.699205 0.701852
vn 0.618327 0.158077 0.769860
vn 0.914313 -0.265646 0.305717
vn 0.893684 -0.267877 0.359959
vn 0.863524 -0.248317 0.438937
vn 0.823206 -0.247056 0.511170
vn 0.860180 -0.288906 0.420266
vn 0.773157 -0.167512 0.611693
vn 0.686052 -0.129834 0.715874
vn 0.843277 -0.140426 0.518810
vn 0.924699 -0.085149 0.371054
vn 0.956584 -0.005649 0.291404
vn 0.925372 0.080600 0.370392
vn 0.861963 0.120553 0.492429
vn 0.908130 0.012761 0.418495
vn 0.963313 0.104558 0.247177
vn 0.961177 0.151020 0.230937
vn 0.963026 0.155992 0.219654
vn 0.954160 0.197068 0.225261
vn 0.868639 0.296064 0.397255
vn 0.812153 0.220538 0.540157
vn 0.753558 0.405463 0.517446
vn 0.623386 0.544859 0.560819
vn 0.630580 0.627158 0.457210
vn 0.767609 0.504542 0.395238
vn 0.659669 0.677530 0.325253
vn 0.778513 0.567625 0.267803
vn 0.864034 0.450082 0.225546
vn 0.877694 0.379992 0.291992
vn 0.851425 0.517116 0.087559
vn 0.882006 0.448871 -0.143457
vn 0.858606 0.366553 -0.358377
vn 0.808845 0.479249 -0.340719
vn 0.774337 0.145717 0.615767
vn -0.309024 0.557364 0.770617
vn -0.313894 0.533611 0.785322
vn -0.317386 0.590384 0.742100
vn -0.310835 0.568219 0.761911
vn -0.291684 0.628158 0.721345
vn -0.303475 0.646333 0.700112
vn -0.300172 0.670447 0.678526
vn -0.297723 0.622612 0.723682
vn -0.266775 0.722438 0.637898
vn -0.285195 0.707567 0.646538
vn -0.265665 0.672870 0.690411
vn -0.271200 0.587843 0.762162
vn -0.240574 0.635156 0.733963
vn -0.238306 0.586371 0.774196
vn -0.249529 0.700009 0.669121
vn -0.255372 0.722387 0.642606
vn -0.277499 0.788014 0.549571
vn -0.284514 0.760484 0.583709
vn -0.272451 0.750228 0.602436
vn -0.298799 0.796785 0.525217
vn -0.228763 0.784944 0.575786
vn -0.259372 0.706767 0.658184
vn -0.222541 0.145109 0.964064
vn -0.453802 -0.148069 0.878714
vn 0.828072 -0.275932 0.488014
vn 0.799084 -0.265802 0.539272
vn -0.000320 -0.816133 0.577864
vn 0.001044 -0.614716 0.788748
vn 0.046941 0.276501 0.959866
vn -0.032943 0.304950 0.951798
vn 0.048927 0.321202 0.945746
vn -0.030804 0.344017 0.938458
vn -0.085704 0.361130 0.928569
vn -0.029627 0.373969 0.926968
vn -0.085290 0.380690 0.920761
vn -0.106800 0.377453 0.919850
vn -0.117763 0.387692 0.914235
vn -0.145375 0.398521 0.905565
vn -0.132271 0.402094 0.905994
vn -0.119424 0.359774 0.925365
vn -0.099615 0.334553 0.937097
vn -0.172036 0.417932 0.892041
vn -0.169395 0.394662 0.903076
vn -0.216479 0.416493 0.882990
vn -0.218182 0.349178 0.911302
vn -0.208009 0.414928 0.885758
vn -0.083890 0.325324 0.941874
vn -0.173968 0.403542 0.898270
vn -0.119849 0.392599 0.911868
vn -0.149614 0.397326 0.905399
vn -0.174744 0.401825 0.898889
vn -0.152414 0.406909 0.900664
vn -0.175203 0.411243 0.894529
vn -0.261243 0.389888 0.883028
vn -0.331408 0.393238 0.857632
vn -0.381037 0.366659 0.848747
vn -0.287244 0.405050 0.868001
vn -0.258378 0.406970 0.876137
vn -0.325326 0.391837 0.860597
vn -0.285913 0.399557 0.870981
vn -0.325863 0.395069 0.858914
vn -0.288626 0.402015 0.868953
vn -0.250383 0.377224 0.891633
vn -0.240893 0.412642 0.878463
vn -0.232585 0.405598 0.883965
vn -0.202605 0.401651 0.893100
vn -0.230440 0.401365 0.886455
vn -0.257100 0.402669 0.878497
vn -0.255362 0.401513 0.879533
vn -0.232356 0.408655 0.882616
vn -0.259437 0.409595 0.874600
vn -0.202893 0.405389 0.891344
vn -0.033102 0.403075 0.914568
vn 0.027734 0.406077 0.913418
vn 0.063331 0.418091 0.906195
vn 0.080706 0.406906 0.909898
vn 0.113141 0.416350 0.902137
vn 0.119699 0.407068 0.905521
vn 0.150856 0.417314 0.896154
vn 0.143067 0.420912 0.895748
vn 0.147231 0.410361 0.899959
vn 0.148386 0.401052 0.903958
vn 0.118690 0.397304 0.909979
vn 0.173456 0.413168 0.893983
vn 0.201436 0.407239 0.890831
vn 0.173535 0.404653 0.897854
vn 0.144792 0.403417 0.903488
vn 0.117700 0.393814 0.911623
vn 0.107872 0.382859 0.917487
vn 0.085081 0.387640 0.917876
vn 0.086505 0.367234 0.926097
vn 0.079930 0.395653 0.914915
vn 0.132840 0.406618 0.903889
vn 0.134709 0.391119 -0.910428
vn 0.153524 0.328137 -0.932071
vn 0.171413 0.253369 -0.952062
vn 0.192452 0.259162 -0.946466
vn 0.135452 0.334534 -0.932598
vn 0.254660 0.177629 -0.950577
vn 0.045545 0.048594 -0.997780
vn -0.027049 0.011183 -0.999572
vn 0.120380 0.091022 -0.988546
vn 0.172155 0.143448 -0.974569
vn 0.230390 0.158498 -0.960104
vn 0.121671 0.254879 -0.959288
vn 0.100124 0.343810 -0.933686
vn 0.069140 0.217213 -0.973673
vn 0.005653 0.190489 -0.981673
vn -0.049347 0.167055 -0.984712
vn -0.017680 0.326212 -0.945131
vn -0.055081 0.322768 -0.944874
vn 0.045636 0.339472 -0.939509
vn 0.121456 0.409658 -0.904118
vn 0.087599 0.424946 -0.900970
vn 0.045594 0.448390 -0.892674
vn -0.006255 0.450349 -0.892831
vn -0.038549 0.460987 -0.886569
vn 0.007149 0.485588 -0.874159
vn -0.043475 0.332799 -0.941995
vn 0.092306 0.511632 -0.854232
vn 0.013675 0.357945 -0.933642
vn -0.080496 0.156215 -0.984438
vn -0.061242 0.158363 -0.985480
vn 0.182461 0.516252 -0.836775
vn -0.082874 -0.018511 -0.996388
vn 0.109334 0.640850 -0.759840
vn 0.185355 0.640188 -0.745522
vn 0.030216 0.610707 -0.791280
vn 0.012085 0.570685 -0.821080
vn 0.242195 0.729063 -0.640163
vn 0.266058 0.620102 -0.738029
vn 0.328230 0.704814 -0.628890
vn 0.412190 0.769682 -0.487533
vn 0.061182 0.538631 -0.840317
vn 0.111064 0.617592 -0.778618
vn 0.150599 0.564947 -0.811268
vn 0.106106 0.503791 -0.857284
vn 0.134318 0.470947 -0.871876
vn 0.948442 0.102584 0.299891
vn 0.765860 -0.632361 -0.116521
vn 0.872444 -0.372028 0.316918
vn 0.891607 0.172001 0.418870
vn 0.968095 -0.179144 -0.175214
vn 0.990150 0.139814 -0.007434
vn 0.810311 -0.314807 -0.494260
vn 0.958624 -0.054596 -0.279391
vn 0.899693 -0.004861 -0.436495
vn 0.774676 0.044406 -0.630797
vn 0.876784 -0.112889 -0.467446
vn 0.750878 -0.124907 -0.648522
vn 0.860777 -0.246485 -0.445319
vn 0.759630 -0.326306 -0.562572
vn 0.565368 -0.428269 -0.704943
vn 0.474532 -0.611227 -0.633420
vn 0.673765 -0.525148 -0.519865
vn 0.265772 -0.641110 -0.719960
vn 0.644971 -0.648730 -0.403932
vn 0.800231 -0.492308 -0.342437
vn 0.862266 -0.410906 -0.296063
vn 0.818648 -0.429695 -0.381022
vn 0.850675 -0.356222 -0.386599
vn 0.838324 -0.386631 -0.384356
vn 0.845469 -0.334173 -0.416547
vn 0.856214 -0.397711 -0.329733
vn 0.866836 -0.233783 -0.440387
vn 0.893708 -0.128920 -0.429728
vn 0.923007 -0.071990 -0.377988
vn 0.847402 -0.249930 -0.468449
vn 0.881906 -0.169755 -0.439802
vn 0.817275 -0.336280 -0.467950
vn 0.763544 -0.358299 -0.537236
vn 0.798084 -0.285286 -0.530730
vn 0.678990 -0.387555 -0.623517
vn 0.709910 -0.321331 -0.626717
vn 0.663754 -0.409387 -0.625965
vn 0.564339 -0.428441 -0.705663
vn 0.563257 -0.412428 -0.715992
vn 0.747718 -0.393693 -0.534719
vn 0.804184 -0.385454 -0.452453
vn 0.774584 -0.359691 -0.520233
vn 0.823240 -0.358930 -0.439824
vn 0.857039 -0.348986 -0.379070
vn 0.698542 -0.354647 -0.621502
vn 0.570123 -0.366511 -0.735275
vn 0.722861 -0.210041 -0.658297
vn 0.588823 -0.196595 -0.783988
vn 0.803909 -0.229730 -0.548594
vn 0.437363 -0.420430 -0.794954
vn 0.420569 -0.345856 -0.838752
vn 0.585278 -0.344705 -0.733913
vn 0.606246 -0.253529 -0.753783
vn 0.742365 -0.241094 -0.625115
vn 0.765690 -0.159811 -0.623041
vn 0.608304 -0.141414 -0.781005
vn 0.834347 -0.211415 -0.509087
vn 0.860263 -0.153829 -0.486091
vn 0.442418 -0.231640 -0.866377
vn 0.290309 -0.245473 -0.924913
vn 0.268924 -0.341306 -0.900661
vn 0.280627 -0.429487 -0.858365
vn 0.418414 -0.448516 -0.789787
vn 0.250593 -0.466174 -0.848460
vn 0.146928 -0.444881 -0.883455
vn 0.909342 -0.128157 -0.395818
vn 0.924025 -0.112562 -0.365386
vn 0.931519 -0.074723 -0.355935
vn 0.879585 -0.035438 -0.474421
vn 0.777248 -0.075505 -0.624648
vn 0.873908 -0.101964 -0.475277
vn 0.933098 0.264167 0.244018
vn 0.937773 0.250007 0.240994
vn 0.896837 0.272354 0.348578
vn 0.892550 0.337363 0.299232
vn 0.835074 0.326076 0.443087
vn 0.803318 0.402264 0.439162
vn 0.848043 0.274529 0.453274
vn 0.730557 0.354836 0.583419
vn 0.697406 0.381092 0.606955
vn 0.896175 0.222150 0.384083
vn 0.848720 0.269271 0.455156
vn 0.897448 0.204506 0.390850
vn 0.845046 0.320986 0.427629
vn 0.902891 0.226536 0.365335
vn 0.738044 0.391197 0.549778
vn 0.721401 0.474897 0.504037
vn 0.553402 0.612017 0.564961
vn 0.579763 0.504219 0.640030
vn 0.691741 0.585286 0.423007
vn 0.828387 0.413214 0.378191
vn 0.899348 0.277694 0.337726
vn 0.541414 0.693002 0.476045
vn 0.397604 0.776464 0.488891
vn 0.510571 0.772705 0.377153
vn 0.366389 0.841838 0.396318
vn 0.664998 0.655269 0.358329
vn 0.401167 0.700773 0.589901
vn 0.417253 0.577132 0.702011
vn 0.395658 0.454749 0.797909
vn 0.553094 0.415570 0.722072
vn 0.525958 0.418729 0.740293
vn 0.409071 0.421891 0.809116
vn 0.245079 0.603466 0.758792
vn 0.241997 0.480342 0.843035
vn 0.229613 0.738937 0.633443
vn 0.926497 0.180640 0.330111
vn 0.928752 0.206625 0.307775
vn 0.883872 0.361761 0.296478
vn 0.930980 0.264491 0.251636
vn 0.921378 0.358906 0.149161
vn 0.856041 0.474330 0.205438
vn 0.964179 0.192058 0.182954
vn 0.885985 0.462244 0.036892
vn 0.812658 0.575210 0.093386
vn 0.766494 0.592601 0.247610
vn 0.790980 0.517421 0.326535
vn 0.630791 0.440464 0.638822
vn 0.758723 0.384536 0.525805
vn 0.581837 0.459541 0.671034
vn 0.888163 0.309356 0.339803
vn 0.755106 0.250153 0.606002
vn 0.620103 0.394267 0.678252
vn 0.615288 0.038555 0.787359
vn 0.479242 0.468185 0.742381
vn 0.506001 0.435308 0.744627
vn 0.886292 -0.336460 -0.318247
vn 0.526572 0.359240 0.770499
vn 0.649323 0.446451 0.615680
vn 0.611514 0.515427 0.600320
vn 0.673470 0.376175 0.636342
vn 0.679901 0.282142 0.676853
vn 0.788650 0.403373 0.464027
vn 0.762721 0.458123 0.456487
vn 0.788318 0.356109 0.501737
vn 0.669367 0.176014 0.721780
vn 0.824503 0.462071 0.326626
vn 0.815115 0.504025 0.285564
vn 0.734940 0.508136 0.449068
vn 0.694409 0.569023 0.440465
vn 0.635351 0.641894 0.429304
vn 0.555781 0.591977 0.583670
vn 0.743812 0.607732 0.278220
vn 0.684818 0.676270 0.271447
vn 0.785757 0.549718 0.283544
vn 0.763770 0.629632 0.142194
vn 0.706168 0.694110 0.139777
vn 0.806278 0.573713 0.144115
vn 0.565034 0.713017 0.415142
vn 0.492343 0.663946 0.562826
vn 0.614124 0.743540 0.264576
vn 0.532761 0.807463 0.253315
vn 0.836924 0.527812 0.144820
vn 0.839340 0.541808 0.044194
vn 0.807960 0.588008 0.038035
vn 0.854180 0.516419 0.060735
vn 0.848087 0.503897 0.163821
vn 0.827778 0.557667 -0.061573
vn 0.793498 0.603398 -0.079192
vn 0.849456 0.525356 -0.049245
vn 0.834224 0.411885 0.366634
vn 0.263347 0.434787 0.861167
vn 0.024145 0.306262 0.951641
vn 0.081723 0.328062 0.941114
vn 0.101586 0.339497 0.935105
vn 0.115371 0.355834 0.927400
vn 0.165144 0.395786 0.903372
vn 0.172683 0.421506 0.890232
vn 0.209911 0.354158 0.911323
vn 0.261431 0.386035 0.884664
vn 0.373278 0.370838 0.850378
vn 0.324071 0.396700 0.858841
vn 0.376272 0.371563 0.848740
vn 0.420335 0.344251 0.839530
vn 0.258880 0.407508 0.875739
vn 0.282304 0.405903 0.869222
vn 0.255483 0.402651 0.878977
vn 0.285676 0.400338 0.870700
vn 0.256764 0.403633 0.878153
vn 0.288393 0.402985 0.868581
vn 0.232557 0.407310 0.883185
vn 0.241476 0.413609 0.877848
vn 0.208437 0.417565 0.884417
vn 0.217910 0.418070 0.881891
vn 0.229624 0.403079 0.885889
vn 0.201941 0.404351 0.892032
vn 0.250912 0.373673 0.892979
vn 0.289716 0.407770 0.865903
vn 0.259105 0.410979 0.874048
vn 0.325763 0.396231 0.858417
vn 0.324847 0.392612 0.860425
vn 0.369841 0.379768 0.847935
vn -0.000000 0.209911 -0.977720
vn -0.016006 0.152461 -0.988180
vn -0.263125 0.149111 -0.953169
vn -0.375000 0.152382 -0.914415
vn 0.050009 -0.054392 -0.997267
vn 0.711581 0.475484 -0.517270
vn 0.769055 0.374950 -0.517655
vn 0.809203 0.272067 -0.520739
vn 0.884026 0.245425 -0.397824
vn 0.833677 0.131426 -0.536386
vn 0.889032 0.094371 -0.448014
vn 0.874263 -0.080847 -0.478673
vn 0.845595 -0.245726 -0.473907
vn 0.833211 -0.049135 -0.550769
vn -0.074128 -0.356900 -0.931197
vn 0.001324 -0.379159 -0.925331
vn 0.000334 -0.268953 -0.963153
vn 0.083976 -0.249320 -0.964773
vn 0.075707 -0.357898 -0.930686
vn 0.092870 -0.138371 -0.986017
vn 0.187569 -0.131446 -0.973417
vn 0.174842 -0.245858 -0.953406
vn 0.164634 -0.352461 -0.921231
vn 0.299640 -0.128250 -0.945393
vn 0.102895 -0.034388 -0.994098
vn 0.201582 -0.027952 -0.979073
vn 0.310222 -0.022712 -0.950393
vn 0.432080 -0.122021 -0.893542
vn 0.455884 -0.026586 -0.889642
vn 0.626719 -0.026441 -0.778797
vn 0.339528 0.060169 -0.938669
vn 0.214474 0.045004 -0.975692
vn 0.229032 0.116127 -0.966467
vn 0.364584 0.144276 -0.919926
vn 0.126368 0.102372 -0.986687
vn 0.109864 0.040297 -0.993129
vn -0.000293 -0.159287 -0.987232
vn -0.000146 -0.053912 -0.998546
vn -0.093123 -0.138261 -0.986008
vn -0.103143 -0.034645 -0.994063
vn 0.000000 0.029692 -0.999559
vn 0.000398 0.109385 -0.993999
vn -0.011926 0.247549 -0.968802
vn 0.124134 0.231469 -0.964890
vn 0.001799 0.392772 -0.919634
vn 0.122101 0.413474 -0.902292
vn -0.133178 0.220575 -0.966235
vn -0.124910 0.386358 -0.913852
vn -0.126519 0.101675 -0.986740
vn -0.110130 0.040067 -0.993109
vn -0.215498 0.044489 -0.975490
vn -0.230195 0.115684 -0.966244
vn -0.203069 -0.028093 -0.978761
vn -0.188903 -0.131175 -0.973195
vn -0.303262 -0.127732 -0.944308
vn -0.313341 -0.023499 -0.949350
vn -0.293360 -0.243081 -0.924582
vn -0.454472 -0.117385 -0.882993
vn -0.459709 -0.010328 -0.888009
vn -0.625362 -0.152939 -0.765200
vn -0.628462 -0.049146 -0.776286
vn -0.175904 -0.243964 -0.953698
vn -0.164823 -0.350796 -0.921833
vn -0.271278 -0.338825 -0.900892
vn -0.083801 -0.248068 -0.965111
vn -0.641770 0.657167 -0.395300
vn -0.600062 0.728177 -0.331184
vn -0.482818 0.807671 -0.338458
vn -0.543194 0.808368 -0.226896
vn -0.423840 0.875429 -0.232345
vn -0.673822 0.708328 -0.210323
vn -0.636047 0.766918 -0.085332
vn -0.545050 0.832412 -0.100058
vn -0.430964 0.896007 -0.106969
vn -0.335874 0.941666 0.021326
vn -0.327430 0.937655 -0.116589
vn -0.437015 0.899069 0.026313
vn -0.321346 0.918789 -0.229268
vn -0.236717 0.964733 -0.115129
vn -0.242652 0.944708 -0.220559
vn -0.246872 0.911773 -0.328214
vn -0.362386 0.869137 -0.336566
vn -0.234673 0.852887 -0.466382
vn -0.391612 0.802547 -0.450065
vn -0.248633 0.748196 -0.615129
vn -0.402214 0.712064 -0.575490
vn -0.101777 0.872046 -0.478725
vn -0.106635 0.775712 -0.622013
vn -0.119876 0.920992 -0.370679
vn -0.524264 0.738576 -0.423855
vn -0.140556 0.957817 -0.250660
vn -0.000405 0.957272 -0.289188
vn -0.011922 0.920776 -0.389910
vn -0.135902 0.985387 -0.102677
vn -0.000421 0.991344 -0.131291
vn -0.223926 0.974530 0.012169
vn -0.454831 0.875839 0.161355
vn -0.343871 0.925508 0.158707
vn -0.575557 0.802532 0.157087
vn -0.616318 0.737695 0.275605
vn -0.479038 0.830509 0.284215
vn -0.665028 0.655756 0.357381
vn -0.510125 0.773279 0.376580
vn -0.540847 0.692656 0.477191
vn -0.357820 0.887038 0.291769
vn -0.365948 0.842199 0.395957
vn -0.234140 0.923782 0.302995
vn -0.234140 0.958674 0.161624
vn -0.225108 0.879707 0.418858
vn -0.710597 0.687691 0.148776
vn -0.675980 0.736388 0.027981
vn -0.550813 0.834198 0.026800
vn -0.103859 0.994489 0.014309
vn 0.000696 0.999965 0.008328
vn 0.105426 0.994313 0.015049
vn 0.000150 0.992544 0.121884
vn 0.111906 0.981300 0.156614
vn -0.110958 0.981202 0.157895
vn 0.135996 0.985457 -0.101878
vn -0.548575 0.654958 -0.519707
vn -0.252513 0.636110 -0.729110
vn -0.267296 0.505376 -0.820456
vn -0.246098 0.360351 -0.899768
vn -0.118916 0.531544 -0.838642
vn -0.272334 0.234475 -0.933196
vn 0.008761 0.542684 -0.839891
vn -0.119262 0.651483 -0.749231
vn -0.011790 0.668024 -0.744046
vn 0.017207 0.772016 -0.635370
vn 0.110766 0.659998 -0.743057
vn 0.125240 0.775691 -0.618562
vn 0.129748 0.543259 -0.829479
vn 0.267198 0.506311 -0.819911
vn 0.257559 0.350389 -0.900495
vn 0.426694 0.497476 -0.755281
vn 0.408804 0.383851 -0.827972
vn 0.393665 0.255922 -0.882911
vn 0.259223 0.220064 -0.940412
vn 0.554919 0.557113 -0.617811
vn 0.407298 0.603214 -0.685742
vn 0.402565 0.711365 -0.576109
vn 0.548616 0.654584 -0.520135
vn 0.670928 0.583382 -0.457734
vn 0.680071 0.502932 -0.533445
vn 0.524729 0.738403 -0.423581
vn 0.642093 0.657215 -0.394696
vn 0.392639 0.801969 -0.450200
vn 0.252639 0.635944 -0.729211
vn 0.250603 0.746656 -0.616201
vn 0.098973 0.856487 -0.506591
vn -0.001660 0.868106 -0.496376
vn 0.109951 0.919607 -0.377139
vn 0.139967 0.957931 -0.250555
vn 0.246338 0.912134 -0.327611
vn 0.242463 0.944826 -0.220261
vn 0.321044 0.918928 -0.229133
vn 0.363202 0.868862 -0.336397
vn 0.326466 0.938106 -0.115658
vn 0.431117 0.895916 -0.107107
vn 0.424578 0.875084 -0.232296
vn 0.545303 0.832190 -0.100515
vn 0.543596 0.808020 -0.227172
vn 0.436993 0.899087 0.026070
vn 0.551106 0.834006 0.026778
vn 0.333129 0.942652 0.020799
vn 0.236679 0.964960 -0.113292
vn 0.222953 0.974748 0.012552
vn 0.483659 0.807109 -0.338599
vn 0.600656 0.727669 -0.331225
vn 0.236419 0.852707 -0.465830
vn -0.872042 -0.109961 -0.476918
vn -0.777592 -0.083534 -0.623196
vn -0.327528 0.051355 -0.943445
vn -0.231753 0.421646 0.876644
vn -0.206914 0.421195 0.883052
vn -0.259642 0.414027 0.872449
vn -0.233120 0.415628 0.879152
vn -0.203914 0.414438 0.886939
vn -0.179743 0.419113 0.889965
vn -0.150089 0.415842 0.896966
vn 0.173654 0.407473 0.896555
vn 0.263578 0.505011 -0.821882
vn 0.342940 0.591068 -0.730089
vn 0.416795 0.559133 -0.716696
vn 0.422512 0.671350 -0.608911
vn 0.514371 0.635585 -0.575720
vn 0.524057 0.726260 -0.444871
vn 0.622902 0.675882 -0.393924
vn 0.597604 0.598329 -0.533733
vn 0.700454 0.626711 -0.341463
vn 0.757825 0.581111 -0.296666
vn 0.675644 0.564127 -0.474622
vn 0.801928 0.572391 -0.171114
vn 0.835476 0.530611 -0.142939
vn 0.760459 0.617697 -0.200380
vn 0.744496 0.660081 -0.100091
vn 0.699888 0.673880 -0.236732
vn 0.613498 0.738867 -0.278739
vn 0.672668 0.728711 -0.128444
vn 0.844326 0.512654 -0.155881
vn 0.489207 0.535657 -0.688293
vn 0.506148 0.798855 -0.325030
vn 0.579020 0.798017 -0.167048
vn 0.624537 0.780949 -0.008568
vn 0.704161 0.709828 0.017367
vn 0.764799 0.643554 0.030342
vn 0.635296 0.760875 0.132166
vn 0.986284 0.120299 0.113012
vn 0.808589 0.493970 -0.319651
vn 0.735465 0.572722 -0.362050
vn 0.716760 0.622280 -0.314680
vn 0.789208 0.559278 -0.253690
vn 0.674378 0.707525 -0.211239
vn 0.774453 0.607956 -0.174964
vn 0.831734 0.549606 -0.078433
vn 0.729940 0.677127 -0.093200
vn 0.779587 0.626274 -0.004989
vn 0.676032 0.736349 0.027756
vn 0.710770 0.687459 0.149015
vn 0.575558 0.802525 0.157117
vn 0.616538 0.737385 0.275944
vn 0.479197 0.830379 0.284326
vn 0.455266 0.875577 0.161551
vn 0.635925 0.766963 -0.085836
vn 0.230911 0.409908 0.882414
vn 0.277048 0.745506 0.606190
vn 0.441778 0.867304 0.229384
vn -0.397445 0.776438 0.489062
vn -0.247771 0.825044 0.507850
vn -0.106103 0.844324 0.525223
vn -0.103556 0.892437 0.439128
vn -0.004390 0.848705 0.528849
vn -0.000004 0.901966 0.431807
vn 0.088082 0.845330 0.526933
vn 0.103078 0.892508 0.439094
vn 0.224252 0.879960 0.418785
vn 0.231764 0.824133 0.516808
vn 0.232877 0.924304 0.302376
vn 0.116068 0.941866 0.315303
vn 0.232920 0.959214 0.160179
vn 0.342544 0.926036 0.158493
vn 0.357732 0.887058 0.291813
vn -0.000399 0.956937 0.290297
vn -0.115581 0.941935 0.315276
vn 0.083486 0.776782 0.624212
vn 0.007327 0.787155 0.616711
vn -0.079387 0.769059 0.634229
vn -0.000386 0.684741 0.728786
vn 0.087665 0.655942 0.749703
vn -0.227495 0.754337 0.615810
vn -0.228041 -0.551208 -0.802600
vn -0.228041 -0.551208 -0.802600
vn -0.081216 0.835111 -0.544053
vn -0.149182 0.628335 -0.763505
vn -0.079316 0.834353 -0.545494
vn -0.147497 0.627921 -0.764173
vn -0.254937 -0.593747 -0.763198
vn -0.254937 -0.593747 -0.763198
vn -0.087718 0.793328 -0.602442
vn -0.165537 0.543476 -0.822941
vn -0.118201 0.807072 -0.578501
vn -0.200257 0.567549 -0.798615
vn -0.271793 -0.580834 -0.767307
vn -0.271793 -0.580834 -0.767307
vn -0.275150 -0.577823 -0.768383
vn -0.275150 -0.577823 -0.768383
vn -0.217378 -0.554758 -0.803113
vn -0.217378 -0.554758 -0.803113
vn -0.171059 -0.550631 -0.817034
vn -0.171059 -0.550631 -0.817034
vn -0.130611 -0.555610 -0.821120
vn -0.130611 -0.555610 -0.821120
vn -0.029867 0.836727 -0.546806
vn -0.074439 0.626944 -0.775500
vn -0.050957 0.837140 -0.544609
vn -0.105999 0.630576 -0.768855
vn 0.016742 0.842945 -0.537739
vn -0.006299 0.637727 -0.770237
vn 0.083167 -0.568680 -0.818343
vn 0.083167 -0.568680 -0.818343
vn 0.136154 0.814441 -0.564045
vn 0.152325 0.575192 -0.803711
vn 0.031186 -0.556866 -0.830017
vn 0.031186 -0.556866 -0.830017
vn 0.084507 0.816610 -0.570970
vn 0.082489 0.579663 -0.810670
vn -0.048487 -0.562762 -0.825196
vn -0.048487 -0.562762 -0.825196
vn -0.114249 -0.552798 -0.825447
vn -0.114249 -0.552798 -0.825447
vn -0.003267 0.838498 -0.544895
vn -0.035056 0.630380 -0.775495
vn 0.194990 -0.575393 -0.794294
vn 0.194990 -0.575393 -0.794294
vn 0.237957 0.813813 -0.530175
vn 0.286631 0.578473 -0.763683
vn 0.182393 0.815530 -0.549220
vn 0.212889 0.579705 -0.786524
vn 0.133551 -0.575441 -0.806865
vn 0.133551 -0.575441 -0.806865
vn 0.252992 -0.576910 -0.776640
vn 0.252992 -0.576910 -0.776640
vn 0.287022 0.811950 -0.508286
vn 0.351922 0.577113 -0.736948
vn 0.278358 -0.576892 -0.767927
vn 0.278358 -0.576892 -0.767927
vn 0.301057 0.809578 -0.503933
vn 0.374129 0.569964 -0.731552
vn -0.318699 -0.560456 -0.764408
vn -0.318699 -0.560456 -0.764408
vn -0.189948 -0.658131 -0.728549
vn -0.189948 -0.658131 -0.728549
vn -0.182276 0.815700 -0.549008
vn -0.212747 0.580175 -0.786216
vn -0.133542 -0.575096 -0.807113
vn -0.133542 -0.575096 -0.807113
vn -0.083036 -0.568392 -0.818557
vn -0.083036 -0.568392 -0.818557
vn -0.135989 0.814903 -0.563418
vn -0.152214 0.575800 -0.803296
vn -0.084352 0.817124 -0.570257
vn -0.082427 0.580193 -0.810297
vn -0.030652 -0.556850 -0.830048
vn -0.030652 -0.556850 -0.830048
vn -0.286871 0.812167 -0.508025
vn -0.351754 0.577651 -0.736606
vn -0.253686 -0.576804 -0.776492
vn -0.253686 -0.576804 -0.776492
vn -0.237826 0.814005 -0.529938
vn -0.286480 0.578976 -0.763359
vn -0.195016 -0.575029 -0.794550
vn -0.195016 -0.575029 -0.794550
vn -0.017106 0.842364 -0.538637
vn 0.005515 0.637482 -0.770445
vn 0.001560 0.839669 -0.543096
vn 0.032740 0.631587 -0.774614
vn 0.112911 -0.552587 -0.825772
vn 0.112911 -0.552587 -0.825772
vn -0.186710 -0.949507 0.252143
vn -0.186710 -0.949507 0.252143
vn -0.211247 -0.938442 0.273314
vn -0.211247 -0.938442 0.273314
vn -0.094558 0.393344 0.914516
vn -0.176171 0.104143 0.978835
vn -0.044648 0.362096 0.931071
vn -0.114494 0.073200 0.990723
vn -0.263213 -0.926457 0.269064
vn -0.263213 -0.926457 0.269064
vn -0.119306 0.299050 0.946750
vn -0.207239 -0.073514 0.975524
vn -0.460463 0.690767 0.557507
vn -0.627987 0.482521 0.610578
vn -0.697070 -0.660330 0.279388
vn -0.697070 -0.660330 0.279388
vn -0.456176 0.685618 0.567301
vn -0.622971 0.474960 0.621547
vn -0.677784 -0.673498 0.294972
vn -0.677784 -0.673498 0.294972
vn -0.674067 -0.719144 0.168718
vn -0.674067 -0.719144 0.168718
vn -0.399442 0.506577 0.764085
vn -0.545023 0.183129 0.818177
vn -0.467585 -0.860367 0.202812
vn -0.467585 -0.860367 0.202812
vn -0.382955 -0.889019 0.250977
vn -0.382955 -0.889019 0.250977
vn -0.292291 0.352576 0.888964
vn -0.410181 -0.055120 0.910337
vn -0.490999 0.554665 0.671764
vn -0.657461 0.243329 0.713117
vn -0.584100 -0.775299 0.240290
vn -0.584100 -0.775299 0.240290
vn -0.212636 0.750287 0.625983
vn -0.311647 0.616395 0.723142
vn -0.208535 0.749283 0.628561
vn -0.307006 0.615280 0.726070
vn -0.565981 -0.640537 0.519017
vn -0.565981 -0.640537 0.519017
vn -0.572065 -0.638969 0.514258
vn -0.572065 -0.638969 0.514258
vn -0.530634 -0.631221 0.565675
vn -0.530634 -0.631221 0.565675
vn -0.524004 -0.632927 0.569933
vn -0.524004 -0.632927 0.569933
vn -0.253863 0.738248 0.624935
vn -0.366230 0.593059 0.717047
vn -0.251890 0.737744 0.626326
vn -0.364218 0.592632 0.718424
vn -0.611034 -0.652124 0.448745
vn -0.611034 -0.652124 0.448745
vn -0.628302 -0.647925 0.430615
vn -0.628302 -0.647925 0.430615
vn -0.331455 0.731292 0.596111
vn -0.466612 0.572127 0.674495
vn -0.030732 0.712282 0.701220
vn -0.038466 0.553016 0.832282
vn -0.053563 -0.705314 0.706868
vn -0.053563 -0.705314 0.706868
vn -0.070152 0.720481 0.689917
vn -0.087534 0.567214 0.818905
vn -0.121845 -0.705191 0.698470
vn -0.121845 -0.705191 0.698470
vn 0.086860 0.725997 0.682190
vn 0.106280 0.577693 0.809305
vn 0.136474 -0.699660 0.701321
vn 0.136474 -0.699660 0.701321
vn 0.112031 -0.706314 0.698978
vn 0.112031 -0.706314 0.698978
vn 0.065539 0.718279 0.692661
vn 0.081482 0.563835 0.821858
vn 0.042215 -0.705386 0.707565
vn 0.042215 -0.705386 0.707565
vn 0.025483 0.711068 0.702661
vn 0.031604 0.551204 0.833772
vn -0.090023 0.728777 0.678807
vn -0.110509 0.581978 0.805661
vn -0.143535 -0.697571 0.701991
vn -0.143535 -0.697571 0.701991
vn -0.071249 0.729392 0.680376
vn -0.086368 0.584357 0.806887
vn -0.072831 -0.695281 0.715038
vn -0.072831 -0.695281 0.715038
vn 0.081385 0.834710 -0.544643
vn 0.148898 0.628696 -0.763263
vn 0.227958 -0.550456 -0.803139
vn 0.227958 -0.550456 -0.803139
vn 0.217013 -0.554180 -0.803610
vn 0.217013 -0.554180 -0.803610
vn -0.221128 0.646289 -0.730351
vn -0.182840 0.343844 -0.921054
vn 0.070917 -0.739121 -0.669829
vn 0.070917 -0.739121 -0.669829
vn 0.056011 -0.736463 -0.674155
vn 0.056011 -0.736463 -0.674155
vn -0.250169 0.650537 -0.717089
vn -0.221174 0.357311 -0.907420
vn 0.446899 -0.505744 -0.737905
vn 0.446899 -0.505744 -0.737905
vn 0.548543 -0.454082 -0.702075
vn 0.548543 -0.454082 -0.702075
vn 0.240538 0.885250 -0.398089
vn 0.369993 0.741438 -0.559799
vn 0.147951 0.866419 -0.476894
vn 0.253365 0.708673 -0.658475
vn 0.065786 0.821590 -0.566271
vn 0.151591 0.626598 -0.764457
vn 0.318707 -0.560360 -0.764475
vn 0.318707 -0.560360 -0.764475
vn 0.190279 -0.657672 -0.728877
vn 0.190279 -0.657672 -0.728877
vn -0.112850 0.734721 -0.668917
vn -0.062965 0.487037 -0.871109
vn 0.077387 -0.737497 -0.670902
vn 0.077387 -0.737497 -0.670902
vn 0.805815 -0.408839 -0.428384
vn 0.805815 -0.408839 -0.428384
vn 0.412523 0.905025 -0.103704
vn 0.586239 0.785012 -0.200200
vn 0.686396 -0.445094 -0.575110
vn 0.686396 -0.445094 -0.575110
vn 0.468566 -0.859975 0.202211
vn 0.468566 -0.859975 0.202211
vn 0.399788 0.508274 0.762776
vn 0.545845 0.185121 0.817180
vn 0.153405 0.542842 0.825706
vn 0.248486 0.326406 0.911983
vn 0.103748 0.540875 0.834680
vn 0.185405 0.342670 0.920979
vn 0.247963 -0.894504 0.371989
vn 0.247963 -0.894504 0.371989
vn 0.230990 -0.897116 0.376598
vn 0.230990 -0.897116 0.376598
vn 0.093223 0.392748 0.914909
vn 0.174682 0.103115 0.979211
vn 0.045607 0.360448 0.931664
vn 0.115048 0.071535 0.990781
vn 0.119211 0.298308 0.946996
vn 0.207214 -0.075098 0.975409
vn 0.263988 -0.926349 0.268679
vn 0.263988 -0.926349 0.268679
vn 0.384631 -0.888508 0.250226
vn 0.384631 -0.888508 0.250226
vn 0.294375 0.352729 0.888215
vn 0.412587 -0.055493 0.909226
vn 0.491416 0.555153 0.671056
vn 0.657960 0.244195 0.712361
vn 0.584570 -0.774990 0.240144
vn 0.584570 -0.774990 0.240144
vn 0.646743 -0.736710 0.197437
vn 0.646743 -0.736710 0.197437
vn 0.540657 0.610672 0.578593
vn 0.720881 0.327089 0.611019
vn 0.674649 -0.718728 0.168162
vn 0.674649 -0.718728 0.168162
vn 0.455807 0.686265 0.566816
vn 0.622587 0.476067 0.621085
vn 0.250698 0.738073 0.626417
vn 0.362715 0.593326 0.718611
vn 0.252809 0.738998 0.624475
vn 0.365205 0.594083 0.716722
vn 0.330677 0.732082 0.595574
vn 0.465804 0.573298 0.674059
vn 0.250568 0.649939 -0.717492
vn 0.221593 0.356611 -0.907593
vn -0.055411 -0.736967 -0.673653
vn -0.055411 -0.736967 -0.673653
vn -0.065418 -0.718914 -0.692013
vn -0.065418 -0.718914 -0.692013
vn 0.221569 0.671726 -0.706889
vn 0.191543 0.378636 -0.905509
vn 0.028320 0.754781 -0.655366
vn -0.028141 0.481327 -0.876089
vn -0.180404 -0.644067 -0.743392
vn -0.180404 -0.644067 -0.743392
vn 0.101222 0.727163 -0.678961
vn 0.056184 0.442487 -0.895013
vn -0.132666 -0.670672 -0.729794
vn -0.132666 -0.670672 -0.729794
vn -0.037075 0.778859 -0.626102
vn -0.104571 0.519290 -0.848176
vn -0.225499 -0.618897 -0.752407
vn -0.225499 -0.618897 -0.752407
vn 0.171383 0.698109 -0.695177
vn 0.136123 0.407236 -0.903122
vn -0.092034 -0.696505 -0.711625
vn -0.092034 -0.696505 -0.711625
vn -0.446882 -0.505825 -0.737860
vn -0.446882 -0.505825 -0.737860
vn -0.304219 0.916204 -0.260809
vn -0.449972 0.801212 -0.394442
vn -0.686143 -0.445236 -0.575303
vn -0.686143 -0.445236 -0.575303
vn -0.411800 0.905399 -0.103314
vn -0.585929 0.785310 -0.199939
vn -0.805790 -0.408894 -0.428379
vn -0.805790 -0.408894 -0.428379
vn -0.427953 0.903781 0.006065
vn -0.605715 0.793132 -0.063646
vn -0.239113 0.886617 -0.395899
vn -0.369398 0.742744 -0.558460
vn -0.548878 -0.453976 -0.701882
vn -0.548878 -0.453976 -0.701882
vn -0.065699 0.821747 -0.566052
vn -0.151563 0.626701 -0.764379
vn -0.147838 0.866551 -0.476690
vn -0.253313 0.708742 -0.658420
vn -0.231287 -0.896486 0.377913
vn -0.231287 -0.896486 0.377913
vn -0.250642 -0.892941 0.373945
vn -0.250642 -0.892941 0.373945
vn -0.156500 0.545241 0.823541
vn -0.252332 0.329295 0.909887
vn -0.106650 0.543286 0.832746
vn -0.188958 0.345599 0.919161
vn -0.380384 -0.816299 0.434700
vn -0.380384 -0.816299 0.434700
vn -0.386719 -0.816554 0.428587
vn -0.386719 -0.816554 0.428587
vn -0.334940 0.667391 0.665135
vn -0.480517 0.479364 0.734380
vn -0.634633 -0.681482 0.364450
vn -0.634633 -0.681482 0.364450
vn -0.002373 -0.692839 0.721089
vn -0.002373 -0.692839 0.721089
vn 0.019987 0.729049 0.684170
vn 0.014742 0.583810 0.811757
vn 0.069278 0.728464 0.681572
vn 0.083893 0.581455 0.809242
vn -0.177426 -0.665602 0.724910
vn -0.177426 -0.665602 0.724910
vn -0.044830 0.755653 0.653437
vn -0.082448 0.631411 0.771053
vn -0.067770 0.760226 0.646114
vn -0.112687 0.637235 0.762387
vn -0.025940 0.738571 0.673677
vn -0.055002 0.602230 0.796425
vn -0.162536 -0.662926 0.730829
vn -0.162536 -0.662926 0.730829
vn -0.138147 -0.667500 0.731682
vn -0.138147 -0.667500 0.731682
vn -0.029570 0.742894 0.668756
vn -0.056454 0.608213 0.791764
vn 0.069207 -0.697554 0.713182
vn 0.069207 -0.697554 0.713182
vn -0.015717 0.738854 0.673683
vn -0.035116 0.600742 0.798672
vn -0.086572 -0.678120 0.729835
vn -0.086572 -0.678120 0.729835
vn -0.237431 -0.666511 0.706675
vn -0.237431 -0.666511 0.706675
vn -0.273360 -0.672870 0.687401
vn -0.273360 -0.672870 0.687401
vn -0.374359 -0.622650 0.687141
vn -0.374359 -0.622650 0.687141
vn -0.362313 -0.628933 0.687875
vn -0.362313 -0.628933 0.687875
vn -0.469984 -0.610184 0.637801
vn -0.469984 -0.610184 0.637801
vn -0.151223 0.766234 0.624513
vn -0.229642 0.646329 0.727684
vn -0.123541 0.772283 0.623151
vn -0.192779 0.657952 0.727966
vn -0.415554 -0.610356 0.674374
vn -0.415554 -0.610356 0.674374
vn -0.104781 0.771616 0.627399
vn -0.167555 0.657788 0.734330
vn -0.107424 0.768167 0.631174
vn -0.168992 0.654488 0.736945
vn -0.505081 -0.621378 0.598984
vn -0.505081 -0.621378 0.598984
vn -0.489011 -0.625297 0.608171
vn -0.489011 -0.625297 0.608171
vn -0.176370 0.756422 0.629856
vn -0.263877 0.629018 0.731236
vn -0.182118 0.758006 0.626307
vn -0.270376 0.630899 0.727230
vn -0.346473 -0.631931 0.693267
vn -0.346473 -0.631931 0.693267
vn -0.109186 0.757184 0.644011
vn -0.170918 0.631973 0.755908
vn -0.313939 -0.642581 0.698951
vn -0.313939 -0.642581 0.698951
vn -0.110317 0.747782 0.654715
vn -0.170615 0.615361 0.769559
vn 0.169814 -0.550248 -0.817552
vn 0.169814 -0.550248 -0.817552
vn 0.029104 0.836507 -0.547182
vn 0.073324 0.627136 -0.775451
vn 0.129723 -0.555463 -0.821361
vn 0.129723 -0.555463 -0.821361
vn 0.079308 0.835170 -0.544244
vn 0.147489 0.629632 -0.762765
vn 0.275738 -0.576683 -0.769029
vn 0.275738 -0.576683 -0.769029
vn -0.101265 0.727774 -0.678300
vn -0.056282 0.443611 -0.894450
vn 0.133555 -0.669978 -0.730268
vn 0.133555 -0.669978 -0.730268
vn -0.026415 0.755699 -0.654386
vn 0.030414 0.482798 -0.875203
vn 0.181306 -0.643120 -0.743992
vn 0.181306 -0.643120 -0.743992
vn 0.037841 0.779645 -0.625078
vn 0.105488 0.520811 -0.847129
vn 0.227370 -0.617849 -0.752705
vn 0.227370 -0.617849 -0.752705
vn 0.273128 -0.579372 -0.767939
vn 0.273128 -0.579372 -0.767939
vn 0.118525 0.807330 -0.578075
vn 0.200503 0.568380 -0.797961
vn 0.254946 -0.593236 -0.763593
vn 0.254946 -0.593236 -0.763593
vn 0.087865 0.793781 -0.601824
vn 0.165666 0.544556 -0.822201
vn 0.049999 0.837351 -0.544375
vn 0.104745 0.631462 -0.768300
vn 0.336126 0.666688 0.665241
vn 0.482053 0.477921 0.734314
vn 0.635108 -0.682329 0.362029
vn 0.635108 -0.682329 0.362029
vn 0.377318 -0.818548 0.433140
vn 0.377318 -0.818548 0.433140
vn 0.383450 -0.818802 0.427235
vn 0.383450 -0.818802 0.427235
vn 0.210948 -0.939007 0.271602
vn 0.210948 -0.939007 0.271602
vn 0.187753 -0.949378 0.251855
vn 0.187753 -0.949378 0.251855
vn 0.004880 -0.690235 0.723569
vn 0.004880 -0.690235 0.723569
vn -0.019556 0.731175 0.681909
vn -0.014104 0.586606 0.809749
vn 0.017217 0.740985 0.671301
vn 0.037223 0.603440 0.796539
vn 0.090024 -0.676246 0.731155
vn 0.090024 -0.676246 0.731155
vn 0.031002 0.744912 0.666442
vn 0.058502 0.610687 0.789708
vn 0.141820 -0.665736 0.732586
vn 0.141820 -0.665736 0.732586
vn 0.045891 0.757201 0.651568
vn 0.084022 0.633164 0.769444
vn 0.180013 -0.664711 0.725089
vn 0.180013 -0.664711 0.725089
vn 0.166059 -0.661336 0.731477
vn 0.166059 -0.661336 0.731477
vn 0.026884 0.739997 0.672072
vn 0.056392 0.603778 0.795156
vn 0.276460 -0.672383 0.686637
vn 0.276460 -0.672383 0.686637
vn 0.240080 -0.665892 0.706363
vn 0.240080 -0.665892 0.706363
vn 0.362441 -0.628678 0.688041
vn 0.362441 -0.628678 0.688041
vn 0.374728 -0.622252 0.687300
vn 0.374728 -0.622252 0.687300
vn 0.504715 -0.621535 0.599130
vn 0.504715 -0.621535 0.599130
vn 0.488287 -0.625537 0.608506
vn 0.488287 -0.625537 0.608506
vn 0.470053 -0.610115 0.637817
vn 0.470053 -0.610115 0.637817
vn 0.150865 0.766248 0.624583
vn 0.229239 0.646232 0.727897
vn 0.181569 0.758610 0.625734
vn 0.270120 0.631512 0.726793
vn 0.176358 0.756758 0.629457
vn 0.263898 0.629499 0.730814
vn 0.531092 -0.630807 0.565707
vn 0.531092 -0.630807 0.565707
vn 0.523624 -0.632719 0.570512
vn 0.523624 -0.632719 0.570512
vn 0.105353 0.771799 0.627078
vn 0.167913 0.657556 0.734456
vn 0.104826 0.772286 0.626567
vn 0.167807 0.658457 0.733672
vn 0.123120 0.772644 0.622786
vn 0.192372 0.658257 0.727798
vn 0.415720 -0.610075 0.674526
vn 0.415720 -0.610075 0.674526
vn 0.111017 0.747969 0.654383
vn 0.171455 0.615762 0.769052
vn 0.315510 -0.642223 0.698572
vn 0.315510 -0.642223 0.698572
vn 0.109820 0.757250 0.643826
vn 0.171677 0.632178 0.755564
vn 0.347165 -0.631569 0.693251
vn 0.347165 -0.631569 0.693251
vn -0.100030 -0.577309 -0.810375
vn -0.100030 -0.577309 -0.810375
vn -0.107865 0.816621 -0.567006
vn -0.133295 0.570921 -0.810112
vn -0.278860 -0.579755 -0.765586
vn -0.278860 -0.579755 -0.765586
vn -0.302818 0.810871 -0.500788
vn -0.374569 0.574454 -0.727806
vn -0.254931 0.810997 -0.526587
vn -0.317878 0.567176 -0.759779
vn -0.239959 -0.577544 -0.780296
vn -0.239959 -0.577544 -0.780296
vn 0.100030 -0.577311 -0.810374
vn 0.100030 -0.577311 -0.810374
vn 0.107692 0.816676 -0.566959
vn 0.133083 0.571010 -0.810084
vn 0.256916 0.812370 -0.523497
vn 0.318719 0.571541 -0.756148
vn 0.239901 -0.580451 -0.778154
vn 0.239901 -0.580451 -0.778154
vn -0.077759 -0.737877 -0.670442
vn -0.077759 -0.737877 -0.670442
vn 0.222016 0.645937 -0.730393
vn 0.183954 0.343650 -0.920905
vn -0.070845 -0.739655 -0.669247
vn -0.070845 -0.739655 -0.669247
vn 0.112473 0.734385 -0.669349
vn 0.062444 0.486312 -0.871551
vn -0.540497 0.610416 0.579013
vn -0.720712 0.326615 0.611472
vn -0.646449 -0.736923 0.197603
vn -0.646449 -0.736923 0.197603
vn 0.047991 -0.562674 -0.825284
vn 0.047991 -0.562674 -0.825284
vn -0.170192 0.698863 -0.694712
vn -0.134752 0.408158 -0.902912
vn 0.092873 -0.695818 -0.712188
vn 0.092873 -0.695818 -0.712188
vn -0.221540 0.672139 -0.706505
vn -0.191545 0.379189 -0.905277
vn 0.065305 -0.718490 -0.692465
vn 0.065305 -0.718490 -0.692465
vn 0.304212 0.916265 -0.260603
vn 0.449904 0.801407 -0.394124
vn 0.428189 0.903670 0.005978
vn 0.605824 0.793049 -0.063641
vn 0.566244 -0.639702 0.519759
vn 0.566244 -0.639702 0.519759
vn 0.570770 -0.638511 0.516261
vn 0.570770 -0.638511 0.516261
vn 0.678393 -0.672905 0.294927
vn 0.678393 -0.672905 0.294927
vn 0.696819 -0.660319 0.280037
vn 0.696819 -0.660319 0.280037
vn 0.459562 0.691222 0.557688
vn 0.627140 0.483151 0.610951
vn 0.208002 0.749395 0.628604
vn 0.306352 0.615495 0.726165
vn 0.211753 0.750747 0.625731
vn 0.310901 0.616839 0.723084
vn 0.628432 -0.647334 0.431315
vn 0.628432 -0.647334 0.431315
vn 0.610496 -0.651691 0.450104
vn 0.610496 -0.651691 0.450104
vn 0.071238 0.756656 0.649920
vn 0.116286 0.635144 0.763590
vn -0.000077 -0.948758 -0.316004
f 1//1 2//2 3//3
f 1//1 3//3 4//4
f 4//4 3//3 5//5
f 4//4 5//5 6//6
f 7//7 8//8 6//6
f 7//7 6//6 5//5
f 9//9 4//4 6//6
f 9//9 6//6 10//10
f 11//11 1//1 4//4
f 11//11 4//4 9//9
f 12//12 13//13 1//1
f 12//12 1//1 11//11
f 9//9 14//14 15//15
f 9//9 15//15 11//11
f 14//14 3442//3442 3443//3443
f 15//15 14//14 3445//3445
f 15//15 3445//3445 3444//3444
f 16//16 15//15 3447//3447
f 16//16 3447//3447 3446//3446
f 15//15 16//16 17//17
f 17//17 16//16 18//18
f 17//17 18//18 19//19
f 20//20 21//21 19//19
f 20//20 19//19 18//18
f 18//18 3448//3448 3449//3449
f 20//20 18//18 3451//3451
f 20//20 3451//3451 3450//3450
f 18//18 16//16 3453//3453
f 18//18 3453//3453 3452//3452
f 16//16 3454//3454 3455//3455
f 11//11 15//15 17//17
f 11//11 17//17 12//12
f 12//12 17//17 19//19
f 12//12 19//19 22//22
f 16//16 3456//3456 3457//3457
f 14//14 3458//3458 3459//3459
f 10//10 3460//3460 3461//3461
f 8//8 3462//3462 3463//3463
f 10//10 8//8 3465//3465
f 10//10 3465//3465 3464//3464
f 8//8 10//10 6//6
f 14//14 10//10 3467//3467
f 14//14 3467//3467 3466//3466
f 10//10 14//14 9//9
f 23//23 24//24 25//25
f 23//23 25//25 13//13
f 26//26 27//27 24//24
f 26//26 24//24 23//23
f 28//28 26//26 23//23
f 28//28 23//23 22//22
f 27//27 26//26 29//29
f 27//27 29//29 30//30
f 30//30 29//29 31//31
f 30//30 31//31 32//32
f 31//31 29//29 33//33
f 31//31 33//33 34//34
f 33//33 29//29 26//26
f 33//33 26//26 28//28
f 35//35 24//24 27//27
f 35//35 27//27 36//36
f 30//30 37//37 36//36
f 30//30 36//36 27//27
f 22//22 23//23 13//13
f 22//22 13//13 12//12
f 24//24 35//35 38//38
f 24//24 38//38 25//25
f 39//39 40//40 38//38
f 39//39 38//38 41//41
f 40//40 2//2 25//25
f 40//40 25//25 38//38
f 13//13 25//25 2//2
f 13//13 2//2 1//1
f 42//42 2//2 40//40
f 42//42 40//40 43//43
f 42//42 43//43 44//44
f 42//42 44//44 45//45
f 46//46 44//44 43//43
f 46//46 43//43 47//47
f 40//40 39//39 47//47
f 40//40 47//47 43//43
f 48//48 41//41 49//49
f 48//48 49//49 50//50
f 51//51 52//52 50//50
f 51//51 50//50 49//49
f 49//49 35//35 36//36
f 49//49 36//36 51//51
f 35//35 49//49 41//41
f 35//35 41//41 38//38
f 41//41 48//48 53//53
f 41//41 53//53 39//39
f 54//54 53//53 48//48
f 54//54 48//48 55//55
f 55//55 48//48 50//50
f 55//55 50//50 56//56
f 7//7 57//57 3469//3469
f 7//7 3469//3469 3468//3468
f 57//57 7//7 58//58
f 58//58 59//59 60//60
f 58//58 60//60 57//57
f 61//61 62//62 59//59
f 61//61 59//59 58//58
f 61//61 5//5 3//3
f 61//61 3//3 63//63
f 62//62 61//61 63//63
f 62//62 63//63 64//64
f 65//65 66//66 64//64
f 65//65 64//64 45//45
f 66//66 65//65 67//67
f 66//66 67//67 68//68
f 68//68 67//67 69//69
f 68//68 69//69 70//70
f 71//71 69//69 67//67
f 71//71 67//67 72//72
f 65//65 73//73 72//72
f 65//65 72//72 67//67
f 66//66 74//74 62//62
f 66//66 62//62 64//64
f 68//68 75//75 74//74
f 68//68 74//74 66//66
f 45//45 44//44 73//73
f 45//45 73//73 65//65
f 45//45 64//64 63//63
f 45//45 63//63 42//42
f 3//3 2//2 42//42
f 3//3 42//42 63//63
f 5//5 61//61 58//58
f 5//5 58//58 7//7
f 60//60 59//59 76//76
f 60//60 76//76 77//77
f 78//78 79//79 77//77
f 78//78 77//77 76//76
f 60//60 3470//3470 3471//3471
f 60//60 77//77 3473//3473
f 60//60 3473//3473 3472//3472
f 57//57 3474//3474 3475//3475
f 57//57 60//60 3477//3477
f 57//57 3477//3477 3476//3476
f 57//57 3478//3478 3479//3479
f 8//8 3480//3480 3481//3481
f 8//8 7//7 3483//3483
f 8//8 3483//3483 3482//3482
f 80//80 3484//3484 3485//3485
f 79//79 80//80 3487//3487
f 79//79 3487//3487 3486//3486
f 77//77 79//79 3489//3489
f 77//77 3489//3489 3488//3488
f 79//79 3490//3490 3491//3491
f 76//76 74//74 75//75
f 76//76 75//75 78//78
f 79//79 78//78 81//81
f 79//79 81//81 80//80
f 80//80 81//81 82//82
f 80//80 82//82 83//83
f 81//81 84//84 85//85
f 81//81 85//85 82//82
f 84//84 81//81 78//78
f 84//84 78//78 75//75
f 84//84 70//70 86//86
f 84//84 86//86 85//85
f 75//75 68//68 70//70
f 75//75 70//70 84//84
f 83//83 82//82 87//87
f 83//83 87//87 88//88
f 88//88 87//87 89//89
f 88//88 89//89 90//90
f 91//91 89//89 87//87
f 91//91 87//87 92//92
f 82//82 85//85 92//92
f 82//82 92//92 87//87
f 83//83 3492//3492 3493//3493
f 80//80 83//83 3495//3495
f 80//80 3495//3495 3494//3494
f 83//83 3496//3496 3497//3497
f 83//83 88//88 3499//3499
f 83//83 3499//3499 3498//3498
f 59//59 62//62 74//74
f 59//59 74//74 76//76
f 93//93 94//94 95//95
f 93//93 95//95 96//96
f 94//94 46//46 47//47
f 94//94 47//47 95//95
f 97//97 98//98 46//46
f 97//97 46//46 94//94
f 98//98 73//73 44//44
f 98//98 44//44 46//46
f 73//73 98//98 99//99
f 73//73 99//99 72//72
f 72//72 99//99 100//100
f 72//72 100//100 71//71
f 71//71 100//100 101//101
f 71//71 101//101 102//102
f 100//100 103//103 104//104
f 100//100 104//104 101//101
f 105//105 103//103 106//106
f 105//105 106//106 107//107
f 97//97 108//108 107//107
f 97//97 107//107 106//106
f 108//108 109//109 110//110
f 108//108 110//110 107//107
f 111//111 112//112 110//110
f 111//111 110//110 109//109
f 107//107 110//110 113//113
f 107//107 113//113 105//105
f 112//112 114//114 113//113
f 112//112 113//113 110//110
f 109//109 108//108 93//93
f 109//109 93//93 115//115
f 108//108 97//97 94//94
f 108//108 94//94 93//93
f 116//116 115//115 93//93
f 116//116 93//93 96//96
f 98//98 97//97 106//106
f 98//98 106//106 99//99
f 99//99 106//106 103//103
f 99//99 103//103 100//100
f 117//117 104//104 103//103
f 117//117 103//103 105//105
f 101//101 104//104 118//118
f 101//101 118//118 119//119
f 104//104 117//117 120//120
f 104//104 120//120 118//118
f 120//120 117//117 121//121
f 120//120 121//121 122//122
f 120//120 123//123 124//124
f 120//120 124//124 118//118
f 123//123 120//120 122//122
f 123//123 122//122 125//125
f 119//119 118//118 124//124
f 119//119 124//124 126//126
f 127//127 128//128 129//129
f 127//127 129//129 126//126
f 130//130 127//127 126//126
f 130//130 126//126 124//124
f 131//131 119//119 126//126
f 131//131 126//126 129//129
f 102//102 101//101 119//119
f 102//102 119//119 131//131
f 131//131 132//132 133//133
f 131//131 133//133 102//102
f 69//69 71//71 102//102
f 69//69 102//102 133//133
f 70//70 69//69 133//133
f 70//70 133//133 86//86
f 86//86 133//133 132//132
f 86//86 132//132 134//134
f 134//134 132//132 135//135
f 134//134 135//135 136//136
f 128//128 137//137 135//135
f 128//128 135//135 129//129
f 132//132 131//131 129//129
f 132//132 129//129 135//135
f 136//136 135//135 137//137
f 136//136 137//137 138//138
f 85//85 86//86 134//134
f 85//85 134//134 92//92
f 136//136 91//91 92//92
f 136//136 92//92 134//134
f 96//96 95//95 53//53
f 96//96 53//53 54//54
f 95//95 47//47 39//39
f 95//95 39//39 53//53
f 139//139 116//116 96//96
f 139//139 96//96 140//140
f 141//141 142//142 143//143
f 141//141 143//143 140//140
f 144//144 145//145 143//143
f 144//144 143//143 146//146
f 145//145 139//139 140//140
f 145//145 140//140 143//143
f 147//147 148//148 116//116
f 147//147 116//116 139//139
f 149//149 150//150 151//151
f 149//149 151//151 148//148
f 151//151 111//111 109//109
f 151//151 109//109 115//115
f 150//150 152//152 111//111
f 150//150 111//111 151//151
f 153//153 154//154 152//152
f 153//153 152//152 150//150
f 155//155 156//156 154//154
f 155//155 154//154 157//157
f 154//154 156//156 158//158
f 154//154 158//158 152//152
f 158//158 159//159 114//114
f 158//158 114//114 112//112
f 160//160 159//159 158//158
f 160//160 158//158 156//156
f 152//152 158//158 112//112
f 152//152 112//112 111//111
f 161//161 160//160 156//156
f 161//161 156//156 155//155
f 157//157 162//162 163//163
f 157//157 163//163 155//155
f 164//164 161//161 155//155
f 164//164 155//155 163//163
f 154//154 153//153 165//165
f 154//154 165//165 157//157
f 166//166 165//165 153//153
f 166//166 153//153 167//167
f 166//166 167//167 168//168
f 166//166 168//168 169//169
f 168//168 167//167 149//149
f 168//168 149//149 170//170
f 167//167 153//153 150//150
f 167//167 150//150 149//149
f 162//162 157//157 165//165
f 162//162 165//165 171//171
f 166//166 172//172 171//171
f 166//166 171//171 165//165
f 148//148 151//151 115//115
f 148//148 115//115 116//116
f 170//170 149//149 148//148
f 170//170 148//148 147//147
f 173//173 147//147 139//139
f 173//173 139//139 145//145
f 147//147 173//173 174//174
f 147//147 174//174 170//170
f 175//175 174//174 176//176
f 175//175 176//176 177//177
f 176//176 174//174 173//173
f 176//176 173//173 178//178
f 179//179 176//176 178//178
f 179//179 178//178 180//180
f 180//180 178//178 144//144
f 180//180 144//144 181//181
f 178//178 173//173 145//145
f 178//178 145//145 144//144
f 179//179 182//182 177//177
f 179//179 177//177 176//176
f 183//183 184//184 185//185
f 183//183 185//185 182//182
f 186//186 183//183 182//182
f 186//186 182//182 179//179
f 187//187 177//177 182//182
f 187//187 182//182 185//185
f 169//169 168//168 175//175
f 169//169 175//175 188//188
f 177//177 187//187 188//188
f 177//177 188//188 175//175
f 189//189 169//169 188//188
f 189//189 188//188 190//190
f 190//190 188//188 187//187
f 190//190 187//187 191//191
f 168//168 170//170 174//174
f 168//168 174//174 175//175
f 181//181 144//144 146//146
f 181//181 146//146 192//192
f 193//193 181//181 192//192
f 193//193 192//192 194//194
f 195//195 193//193 194//194
f 195//195 194//194 196//196
f 197//197 180//180 181//181
f 197//197 181//181 193//193
f 186//186 179//179 180//180
f 186//186 180//180 197//197
f 198//198 186//186 197//197
f 198//198 197//197 199//199
f 199//199 200//200 201//201
f 199//199 201//201 198//198
f 202//202 203//203 198//198
f 202//202 198//198 201//201
f 203//203 204//204 184//184
f 203//203 184//184 183//183
f 202//202 205//205 204//204
f 202//202 204//204 203//203
f 198//198 203//203 183//183
f 198//198 183//183 186//186
f 206//206 202//202 201//201
f 206//206 201//201 207//207
f 206//206 207//207 208//208
f 206//206 208//208 209//209
f 210//210 208//208 207//207
f 210//210 207//207 211//211
f 200//200 211//211 207//207
f 200//200 207//207 201//201
f 200//200 199//199 195//195
f 200//200 195//195 212//212
f 212//212 195//195 196//196
f 212//212 196//196 213//213
f 213//213 196//196 214//214
f 213//213 214//214 215//215
f 196//196 194//194 216//216
f 196//196 216//216 214//214
f 211//211 200//200 212//212
f 211//211 212//212 217//217
f 213//213 218//218 217//217
f 213//213 217//217 212//212
f 199//199 197//197 193//193
f 199//199 193//193 195//195
f 219//219 216//216 194//194
f 219//219 194//194 192//192
f 220//220 221//221 216//216
f 220//220 216//216 219//219
f 214//214 216//216 221//221
f 214//214 221//221 222//222
f 215//215 214//214 222//222
f 215//215 222//222 223//223
f 223//223 222//222 224//224
f 223//223 224//224 225//225
f 226//226 227//227 225//225
f 226//226 225//225 224//224
f 228//228 226//226 224//224
f 228//228 224//224 229//229
f 229//229 224//224 222//222
f 229//229 222//222 221//221
f 223//223 230//230 231//231
f 223//223 231//231 215//215
f 215//215 231//231 218//218
f 215//215 218//218 213//213
f 218//218 231//231 232//232
f 218//218 232//232 233//233
f 231//231 230//230 234//234
f 231//231 234//234 232//232
f 225//225 235//235 230//230
f 225//225 230//230 223//223
f 236//236 235//235 225//225
f 236//236 225//225 227//227
f 237//237 234//234 230//230
f 237//237 230//230 235//235
f 235//235 236//236 238//238
f 235//235 238//238 237//237
f 221//221 220//220 239//239
f 221//221 239//239 229//229
f 240//240 239//239 220//220
f 240//240 220//220 241//241
f 242//242 228//228 229//229
f 242//242 229//229 239//239
f 243//243 242//242 239//239
f 243//243 239//239 240//240
f 228//228 242//242 244//244
f 228//228 244//244 245//245
f 242//242 243//243 246//246
f 242//242 246//246 244//244
f 219//219 247//247 241//241
f 219//219 241//241 220//220
f 248//248 241//241 247//247
f 248//248 247//247 142//142
f 146//146 143//143 142//142
f 146//146 142//142 247//247
f 192//192 146//146 247//247
f 192//192 247//247 219//219
f 249//249 240//240 241//241
f 249//249 241//241 248//248
f 240//240 249//249 250//250
f 240//240 250//250 243//243
f 251//251 250//250 249//249
f 251//251 249//249 252//252
f 252//252 249//249 248//248
f 252//252 248//248 253//253
f 142//142 141//141 253//253
f 142//142 253//253 248//248
f 55//55 253//253 141//141
f 55//55 141//141 54//54
f 140//140 96//96 54//54
f 140//140 54//54 141//141
f 254//254 3500//3500 3501//3501
f 255//255 3502//3502 3503//3503
f 256//256 257//257 258//258
f 256//256 258//258 259//259
f 260//260 257//257 261//261
f 260//260 261//261 262//262
f 262//262 261//261 263//263
f 262//262 263//263 264//264
f 265//265 263//263 261//261
f 265//265 261//261 266//266
f 257//257 256//256 266//266
f 257//257 266//266 261//261
f 267//267 268//268 256//256
f 267//267 256//256 259//259
f 160//160 161//161 269//269
f 160//160 269//269 268//268
f 256//256 268//268 269//269
f 256//256 269//269 266//266
f 266//266 269//269 270//270
f 266//266 270//270 265//265
f 265//265 270//270 271//271
f 265//265 271//271 272//272
f 273//273 274//274 272//272
f 273//273 272//272 271//271
f 275//275 276//276 277//277
f 275//275 277//277 274//274
f 274//274 273//273 278//278
f 274//274 278//278 275//275
f 274//274 277//277 279//279
f 274//274 279//279 272//272
f 273//273 271//271 280//280
f 273//273 280//280 281//281
f 271//271 270//270 164//164
f 271//271 164//164 280//280
f 281//281 280//280 282//282
f 281//281 282//282 283//283
f 280//280 164//164 163//163
f 280//280 163//163 282//282
f 272//272 279//279 263//263
f 272//272 263//263 265//265
f 161//161 164//164 270//270
f 161//161 270//270 269//269
f 160//160 268//268 267//267
f 160//160 267//267 159//159
f 125//125 159//159 267//267
f 125//125 267//267 284//284
f 285//285 284//284 267//267
f 285//285 267//267 259//259
f 286//286 284//284 285//285
f 286//286 285//285 287//287
f 288//288 289//289 290//290
f 288//288 290//290 287//287
f 287//287 285//285 291//291
f 287//287 291//291 288//288
f 287//287 290//290 130//130
f 287//287 130//130 286//286
f 292//292 291//291 285//285
f 292//292 285//285 259//259
f 291//291 292//292 293//293
f 291//291 293//293 294//294
f 293//293 292//292 295//295
f 293//293 295//295 296//296
f 292//292 259//259 258//258
f 292//292 258//258 295//295
f 286//286 123//123 125//125
f 286//286 125//125 284//284
f 264//264 263//263 279//279
f 264//264 279//279 297//297
f 298//298 299//299 300//300
f 298//298 300//300 297//297
f 301//301 264//264 297//297
f 301//301 297//297 300//300
f 302//302 262//262 264//264
f 302//302 264//264 301//301
f 260//260 262//262 302//302
f 260//260 302//302 303//303
f 303//303 302//302 304//304
f 303//303 304//304 305//305
f 304//304 306//306 307//307
f 304//304 307//307 305//305
f 308//308 307//307 306//306
f 308//308 306//306 309//309
f 307//307 310//310 311//311
f 307//307 311//311 305//305
f 312//312 310//310 307//307
f 312//312 307//307 308//308
f 306//306 304//304 313//313
f 306//306 313//313 314//314
f 315//315 316//316 314//314
f 315//315 314//314 313//313
f 300//300 315//315 313//313
f 300//300 313//313 301//301
f 304//304 302//302 301//301
f 304//304 301//301 313//313
f 317//317 303//303 305//305
f 317//317 305//305 311//311
f 317//317 318//318 319//319
f 317//317 319//319 320//320
f 311//311 321//321 318//318
f 311//311 318//318 317//317
f 320//320 260//260 303//303
f 320//320 303//303 317//317
f 299//299 322//322 315//315
f 299//299 315//315 300//300
f 299//299 298//298 323//323
f 299//299 323//323 324//324
f 276//276 323//323 298//298
f 276//276 298//298 277//277
f 324//324 323//323 325//325
f 324//324 325//325 326//326
f 325//325 327//327 328//328
f 325//325 328//328 329//329
f 327//327 330//330 331//331
f 327//327 331//331 328//328
f 276//276 275//275 330//330
f 276//276 330//330 327//327
f 327//327 325//325 323//323
f 327//327 323//323 276//276
f 329//329 332//332 326//326
f 329//329 326//326 325//325
f 333//333 334//334 332//332
f 333//333 332//332 329//329
f 335//335 333//333 329//329
f 335//335 329//329 328//328
f 322//322 299//299 324//324
f 322//322 324//324 336//336
f 337//337 322//322 336//336
f 337//337 336//336 338//338
f 338//338 336//336 339//339
f 338//338 339//339 340//340
f 326//326 339//339 336//336
f 326//326 336//336 324//324
f 277//277 298//298 297//297
f 277//277 297//297 279//279
f 320//320 258//258 257//257
f 320//320 257//257 260//260
f 341//341 342//342 343//343
f 341//341 343//343 344//344
f 345//345 346//346 347//347
f 345//345 347//347 342//342
f 348//348 346//346 349//349
f 348//348 349//349 350//350
f 351//351 352//352 349//349
f 351//351 349//349 353//353
f 354//354 352//352 355//355
f 354//354 355//355 356//356
f 356//356 355//355 357//357
f 356//356 357//357 358//358
f 358//358 357//357 359//359
f 358//358 359//359 360//360
f 360//360 359//359 361//361
f 360//360 361//361 362//362
f 362//362 361//361 3505//3505
f 362//362 3505//3505 3504//3504
f 362//362 3506//3506 3507//3507
f 363//363 3508//3508 3509//3509
f 361//361 363//363 3511//3511
f 361//361 3511//3511 3510//3510
f 363//363 364//364 3513//3513
f 363//363 3513//3513 3512//3512
f 364//364 3514//3514 3515//3515
f 362//362 365//365 366//366
f 362//362 366//366 360//360
f 367//367 366//366 365//365
f 367//367 365//365 368//368
f 368//368 365//365 3517//3517
f 368//368 3517//3517 3516//3516
f 368//368 3518//3518 3519//3519
f 365//365 362//362 3521//3521
f 365//365 3521//3521 3520//3520
f 365//365 3522//3522 3523//3523
f 369//369 358//358 360//360
f 369//369 360//360 366//366
f 361//361 359//359 370//370
f 361//361 370//370 363//363
f 357//357 371//371 370//370
f 357//357 370//370 359//359
f 370//370 371//371 372//372
f 370//370 372//372 373//373
f 372//372 371//371 374//374
f 372//372 374//374 375//375
f 371//371 357//357 355//355
f 371//371 355//355 374//374
f 363//363 370//370 373//373
f 363//363 373//373 364//364
f 356//356 376//376 377//377
f 356//356 377//377 354//354
f 369//369 378//378 379//379
f 369//369 379//379 376//376
f 380//380 377//377 376//376
f 380//380 376//376 379//379
f 354//354 377//377 381//381
f 354//354 381//381 350//350
f 377//377 380//380 382//382
f 377//377 382//382 381//381
f 350//350 381//381 383//383
f 350//350 383//383 348//348
f 381//381 382//382 384//384
f 381//381 384//384 383//383
f 352//352 354//354 350//350
f 352//352 350//350 349//349
f 385//385 380//380 379//379
f 385//385 379//379 386//386
f 387//387 386//386 388//388
f 387//387 388//388 389//389
f 389//389 388//388 390//390
f 389//389 390//390 391//391
f 367//367 390//390 388//388
f 367//367 388//388 378//378
f 386//386 379//379 378//378
f 386//386 378//378 388//388
f 138//138 387//387 389//389
f 138//138 389//389 392//392
f 386//386 387//387 393//393
f 386//386 393//393 385//385
f 387//387 138//138 137//137
f 387//387 137//137 393//393
f 358//358 369//369 376//376
f 358//358 376//376 356//356
f 374//374 355//355 352//352
f 374//374 352//352 351//351
f 353//353 394//394 395//395
f 353//353 395//395 351//351
f 396//396 397//397 395//395
f 396//396 395//395 394//394
f 398//398 399//399 396//396
f 398//398 396//396 394//394
f 400//400 396//396 399//399
f 400//400 399//399 401//401
f 402//402 397//397 396//396
f 402//402 396//396 400//400
f 401//401 403//403 404//404
f 401//401 404//404 400//400
f 405//405 406//406 403//403
f 405//405 403//403 401//401
f 407//407 405//405 401//401
f 407//407 401//401 399//399
f 399//399 398//398 341//341
f 399//399 341//341 407//407
f 342//342 341//341 398//398
f 342//342 398//398 345//345
f 345//345 398//398 394//394
f 345//345 394//394 353//353
f 351//351 395//395 375//375
f 351//351 375//375 374//374
f 395//395 397//397 408//408
f 395//395 408//408 375//375
f 372//372 375//375 408//408
f 372//372 408//408 409//409
f 373//373 372//372 409//409
f 373//373 409//409 410//410
f 410//410 409//409 411//411
f 410//410 411//411 412//412
f 364//364 410//410 3525//3525
f 364//364 3525//3525 3524//3524
f 410//410 364//364 373//373
f 410//410 412//412 3527//3527
f 410//410 3527//3527 3526//3526
f 412//412 3528//3528 3529//3529
f 409//409 408//408 413//413
f 409//409 413//413 411//411
f 411//411 413//413 414//414
f 411//411 414//414 415//415
f 416//416 414//414 413//413
f 416//416 413//413 417//417
f 408//408 397//397 417//417
f 408//408 417//417 413//413
f 353//353 349//349 346//346
f 353//353 346//346 345//345
f 346//346 348//348 418//418
f 346//346 418//418 347//347
f 419//419 418//418 348//348
f 419//419 348//348 383//383
f 420//420 421//421 419//419
f 420//420 419//419 422//422
f 418//418 419//419 421//421
f 418//418 421//421 423//423
f 423//423 421//421 293//293
f 423//423 293//293 296//296
f 423//423 424//424 347//347
f 423//423 347//347 418//418
f 424//424 343//343 342//342
f 424//424 342//342 347//347
f 343//343 424//424 425//425
f 343//343 425//425 426//426
f 318//318 426//426 425//425
f 318//318 425//425 319//319
f 343//343 426//426 427//427
f 343//343 427//427 344//344
f 426//426 318//318 321//321
f 426//426 321//321 427//427
f 319//319 425//425 296//296
f 319//319 296//296 295//295
f 424//424 423//423 296//296
f 424//424 296//296 425//425
f 294//294 293//293 421//421
f 294//294 421//421 420//420
f 294//294 420//420 288//288
f 294//294 288//288 291//291
f 422//422 289//289 288//288
f 422//422 288//288 420//420
f 289//289 422//422 384//384
f 289//289 384//384 428//428
f 428//428 429//429 290//290
f 428//428 290//290 289//289
f 430//430 431//431 429//429
f 430//430 429//429 428//428
f 385//385 393//393 431//431
f 385//385 431//431 430//430
f 380//380 385//385 430//430
f 380//380 430//430 382//382
f 428//428 384//384 382//382
f 428//428 382//382 430//430
f 127//127 130//130 290//290
f 127//127 290//290 429//429
f 127//127 429//429 431//431
f 127//127 431//431 128//128
f 383//383 384//384 422//422
f 383//383 422//422 419//419
f 407//407 341//341 344//344
f 407//407 344//344 432//432
f 405//405 407//407 432//432
f 405//405 432//432 433//433
f 433//433 434//434 406//406
f 433//433 406//406 405//405
f 435//435 436//436 434//434
f 435//435 434//434 433//433
f 437//437 438//438 439//439
f 437//437 439//439 436//436
f 440//440 441//441 439//439
f 440//440 439//439 442//442
f 442//442 443//443 444//444
f 442//442 444//444 440//440
f 445//445 446//446 444//444
f 445//445 444//444 447//447
f 448//448 449//449 446//446
f 448//448 446//446 445//445
f 450//450 448//448 445//445
f 450//450 445//445 451//451
f 452//452 453//453 448//448
f 452//452 448//448 450//450
f 453//453 454//454 449//449
f 453//453 449//449 448//448
f 455//455 451//451 456//456
f 455//455 456//456 457//457
f 451//451 445//445 447//447
f 451//451 447//447 456//456
f 451//451 455//455 458//458
f 451//451 458//458 450//450
f 446//446 459//459 440//440
f 446//446 440//440 444//444
f 459//459 460//460 441//441
f 459//459 441//441 440//440
f 434//434 441//441 460//460
f 434//434 460//460 406//406
f 406//406 460//460 461//461
f 406//406 461//461 403//403
f 460//460 459//459 462//462
f 460//460 462//462 461//461
f 449//449 462//462 459//459
f 449//449 459//459 446//446
f 447//447 444//444 443//443
f 447//447 443//443 463//463
f 464//464 465//465 463//463
f 464//464 463//463 443//443
f 456//456 447//447 463//463
f 456//456 463//463 466//466
f 466//466 467//467 457//457
f 466//466 457//457 456//456
f 467//467 466//466 468//468
f 467//467 468//468 469//469
f 466//466 463//463 465//465
f 466//466 465//465 468//468
f 465//465 464//464 470//470
f 465//465 470//470 471//471
f 464//464 472//472 473//473
f 464//464 473//473 470//470
f 471//471 470//470 474//474
f 471//471 474//474 475//475
f 476//476 474//474 470//470
f 476//476 470//470 473//473
f 443//443 442//442 472//472
f 443//443 472//472 464//464
f 442//442 439//439 438//438
f 442//442 438//438 472//472
f 472//472 438//438 477//477
f 472//472 477//477 473//473
f 478//478 476//476 473//473
f 478//478 473//473 477//477
f 479//479 480//480 478//478
f 479//479 478//478 481//481
f 482//482 483//483 480//480
f 482//482 480//480 479//479
f 480//480 484//484 476//476
f 480//480 476//476 478//478
f 483//483 485//485 484//484
f 483//483 484//484 480//480
f 486//486 479//479 481//481
f 486//486 481//481 487//487
f 488//488 489//489 487//487
f 488//488 487//487 481//481
f 477//477 488//488 481//481
f 477//477 481//481 478//478
f 438//438 437//437 488//488
f 438//438 488//488 477//477
f 489//489 488//488 437//437
f 489//489 437//437 490//490
f 490//490 491//491 492//492
f 490//490 492//492 489//489
f 435//435 493//493 491//491
f 435//435 491//491 490//490
f 490//490 437//437 436//436
f 490//490 436//436 435//435
f 441//441 434//434 436//436
f 441//441 436//436 439//439
f 433//433 432//432 493//493
f 433//433 493//493 435//435
f 494//494 493//493 432//432
f 494//494 432//432 344//344
f 493//493 494//494 495//495
f 493//493 495//495 491//491
f 496//496 492//492 491//491
f 496//496 491//491 495//495
f 492//492 496//496 497//497
f 492//492 497//497 498//498
f 499//499 500//500 498//498
f 499//499 498//498 497//497
f 489//489 492//492 498//498
f 489//489 498//498 487//487
f 487//487 498//498 500//500
f 487//487 500//500 486//486
f 501//501 502//502 486//486
f 501//501 486//486 500//500
f 503//503 504//504 502//502
f 503//503 502//502 501//501
f 504//504 505//505 482//482
f 504//504 482//482 502//502
f 506//506 507//507 505//505
f 506//506 505//505 504//504
f 505//505 508//508 483//483
f 505//505 483//483 482//482
f 508//508 505//505 507//507
f 508//508 507//507 509//509
f 502//502 482//482 479//479
f 502//502 479//479 486//486
f 504//504 503//503 510//510
f 504//504 510//510 506//506
f 511//511 510//510 512//512
f 511//511 512//512 513//513
f 512//512 510//510 503//503
f 512//512 503//503 514//514
f 515//515 506//506 510//510
f 515//515 510//510 511//511
f 514//514 503//503 501//501
f 514//514 501//501 516//516
f 517//517 514//514 516//516
f 517//517 516//516 518//518
f 519//519 520//520 521//521
f 519//519 521//521 518//518
f 518//518 516//516 499//499
f 518//518 499//499 519//519
f 518//518 521//521 522//522
f 518//518 522//522 517//517
f 516//516 501//501 500//500
f 516//516 500//500 499//499
f 519//519 499//499 497//497
f 519//519 497//497 523//523
f 496//496 524//524 523//523
f 496//496 523//523 497//497
f 524//524 525//525 526//526
f 524//524 526//526 523//523
f 527//527 526//526 525//525
f 527//527 525//525 528//528
f 527//527 528//528 529//529
f 527//527 529//529 530//530
f 308//308 529//529 528//528
f 308//308 528//528 312//312
f 530//530 529//529 531//531
f 530//530 531//531 532//532
f 529//529 308//308 309//309
f 529//529 309//309 531//531
f 526//526 527//527 533//533
f 526//526 533//533 520//520
f 533//533 527//527 530//530
f 533//533 530//530 534//534
f 528//528 525//525 535//535
f 528//528 535//535 312//312
f 536//536 310//310 312//312
f 536//536 312//312 535//535
f 535//535 537//537 538//538
f 535//535 538//538 536//536
f 525//525 524//524 537//537
f 525//525 537//537 535//535
f 524//524 496//496 495//495
f 524//524 495//495 537//537
f 523//523 526//526 520//520
f 523//523 520//520 519//519
f 537//537 495//495 494//494
f 537//537 494//494 538//538
f 538//538 494//494 344//344
f 538//538 344//344 427//427
f 539//539 540//540 541//541
f 539//539 541//541 542//542
f 540//540 543//543 544//544
f 540//540 544//544 541//541
f 545//545 546//546 544//544
f 545//545 544//544 547//547
f 548//548 545//545 547//547
f 548//548 547//547 549//549
f 550//550 548//548 549//549
f 550//550 549//549 551//551
f 550//550 551//551 552//552
f 550//550 552//552 553//553
f 554//554 555//555 556//556
f 554//554 556//556 552//552
f 553//553 552//552 556//556
f 553//553 556//556 557//557
f 558//558 559//559 557//557
f 558//558 557//557 560//560
f 560//560 561//561 562//562
f 560//560 562//562 558//558
f 563//563 562//562 561//561
f 563//563 561//561 564//564
f 565//565 564//564 561//561
f 565//565 561//561 566//566
f 561//561 560//560 555//555
f 561//561 555//555 566//566
f 567//567 568//568 558//558
f 567//567 558//558 562//562
f 568//568 569//569 559//559
f 568//568 559//559 558//558
f 560//560 557//557 556//556
f 560//560 556//556 555//555
f 570//570 553//553 557//557
f 570//570 557//557 559//559
f 550//550 553//553 571//571
f 550//550 571//571 572//572
f 571//571 553//553 570//570
f 571//571 570//570 573//573
f 574//574 572//572 571//571
f 574//574 571//571 573//573
f 550//550 572//572 575//575
f 550//550 575//575 548//548
f 554//554 576//576 566//566
f 554//554 566//566 555//555
f 576//576 577//577 578//578
f 576//576 578//578 566//566
f 577//577 579//579 580//580
f 577//577 580//580 581//581
f 582//582 580//580 579//579
f 582//582 579//579 583//583
f 581//581 580//580 584//584
f 581//581 584//584 585//585
f 586//586 584//584 580//580
f 586//586 580//580 582//582
f 579//579 577//577 576//576
f 579//579 576//576 587//587
f 587//587 588//588 589//589
f 587//587 589//589 590//590
f 576//576 554//554 588//588
f 576//576 588//588 587//587
f 579//579 587//587 590//590
f 579//579 590//590 583//583
f 578//578 577//577 581//581
f 578//578 581//581 591//591
f 592//592 578//578 591//591
f 592//592 591//591 593//593
f 591//591 594//594 595//595
f 591//591 595//595 593//593
f 591//591 581//581 585//585
f 591//591 585//585 594//594
f 554//554 552//552 596//596
f 554//554 596//596 588//588
f 597//597 596//596 598//598
f 597//597 598//598 599//599
f 551//551 549//549 599//599
f 551//551 599//599 598//598
f 599//599 600//600 601//601
f 599//599 601//601 597//597
f 600//600 599//599 549//549
f 600//600 549//549 547//547
f 596//596 552//552 551//551
f 596//596 551//551 598//598
f 589//589 588//588 596//596
f 589//589 596//596 597//597
f 546//546 545//545 602//602
f 546//546 602//602 603//603
f 604//604 605//605 603//603
f 604//604 603//603 602//602
f 603//603 606//606 607//607
f 603//603 607//607 546//546
f 607//607 608//608 542//542
f 607//607 542//542 541//541
f 546//546 607//607 541//541
f 546//546 541//541 544//544
f 609//609 542//542 608//608
f 609//609 608//608 610//610
f 611//611 609//609 610//610
f 611//611 610//610 612//612
f 613//613 611//611 612//612
f 613//613 612//612 614//614
f 614//614 612//612 615//615
f 614//614 615//615 616//616
f 612//612 610//610 617//617
f 612//612 617//617 615//615
f 618//618 619//619 542//542
f 618//618 542//542 609//609
f 620//620 618//618 609//609
f 620//620 609//609 611//611
f 621//621 617//617 610//610
f 621//621 610//610 608//608
f 622//622 623//623 617//617
f 622//622 617//617 621//621
f 621//621 606//606 624//624
f 621//621 624//624 622//622
f 606//606 621//621 608//608
f 606//606 608//608 607//607
f 606//606 603//603 605//605
f 606//606 605//605 624//624
f 624//624 605//605 567//567
f 624//624 567//567 625//625
f 626//626 625//625 563//563
f 626//626 563//563 627//627
f 628//628 626//626 627//627
f 628//628 627//627 629//629
f 630//630 631//631 632//632
f 630//630 632//632 629//629
f 633//633 634//634 630//630
f 633//633 630//630 629//629
f 635//635 636//636 633//633
f 635//635 633//633 629//629
f 629//629 627//627 637//637
f 629//629 637//637 635//635
f 638//638 628//628 629//629
f 638//638 629//629 632//632
f 639//639 623//623 622//622
f 639//639 622//622 626//626
f 640//640 639//639 626//626
f 640//640 626//626 628//628
f 622//622 624//624 625//625
f 622//622 625//625 626//626
f 564//564 637//637 627//627
f 564//564 627//627 563//563
f 562//562 563//563 625//625
f 562//562 625//625 567//567
f 568//568 567//567 605//605
f 568//568 605//605 604//604
f 604//604 602//602 575//575
f 604//604 575//575 641//641
f 574//574 641//641 575//575
f 574//574 575//575 572//572
f 604//604 641//641 569//569
f 604//604 569//569 568//568
f 641//641 574//574 573//573
f 641//641 573//573 569//569
f 575//575 602//602 545//545
f 575//575 545//545 548//548
f 543//543 600//600 547//547
f 543//543 547//547 544//544
f 642//642 601//601 600//600
f 642//642 600//600 543//543
f 601//601 642//642 643//643
f 601//601 643//643 644//644
f 645//645 646//646 644//644
f 645//645 644//644 643//643
f 647//647 648//648 646//646
f 647//647 646//646 645//645
f 645//645 649//649 650//650
f 645//645 650//650 647//647
f 651//651 652//652 653//653
f 651//651 653//653 650//650
f 653//653 654//654 647//647
f 653//653 647//647 650//650
f 653//653 655//655 656//656
f 653//653 656//656 654//654
f 655//655 653//653 652//652
f 655//655 652//652 657//657
f 658//658 651//651 659//659
f 658//658 659//659 660//660
f 649//649 659//659 651//651
f 649//649 651//651 650//650
f 652//652 651//651 658//658
f 652//652 658//658 661//661
f 649//649 645//645 643//643
f 649//649 643//643 662//662
f 662//662 643//643 642//642
f 662//662 642//642 663//663
f 664//664 662//662 663//663
f 664//664 663//663 665//665
f 665//665 663//663 540//540
f 665//665 540//540 539//539
f 663//663 642//642 543//543
f 663//663 543//543 540//540
f 659//659 649//649 662//662
f 659//659 662//662 664//664
f 666//666 582//582 583//583
f 666//666 583//583 648//648
f 654//654 666//666 648//648
f 654//654 648//648 647//647
f 667//667 586//586 582//582
f 667//667 582//582 666//666
f 666//666 654//654 656//656
f 666//666 656//656 667//667
f 668//668 586//586 667//667
f 668//668 667//667 669//669
f 669//669 667//667 656//656
f 669//669 656//656 670//670
f 648//648 583//583 590//590
f 648//648 590//590 646//646
f 646//646 590//590 589//589
f 646//646 589//589 644//644
f 644//644 589//589 597//597
f 644//644 597//597 601//601
f 619//619 671//671 539//539
f 619//619 539//539 542//542
f 672//672 665//665 539//539
f 672//672 539//539 671//671
f 673//673 664//664 665//665
f 673//673 665//665 672//672
f 660//660 659//659 664//664
f 660//660 664//664 673//673
f 674//674 660//660 673//673
f 674//674 673//673 675//675
f 676//676 674//674 675//675
f 676//676 675//675 677//677
f 677//677 675//675 678//678
f 677//677 678//678 679//679
f 672//672 678//678 675//675
f 672//672 675//675 673//673
f 679//679 678//678 680//680
f 679//679 680//680 681//681
f 681//681 680//680 682//682
f 681//681 682//682 683//683
f 682//682 619//619 618//618
f 682//682 618//618 684//684
f 683//683 682//682 684//684
f 683//683 684//684 685//685
f 686//686 683//683 685//685
f 686//686 685//685 687//687
f 687//687 685//685 688//688
f 687//687 688//688 689//689
f 685//685 684//684 690//690
f 685//685 690//690 688//688
f 620//620 690//690 684//684
f 620//620 684//684 618//618
f 680//680 671//671 619//619
f 680//680 619//619 682//682
f 691//691 679//679 681//681
f 691//691 681//681 692//692
f 683//683 686//686 692//692
f 683//683 692//692 681//681
f 693//693 691//691 692//692
f 693//693 692//692 694//694
f 695//695 693//693 694//694
f 695//695 694//694 696//696
f 696//696 694//694 697//697
f 696//696 697//697 698//698
f 694//694 692//692 686//686
f 694//694 686//686 697//697
f 679//679 691//691 699//699
f 679//679 699//699 677//677
f 700//700 699//699 691//691
f 700//700 691//691 693//693
f 678//678 672//672 671//671
f 678//678 671//671 680//680
f 701//701 676//676 677//677
f 701//701 677//677 699//699
f 702//702 703//703 701//701
f 702//702 701//701 704//704
f 703//703 705//705 676//676
f 703//703 676//676 701//701
f 705//705 706//706 674//674
f 705//705 674//674 676//676
f 706//706 658//658 660//660
f 706//706 660//660 674//674
f 707//707 661//661 658//658
f 707//707 658//658 706//706
f 708//708 707//707 706//706
f 708//708 706//706 705//705
f 709//709 661//661 707//707
f 709//709 707//707 710//710
f 711//711 710//710 707//707
f 711//711 707//707 708//708
f 712//712 708//708 705//705
f 712//712 705//705 703//703
f 703//703 702//702 713//713
f 703//703 713//713 712//712
f 714//714 713//713 702//702
f 714//714 702//702 715//715
f 716//716 714//714 715//715
f 716//716 715//715 717//717
f 717//717 715//715 718//718
f 717//717 718//718 719//719
f 715//715 702//702 704//704
f 715//715 704//704 718//718
f 720//720 721//721 712//712
f 720//720 712//712 713//713
f 722//722 720//720 713//713
f 722//722 713//713 714//714
f 721//721 711//711 708//708
f 721//721 708//708 712//712
f 704//704 701//701 699//699
f 704//704 699//699 700//700
f 723//723 724//724 725//725
f 723//723 725//725 726//726
f 725//725 724//724 727//727
f 725//725 727//727 728//728
f 729//729 728//728 727//727
f 729//729 727//727 730//730
f 731//731 728//728 732//732
f 731//731 732//732 733//733
f 733//733 732//732 734//734
f 733//733 734//734 735//735
f 736//736 734//734 737//737
f 736//736 737//737 738//738
f 738//738 737//737 739//739
f 738//738 739//739 740//740
f 732//732 728//728 729//729
f 732//732 729//729 739//739
f 730//730 741//741 742//742
f 730//730 742//742 729//729
f 595//595 594//594 742//742
f 595//595 742//742 741//741
f 742//742 740//740 739//739
f 742//742 739//739 729//729
f 585//585 740//740 742//742
f 585//585 742//742 594//594
f 595//595 741//741 743//743
f 595//595 743//743 593//593
f 743//743 565//565 592//592
f 743//743 592//592 593//593
f 637//637 564//564 565//565
f 637//637 565//565 743//743
f 743//743 741//741 635//635
f 743//743 635//635 637//637
f 730//730 636//636 635//635
f 730//730 635//635 741//741
f 724//724 636//636 730//730
f 724//724 730//730 727//727
f 737//737 734//734 732//732
f 737//737 732//732 739//739
f 744//744 738//738 740//740
f 744//744 740//740 745//745
f 668//668 746//746 744//744
f 668//668 744//744 745//745
f 669//669 747//747 746//746
f 669//669 746//746 668//668
f 670//670 748//748 747//747
f 670//670 747//747 669//669
f 736//736 746//746 747//747
f 736//736 747//747 749//749
f 748//748 750//750 749//749
f 748//748 749//749 747//747
f 738//738 744//744 746//746
f 738//738 746//746 736//736
f 668//668 745//745 584//584
f 668//668 584//584 586//586
f 745//745 740//740 585//585
f 745//745 585//585 584//584
f 749//749 735//735 734//734
f 749//749 734//734 736//736
f 750//750 751//751 735//735
f 750//750 735//735 749//749
f 752//752 753//753 751//751
f 752//752 751//751 750//750
f 753//753 754//754 755//755
f 753//753 755//755 751//751
f 756//756 757//757 758//758
f 756//756 758//758 755//755
f 759//759 760//760 731//731
f 759//759 731//731 758//758
f 759//759 758//758 757//757
f 759//759 757//757 761//761
f 758//758 731//731 733//733
f 758//758 733//733 755//755
f 762//762 756//756 763//763
f 762//762 763//763 764//764
f 763//763 756//756 755//755
f 763//763 755//755 754//754
f 762//762 765//765 757//757
f 762//762 757//757 756//756
f 735//735 751//751 755//755
f 735//735 755//755 733//733
f 753//753 752//752 766//766
f 753//753 766//766 754//754
f 767//767 766//766 752//752
f 767//767 752//752 768//768
f 766//766 767//767 769//769
f 766//766 769//769 754//754
f 768//768 752//752 750//750
f 768//768 750//750 748//748
f 770//770 767//767 768//768
f 770//770 768//768 771//771
f 771//771 768//768 748//748
f 771//771 748//748 670//670
f 731//731 726//726 725//725
f 731//731 725//725 728//728
f 760//760 772//772 726//726
f 760//760 726//726 731//731
f 772//772 773//773 723//723
f 772//772 723//723 726//726
f 772//772 774//774 638//638
f 772//772 638//638 773//773
f 760//760 775//775 774//774
f 760//760 774//774 772//772
f 775//775 776//776 640//640
f 775//775 640//640 774//774
f 776//776 777//777 639//639
f 776//776 639//639 640//640
f 778//778 779//779 780//780
f 778//778 780//780 777//777
f 777//777 776//776 781//781
f 777//777 781//781 778//778
f 777//777 780//780 623//623
f 777//777 623//623 639//639
f 782//782 781//781 776//776
f 782//782 776//776 775//775
f 775//775 760//760 759//759
f 775//775 759//759 782//782
f 781//781 782//782 783//783
f 781//781 783//783 784//784
f 782//782 759//759 761//761
f 782//782 761//761 783//783
f 628//628 638//638 774//774
f 628//628 774//774 640//640
f 773//773 631//631 630//630
f 773//773 630//630 723//723
f 723//723 630//630 634//634
f 723//723 634//634 724//724
f 632//632 631//631 773//773
f 632//632 773//773 638//638
f 634//634 633//633 636//636
f 634//634 636//636 724//724
f 785//785 786//786 787//787
f 785//785 787//787 788//788
f 789//789 787//787 790//790
f 789//789 790//790 791//791
f 790//790 792//792 793//793
f 790//790 793//793 791//791
f 794//794 795//795 796//796
f 794//794 796//796 792//792
f 797//797 796//796 795//795
f 797//797 795//795 798//798
f 792//792 796//796 799//799
f 792//792 799//799 793//793
f 793//793 799//799 800//800
f 793//793 800//800 801//801
f 802//802 803//803 801//801
f 802//802 801//801 800//800
f 791//791 793//793 801//801
f 791//791 801//801 804//804
f 805//805 804//804 806//806
f 805//805 806//806 807//807
f 808//808 809//809 806//806
f 808//808 806//806 803//803
f 803//803 806//806 804//804
f 803//803 804//804 801//801
f 807//807 806//806 809//809
f 807//807 809//809 810//810
f 804//804 805//805 789//789
f 804//804 789//789 791//791
f 811//811 789//789 805//805
f 811//811 805//805 812//812
f 807//807 813//813 812//812
f 807//807 812//812 805//805
f 814//814 808//808 803//803
f 814//814 803//803 802//802
f 808//808 814//814 815//815
f 808//808 815//815 816//816
f 817//817 818//818 815//815
f 817//817 815//815 819//819
f 819//819 815//815 814//814
f 819//819 814//814 820//820
f 818//818 821//821 816//816
f 818//818 816//816 815//815
f 820//820 814//814 802//802
f 820//820 802//802 822//822
f 823//823 822//822 824//824
f 823//823 824//824 825//825
f 822//822 802//802 800//800
f 822//822 800//800 824//824
f 826//826 820//820 822//822
f 826//826 822//822 823//823
f 824//824 800//800 799//799
f 824//824 799//799 827//827
f 825//825 824//824 827//827
f 825//825 827//827 828//828
f 828//828 829//829 830//830
f 828//828 830//830 825//825
f 831//831 830//830 829//829
f 831//831 829//829 832//832
f 833//833 823//823 825//825
f 833//833 825//825 830//830
f 834//834 833//833 830//830
f 834//834 830//830 831//831
f 829//829 828//828 835//835
f 829//829 835//835 836//836
f 828//828 827//827 797//797
f 828//828 797//797 835//835
f 836//836 835//835 837//837
f 836//836 837//837 838//838
f 835//835 797//797 798//798
f 835//835 798//798 837//837
f 827//827 799//799 796//796
f 827//827 796//796 797//797
f 798//798 795//795 839//839
f 798//798 839//839 840//840
f 841//841 839//839 795//795
f 841//841 795//795 794//794
f 794//794 842//842 843//843
f 794//794 843//843 841//841
f 786//786 844//844 843//843
f 786//786 843//843 842//842
f 845//845 843//843 844//844
f 845//845 844//844 846//846
f 847//847 845//845 846//846
f 847//847 846//846 848//848
f 849//849 847//847 848//848
f 849//849 848//848 850//850
f 851//851 852//852 850//850
f 851//851 850//850 848//848
f 851//851 848//848 853//853
f 851//851 853//853 854//854
f 848//848 846//846 855//855
f 848//848 855//855 853//853
f 845//845 847//847 856//856
f 845//845 856//856 857//857
f 843//843 845//845 857//857
f 843//843 857//857 841//841
f 846//846 844//844 858//858
f 846//846 858//858 855//855
f 855//855 858//858 859//859
f 855//855 859//859 860//860
f 861//861 859//859 858//858
f 861//861 858//858 785//785
f 844//844 786//786 785//785
f 844//844 785//785 858//858
f 790//790 787//787 786//786
f 790//790 786//786 842//842
f 792//792 790//790 842//842
f 792//792 842//842 794//794
f 862//862 863//863 840//840
f 862//862 840//840 839//839
f 862//862 864//864 865//865
f 862//862 865//865 863//863
f 857//857 856//856 864//864
f 857//857 864//864 862//862
f 839//839 841//841 857//857
f 839//839 857//857 862//862
f 864//864 866//866 867//867
f 864//864 867//867 865//865
f 868//868 867//867 866//866
f 868//868 866//866 869//869
f 869//869 866//866 870//870
f 869//869 870//870 871//871
f 849//849 872//872 871//871
f 849//849 871//871 870//870
f 870//870 856//856 847//847
f 870//870 847//847 849//849
f 866//866 864//864 856//856
f 866//866 856//856 870//870
f 869//869 873//873 874//874
f 869//869 874//874 868//868
f 875//875 873//873 876//876
f 875//875 876//876 877//877
f 871//871 876//876 873//873
f 871//871 873//873 869//869
f 873//873 875//875 878//878
f 873//873 878//878 874//874
f 867//867 868//868 879//879
f 867//867 879//879 880//880
f 868//868 874//874 881//881
f 868//868 881//881 879//879
f 863//863 865//865 882//882
f 863//863 882//882 883//883
f 882//882 880//880 884//884
f 882//882 884//884 885//885
f 879//879 886//886 884//884
f 879//879 884//884 880//880
f 884//884 887//887 888//888
f 884//884 888//888 885//885
f 884//884 886//886 889//889
f 884//884 889//889 887//887
f 865//865 867//867 880//880
f 865//865 880//880 882//882
f 883//883 882//882 885//885
f 883//883 885//885 890//890
f 885//885 888//888 891//891
f 885//885 891//891 890//890
f 890//890 892//892 893//893
f 890//890 893//893 883//883
f 890//890 891//891 894//894
f 890//890 894//894 892//892
f 840//840 863//863 883//883
f 840//840 883//883 893//893
f 840//840 893//893 837//837
f 840//840 837//837 798//798
f 811//811 788//788 787//787
f 811//811 787//787 789//789
f 895//895 861//861 785//785
f 895//895 785//785 788//788
f 784//784 895//895 778//778
f 784//784 778//778 781//781
f 779//779 778//778 895//895
f 779//779 895//895 788//788
f 896//896 861//861 895//895
f 896//896 895//895 784//784
f 897//897 859//859 861//861
f 897//897 861//861 896//896
f 898//898 860//860 859//859
f 898//898 859//859 897//897
f 899//899 898//898 900//900
f 899//899 900//900 901//901
f 902//902 903//903 901//901
f 902//902 901//901 900//900
f 903//903 904//904 905//905
f 903//903 905//905 901//901
f 906//906 907//907 904//904
f 906//906 904//904 903//903
f 906//906 908//908 909//909
f 906//906 909//909 910//910
f 911//911 909//909 908//908
f 911//911 908//908 912//912
f 908//908 906//906 903//903
f 908//908 903//903 902//902
f 902//902 913//913 912//912
f 902//902 912//912 908//908
f 764//764 909//909 911//911
f 764//764 911//911 762//762
f 911//911 912//912 765//765
f 911//911 765//765 762//762
f 910//910 909//909 764//764
f 910//910 764//764 914//914
f 914//914 915//915 916//916
f 914//914 916//916 910//910
f 917//917 918//918 915//915
f 917//917 915//915 914//914
f 764//764 763//763 917//917
f 764//764 917//917 914//914
f 907//907 906//906 910//910
f 907//907 910//910 916//916
f 919//919 904//904 907//907
f 919//919 907//907 920//920
f 921//921 919//919 920//920
f 921//921 920//920 922//922
f 922//922 920//920 923//923
f 922//922 923//923 924//924
f 916//916 923//923 920//920
f 916//916 920//920 907//907
f 925//925 905//905 904//904
f 925//925 904//904 919//919
f 905//905 925//925 926//926
f 905//905 926//926 927//927
f 926//926 928//928 929//929
f 926//926 929//929 927//927
f 930//930 928//928 931//931
f 930//930 931//931 932//932
f 933//933 931//931 928//928
f 933//933 928//928 926//926
f 930//930 854//854 929//929
f 930//930 929//929 928//928
f 927//927 899//899 901//901
f 927//927 901//901 905//905
f 899//899 927//927 929//929
f 899//899 929//929 934//934
f 933//933 926//926 925//925
f 933//933 925//925 935//935
f 933//933 935//935 936//936
f 933//933 936//936 937//937
f 936//936 935//935 921//921
f 936//936 921//921 938//938
f 919//919 921//921 935//935
f 919//919 935//935 925//925
f 939//939 913//913 902//902
f 939//939 902//902 900//900
f 939//939 897//897 896//896
f 939//939 896//896 940//940
f 913//913 939//939 940//940
f 913//913 940//940 941//941
f 783//783 761//761 941//941
f 783//783 941//941 940//940
f 941//941 765//765 912//912
f 941//941 912//912 913//913
f 761//761 757//757 765//765
f 761//761 765//765 941//941
f 940//940 896//896 784//784
f 940//940 784//784 783//783
f 900//900 898//898 897//897
f 900//900 897//897 939//939
f 898//898 899//899 934//934
f 898//898 934//934 860//860
f 811//811 616//616 779//779
f 811//811 779//779 788//788
f 942//942 3530//3530 3531//3531
f 942//942 3532//3532 3533//3533
f 943//943 944//944 3535//3535
f 943//943 3535//3535 3534//3534
f 942//942 943//943 3537//3537
f 942//942 3537//3537 3536//3536
f 942//942 945//945 946//946
f 942//942 946//946 943//943
f 945//945 3538//3538 3539//3539
f 945//945 942//942 3541//3541
f 945//945 3541//3541 3540//3540
f 947//947 948//948 3543//3543
f 947//947 3543//3543 3542//3542
f 947//947 3544//3544 3545//3545
f 949//949 950//950 948//948
f 949//949 948//948 947//947
f 948//948 951//951 3547//3547
f 948//948 3547//3547 3546//3546
f 951//951 948//948 952//952
f 952//952 948//948 950//950
f 952//952 950//950 953//953
f 947//947 3548//3548 3549//3549
f 951//951 3550//3550 3551//3551
f 954//954 955//955 956//956
f 954//954 956//956 3553//3553
f 954//954 3553//3553 3552//3552
f 956//956 3554//3554 3555//3555
f 956//956 3556//3556 3557//3557
f 956//956 945//945 3559//3559
f 956//956 3559//3559 3558//3558
f 955//955 946//946 945//945
f 955//955 945//945 956//956
f 946//946 955//955 957//957
f 946//946 957//957 958//958
f 959//959 960//960 958//958
f 959//959 958//958 957//957
f 960//960 961//961 962//962
f 960//960 962//962 963//963
f 961//961 960//960 959//959
f 961//961 959//959 964//964
f 965//965 958//958 960//960
f 965//965 960//960 963//963
f 966//966 967//967 959//959
f 966//966 959//959 957//957
f 968//968 967//967 966//966
f 968//968 966//966 969//969
f 964//964 959//959 967//967
f 964//964 967//967 970//970
f 970//970 967//967 968//968
f 970//970 968//968 971//971
f 966//966 957//957 955//955
f 966//966 955//955 954//954
f 954//954 972//972 969//969
f 954//954 969//969 966//966
f 972//972 954//954 3561//3561
f 972//972 3561//3561 3560//3560
f 972//972 3562//3562 3563//3563
f 973//973 974//974 975//975
f 973//973 975//975 976//976
f 977//977 975//975 978//978
f 977//977 978//978 979//979
f 979//979 978//978 980//980
f 979//979 980//980 918//918
f 981//981 915//915 918//918
f 981//981 918//918 980//980
f 915//915 981//981 923//923
f 915//915 923//923 916//916
f 924//924 923//923 981//981
f 924//924 981//981 982//982
f 982//982 983//983 984//984
f 982//982 984//984 924//924
f 983//983 982//982 985//985
f 983//983 985//985 986//986
f 980//980 985//985 982//982
f 980//980 982//982 981//981
f 986//986 985//985 987//987
f 986//986 987//987 988//988
f 987//987 978//978 989//989
f 987//987 989//989 988//988
f 990//990 988//988 989//989
f 990//990 989//989 991//991
f 992//992 986//986 988//988
f 992//992 988//988 990//990
f 993//993 990//990 991//991
f 993//993 991//991 994//994
f 994//994 991//991 995//995
f 994//994 995//995 996//996
f 974//974 995//995 991//991
f 974//974 991//991 989//989
f 975//975 974//974 989//989
f 975//975 989//989 978//978
f 985//985 980//980 978//978
f 985//985 978//978 987//987
f 983//983 997//997 998//998
f 983//983 998//998 984//984
f 992//992 999//999 1000//1000
f 992//992 1000//1000 997//997
f 1001//1001 1002//1002 1000//1000
f 1001//1001 1000//1000 1003//1003
f 1002//1002 998//998 997//997
f 1002//1002 997//997 1000//1000
f 1004//1004 1005//1005 998//998
f 1004//1004 998//998 1002//1002
f 984//984 998//998 1005//1005
f 984//984 1005//1005 1006//1006
f 1002//1002 1001//1001 1007//1007
f 1002//1002 1007//1007 1004//1004
f 1008//1008 1007//1007 1001//1001
f 1008//1008 1001//1001 1009//1009
f 1003//1003 1010//1010 1009//1009
f 1003//1003 1009//1009 1001//1001
f 999//999 1011//1011 1003//1003
f 999//999 1003//1003 1000//1000
f 1011//1011 999//999 993//993
f 1011//1011 993//993 1012//1012
f 1013//1013 1011//1011 1012//1012
f 1013//1013 1012//1012 1014//1014
f 1014//1014 1012//1012 1015//1015
f 1014//1014 1015//1015 1016//1016
f 1012//1012 993//993 994//994
f 1012//1012 994//994 1015//1015
f 990//990 993//993 999//999
f 990//990 999//999 992//992
f 986//986 992//992 997//997
f 986//986 997//997 983//983
f 1017//1017 977//977 979//979
f 1017//1017 979//979 1018//1018
f 1019//1019 976//976 975//975
f 1019//1019 975//975 977//977
f 1020//1020 976//976 1019//1019
f 1020//1020 1019//1019 1021//1021
f 1022//1022 1020//1020 1021//1021
f 1022//1022 1021//1021 1023//1023
f 1020//1020 1024//1024 1025//1025
f 1020//1020 1025//1025 976//976
f 1026//1026 1027//1027 1025//1025
f 1026//1026 1025//1025 1024//1024
f 1028//1028 1029//1029 1026//1026
f 1028//1028 1026//1026 1024//1024
f 1029//1029 184//184 204//204
f 1029//1029 204//204 1026//1026
f 205//205 1027//1027 1026//1026
f 205//205 1026//1026 204//204
f 1030//1030 1031//1031 1029//1029
f 1030//1030 1029//1029 1028//1028
f 1028//1028 1022//1022 1032//1032
f 1028//1028 1032//1032 1030//1030
f 1028//1028 1024//1024 1020//1020
f 1028//1028 1020//1020 1022//1022
f 1033//1033 976//976 1025//1025
f 1033//1033 1025//1025 1027//1027
f 1027//1027 205//205 1034//1034
f 1027//1027 1034//1034 1033//1033
f 1035//1035 1034//1034 206//206
f 1035//1035 206//206 209//209
f 202//202 206//206 1034//1034
f 202//202 1034//1034 205//205
f 1034//1034 1035//1035 1036//1036
f 1034//1034 1036//1036 1033//1033
f 1033//1033 1036//1036 973//973
f 1033//1033 973//973 976//976
f 995//995 974//974 973//973
f 995//995 973//973 1037//1037
f 1036//1036 1038//1038 1037//1037
f 1036//1036 1037//1037 973//973
f 1039//1039 1040//1040 1023//1023
f 1039//1039 1023//1023 1041//1041
f 1042//1042 1043//1043 1032//1032
f 1042//1042 1032//1032 1040//1040
f 1044//1044 1045//1045 1042//1042
f 1044//1044 1042//1042 1046//1046
f 1047//1047 1048//1048 1049//1049
f 1047//1047 1049//1049 1045//1045
f 1045//1045 1044//1044 1050//1050
f 1045//1045 1050//1050 1047//1047
f 1045//1045 1049//1049 1043//1043
f 1045//1045 1043//1043 1042//1042
f 1046//1046 1042//1042 1040//1040
f 1046//1046 1040//1040 1039//1039
f 1051//1051 1044//1044 1046//1046
f 1051//1051 1046//1046 1052//1052
f 1039//1039 1053//1053 1052//1052
f 1039//1039 1052//1052 1046//1046
f 1022//1022 1023//1023 1040//1040
f 1022//1022 1040//1040 1032//1032
f 1054//1054 1041//1041 1023//1023
f 1054//1054 1023//1023 1021//1021
f 1055//1055 1041//1041 1054//1054
f 1055//1055 1054//1054 1056//1056
f 1057//1057 1056//1056 1054//1054
f 1057//1057 1054//1054 1058//1058
f 1059//1059 1055//1055 1056//1056
f 1059//1059 1056//1056 1060//1060
f 1056//1056 1057//1057 1061//1061
f 1056//1056 1061//1061 1060//1060
f 1058//1058 1054//1054 1021//1021
f 1058//1058 1021//1021 1019//1019
f 1053//1053 1039//1039 1041//1041
f 1053//1053 1041//1041 1055//1055
f 1019//1019 977//977 1017//1017
f 1019//1019 1017//1017 1058//1058
f 1017//1017 769//769 1057//1057
f 1017//1017 1057//1057 1058//1058
f 1018//1018 754//754 769//769
f 1018//1018 769//769 1017//1017
f 1018//1018 917//917 763//763
f 1018//1018 763//763 754//754
f 918//918 917//917 1018//1018
f 918//918 1018//1018 979//979
f 1062//1062 1063//1063 1064//1064
f 1062//1062 1064//1064 1065//1065
f 1064//1064 1066//1066 1067//1067
f 1064//1064 1067//1067 1068//1068
f 1066//1066 1069//1069 1070//1070
f 1066//1066 1070//1070 1067//1067
f 1069//1069 1071//1071 1072//1072
f 1069//1069 1072//1072 1070//1070
f 1073//1073 1072//1072 1071//1071
f 1073//1073 1071//1071 1074//1074
f 1070//1070 1072//1072 1075//1075
f 1070//1070 1075//1075 1076//1076
f 1077//1077 1075//1075 1072//1072
f 1077//1077 1072//1072 1073//1073
f 1078//1078 1073//1073 1074//1074
f 1078//1078 1074//1074 1079//1079
f 1074//1074 1071//1071 1080//1080
f 1074//1074 1080//1080 1081//1081
f 1081//1081 1080//1080 1082//1082
f 1081//1081 1082//1082 1083//1083
f 1084//1084 1083//1083 1082//1082
f 1084//1084 1082//1082 1085//1085
f 1086//1086 1085//1085 1082//1082
f 1086//1086 1082//1082 1087//1087
f 1080//1080 1088//1088 1087//1087
f 1080//1080 1087//1087 1082//1082
f 1074//1074 1081//1081 1089//1089
f 1074//1074 1089//1089 1079//1079
f 1081//1081 1083//1083 1090//1090
f 1081//1081 1090//1090 1089//1089
f 1071//1071 1069//1069 1088//1088
f 1071//1071 1088//1088 1080//1080
f 1078//1078 1091//1091 1092//1092
f 1078//1078 1092//1092 1093//1093
f 1094//1094 1095//1095 1092//1092
f 1094//1094 1092//1092 1096//1096
f 1097//1097 1094//1094 1096//1096
f 1097//1097 1096//1096 1098//1098
f 1099//1099 1100//1100 1098//1098
f 1099//1099 1098//1098 1096//1096
f 1101//1101 1099//1099 1096//1096
f 1101//1101 1096//1096 1092//1092
f 1093//1093 1092//1092 1095//1095
f 1093//1093 1095//1095 1102//1102
f 1103//1103 1104//1104 1102//1102
f 1103//1103 1102//1102 1095//1095
f 1095//1095 1094//1094 1097//1097
f 1095//1095 1097//1097 1103//1103
f 1105//1105 1101//1101 1092//1092
f 1105//1105 1092//1092 1091//1091
f 1105//1105 1091//1091 1106//1106
f 1105//1105 1106//1106 1107//1107
f 1106//1106 1091//1091 1078//1078
f 1106//1106 1078//1078 1079//1079
f 1093//1093 1077//1077 1073//1073
f 1093//1093 1073//1073 1078//1078
f 1077//1077 1093//1093 1102//1102
f 1077//1077 1102//1102 1108//1108
f 1075//1075 1077//1077 1108//1108
f 1075//1075 1108//1108 1109//1109
f 1109//1109 1108//1108 1110//1110
f 1109//1109 1110//1110 1111//1111
f 1104//1104 1110//1110 1108//1108
f 1104//1104 1108//1108 1102//1102
f 1076//1076 1075//1075 1109//1109
f 1076//1076 1109//1109 1065//1065
f 1068//1068 1076//1076 1065//1065
f 1068//1068 1065//1065 1064//1064
f 1067//1067 1070//1070 1076//1076
f 1067//1067 1076//1076 1068//1068
f 1111//1111 1062//1062 1065//1065
f 1111//1111 1065//1065 1109//1109
f 1112//1112 1113//1113 1062//1062
f 1112//1112 1062//1062 1111//1111
f 1114//1114 1115//1115 1116//1116
f 1114//1114 1116//1116 1113//1113
f 1113//1113 1116//1116 1063//1063
f 1113//1113 1063//1063 1062//1062
f 1116//1116 1117//1117 1118//1118
f 1116//1116 1118//1118 1063//1063
f 1117//1117 1116//1116 1115//1115
f 1117//1117 1115//1115 1119//1119
f 1120//1120 1121//1121 1115//1115
f 1120//1120 1115//1115 1114//1114
f 1114//1114 1122//1122 1123//1123
f 1114//1114 1123//1123 1120//1120
f 1122//1122 1114//1114 1113//1113
f 1122//1122 1113//1113 1112//1112
f 1124//1124 1088//1088 1069//1069
f 1124//1124 1069//1069 1066//1066
f 1066//1066 1064//1064 1063//1063
f 1066//1066 1063//1063 1124//1124
f 1125//1125 1124//1124 1063//1063
f 1125//1125 1063//1063 1118//1118
f 1118//1118 1086//1086 1087//1087
f 1118//1118 1087//1087 1125//1125
f 1125//1125 1087//1087 1088//1088
f 1125//1125 1088//1088 1124//1124
f 1126//1126 1127//1127 1128//1128
f 1126//1126 1128//1128 1129//1129
f 1129//1129 1128//1128 1130//1130
f 1129//1129 1130//1130 1131//1131
f 1132//1132 1133//1133 1131//1131
f 1132//1132 1131//1131 1130//1130
f 1131//1131 1134//1134 1135//1135
f 1131//1131 1135//1135 1129//1129
f 1136//1136 1137//1137 1135//1135
f 1136//1136 1135//1135 1134//1134
f 1137//1137 1138//1138 1139//1139
f 1137//1137 1139//1139 1135//1135
f 1139//1139 1140//1140 1141//1141
f 1139//1139 1141//1141 1126//1126
f 1142//1142 1140//1140 1143//1143
f 1142//1142 1143//1143 1144//1144
f 1140//1140 1139//1139 1138//1138
f 1140//1140 1138//1138 1143//1143
f 1143//1143 1138//1138 1145//1145
f 1143//1143 1145//1145 1146//1146
f 1147//1147 1148//1148 1146//1146
f 1147//1147 1146//1146 1145//1145
f 1149//1149 1147//1147 1145//1145
f 1149//1149 1145//1145 1150//1150
f 1138//1138 1137//1137 1150//1150
f 1138//1138 1150//1150 1145//1145
f 1144//1144 1143//1143 1146//1146
f 1144//1144 1146//1146 1151//1151
f 1152//1152 1144//1144 1151//1151
f 1152//1152 1151//1151 1153//1153
f 1144//1144 1152//1152 1154//1154
f 1144//1144 1154//1154 1142//1142
f 1153//1153 1151//1151 1155//1155
f 1153//1153 1155//1155 1156//1156
f 1153//1153 1157//1157 1158//1158
f 1153//1153 1158//1158 1152//1152
f 1156//1156 1159//1159 1157//1157
f 1156//1156 1157//1157 1153//1153
f 1151//1151 1146//1146 1148//1148
f 1151//1151 1148//1148 1155//1155
f 1140//1140 1142//1142 1160//1160
f 1140//1140 1160//1160 1141//1141
f 1161//1161 1162//1162 1160//1160
f 1161//1161 1160//1160 1163//1163
f 1162//1162 1161//1161 1164//1164
f 1162//1162 1164//1164 1165//1165
f 1166//1166 1164//1164 1161//1161
f 1166//1166 1161//1161 1167//1167
f 1167//1167 1161//1161 1163//1163
f 1167//1167 1163//1163 1168//1168
f 1169//1169 1170//1170 1165//1165
f 1169//1169 1165//1165 1164//1164
f 1171//1171 1162//1162 1165//1165
f 1171//1171 1165//1165 1172//1172
f 1170//1170 1173//1173 1172//1172
f 1170//1170 1172//1172 1165//1165
f 1141//1141 1160//1160 1162//1162
f 1141//1141 1162//1162 1171//1171
f 1171//1171 1127//1127 1126//1126
f 1171//1171 1126//1126 1141//1141
f 1163//1163 1160//1160 1142//1142
f 1163//1163 1142//1142 1154//1154
f 1126//1126 1129//1129 1135//1135
f 1126//1126 1135//1135 1139//1139
f 1137//1137 1136//1136 1174//1174
f 1137//1137 1174//1174 1150//1150
f 1175//1175 1174//1174 1136//1136
f 1175//1175 1136//1136 1176//1176
f 1177//1177 1175//1175 1176//1176
f 1177//1177 1176//1176 1178//1178
f 1174//1174 1175//1175 1179//1179
f 1174//1174 1179//1179 1180//1180
f 1180//1180 1179//1179 1181//1181
f 1180//1180 1181//1181 1182//1182
f 1181//1181 1183//1183 1184//1184
f 1181//1181 1184//1184 1185//1185
f 1183//1183 1181//1181 1179//1179
f 1183//1183 1179//1179 1186//1186
f 1185//1185 1187//1187 1182//1182
f 1185//1185 1182//1182 1181//1181
f 1182//1182 1188//1188 1149//1149
f 1182//1182 1149//1149 1180//1180
f 1150//1150 1174//1174 1180//1180
f 1150//1150 1180//1180 1149//1149
f 1175//1175 1177//1177 1186//1186
f 1175//1175 1186//1186 1179//1179
f 1177//1177 1178//1178 1189//1189
f 1177//1177 1189//1189 1186//1186
f 1190//1190 1178//1178 1176//1176
f 1190//1190 1176//1176 1191//1191
f 1134//1134 1131//1131 1133//1133
f 1134//1134 1133//1133 1191//1191
f 1191//1191 1133//1133 1192//1192
f 1191//1191 1192//1192 1190//1190
f 1193//1193 1194//1194 1192//1192
f 1193//1193 1192//1192 1195//1195
f 1133//1133 1132//1132 1195//1195
f 1133//1133 1195//1195 1192//1192
f 1190//1190 1192//1192 1194//1194
f 1190//1190 1194//1194 1196//1196
f 1191//1191 1176//1176 1136//1136
f 1191//1191 1136//1136 1134//1134
f 1197//1197 1132//1132 1130//1130
f 1197//1197 1130//1130 1128//1128
f 1197//1197 1128//1128 1198//1198
f 1197//1197 1198//1198 1199//1199
f 1199//1199 1198//1198 1200//1200
f 1199//1199 1200//1200 1201//1201
f 1198//1198 1128//1128 1127//1127
f 1198//1198 1127//1127 1200//1200
f 1202//1202 1201//1201 1200//1200
f 1202//1202 1200//1200 1203//1203
f 1203//1203 1204//1204 1205//1205
f 1203//1203 1205//1205 1206//1206
f 1205//1205 1207//1207 1208//1208
f 1205//1205 1208//1208 1206//1206
f 1209//1209 1210//1210 1208//1208
f 1209//1209 1208//1208 1211//1211
f 1212//1212 1209//1209 1211//1211
f 1212//1212 1211//1211 1213//1213
f 1214//1214 1209//1209 1212//1212
f 1214//1214 1212//1212 1215//1215
f 1209//1209 1214//1214 1216//1216
f 1209//1209 1216//1216 1210//1210
f 1217//1217 1213//1213 1218//1218
f 1217//1217 1218//1218 1219//1219
f 1220//1220 1218//1218 1213//1213
f 1220//1220 1213//1213 1211//1211
f 1221//1221 1212//1212 1213//1213
f 1221//1221 1213//1213 1217//1217
f 1207//1207 1220//1220 1211//1211
f 1207//1207 1211//1211 1208//1208
f 1220//1220 1207//1207 1222//1222
f 1220//1220 1222//1222 1223//1223
f 1207//1207 1205//1205 1173//1173
f 1207//1207 1173//1173 1222//1222
f 1210//1210 1224//1224 1206//1206
f 1210//1210 1206//1206 1208//1208
f 1202//1202 1203//1203 1206//1206
f 1202//1202 1206//1206 1224//1224
f 1202//1202 1224//1224 1225//1225
f 1202//1202 1225//1225 1226//1226
f 1210//1210 1216//1216 1225//1225
f 1210//1210 1225//1225 1224//1224
f 1173//1173 1205//1205 1204//1204
f 1173//1173 1204//1204 1172//1172
f 1127//1127 1171//1171 1172//1172
f 1127//1127 1172//1172 1204//1204
f 1204//1204 1203//1203 1200//1200
f 1204//1204 1200//1200 1127//1127
f 1227//1227 1228//1228 1199//1199
f 1227//1227 1199//1199 1201//1201
f 1229//1229 1230//1230 1228//1228
f 1229//1229 1228//1228 1227//1227
f 1231//1231 1232//1232 1233//1233
f 1231//1231 1233//1233 1230//1230
f 1234//1234 1193//1193 1195//1195
f 1234//1234 1195//1195 1232//1232
f 1235//1235 1236//1236 1193//1193
f 1235//1235 1193//1193 1234//1234
f 1237//1237 1235//1235 1234//1234
f 1237//1237 1234//1234 1238//1238
f 1238//1238 1234//1234 1232//1232
f 1238//1238 1232//1232 1231//1231
f 1132//1132 1233//1233 1232//1232
f 1132//1132 1232//1232 1195//1195
f 1233//1233 1132//1132 1197//1197
f 1233//1233 1197//1197 1239//1239
f 1230//1230 1233//1233 1239//1239
f 1230//1230 1239//1239 1228//1228
f 1240//1240 1231//1231 1230//1230
f 1240//1240 1230//1230 1229//1229
f 1240//1240 1229//1229 1241//1241
f 1240//1240 1241//1241 1242//1242
f 1243//1243 1016//1016 1242//1242
f 1243//1243 1242//1242 1241//1241
f 1244//1244 1243//1243 1241//1241
f 1244//1244 1241//1241 1245//1245
f 1245//1245 1241//1241 1229//1229
f 1245//1245 1229//1229 1227//1227
f 1231//1231 1240//1240 1246//1246
f 1231//1231 1246//1246 1238//1238
f 1242//1242 1247//1247 1246//1246
f 1242//1242 1246//1246 1240//1240
f 1239//1239 1197//1197 1199//1199
f 1239//1239 1199//1199 1228//1228
f 1248//1248 1249//1249 1227//1227
f 1248//1248 1227//1227 1201//1201
f 1250//1250 1248//1248 1251//1251
f 1250//1250 1251//1251 1252//1252
f 1251//1251 1253//1253 1254//1254
f 1251//1251 1254//1254 1252//1252
f 1255//1255 1254//1254 1256//1256
f 1255//1255 1256//1256 1257//1257
f 1257//1257 1256//1256 1258//1258
f 1257//1257 1258//1258 1259//1259
f 1256//1256 1260//1260 1261//1261
f 1256//1256 1261//1261 1258//1258
f 1260//1260 1256//1256 1254//1254
f 1260//1260 1254//1254 1262//1262
f 1255//1255 1263//1263 1252//1252
f 1255//1255 1252//1252 1254//1254
f 1264//1264 1263//1263 1255//1255
f 1264//1264 1255//1255 1265//1265
f 1265//1265 1255//1255 1257//1257
f 1265//1265 1257//1257 1266//1266
f 1262//1262 1254//1254 1253//1253
f 1262//1262 1253//1253 1226//1226
f 1253//1253 1201//1201 1202//1202
f 1253//1253 1202//1202 1226//1226
f 1253//1253 1251//1251 1248//1248
f 1253//1253 1248//1248 1201//1201
f 1248//1248 1250//1250 1267//1267
f 1248//1248 1267//1267 1249//1249
f 1250//1250 1268//1268 1269//1269
f 1250//1250 1269//1269 1267//1267
f 1270//1270 1269//1269 1268//1268
f 1270//1270 1268//1268 1271//1271
f 1271//1271 1268//1268 1272//1272
f 1271//1271 1272//1272 1273//1273
f 1274//1274 1272//1272 1268//1268
f 1274//1274 1268//1268 1275//1275
f 1250//1250 1252//1252 1275//1275
f 1250//1250 1275//1275 1268//1268
f 1276//1276 1249//1249 1267//1267
f 1276//1276 1267//1267 1269//1269
f 1277//1277 1227//1227 1249//1249
f 1277//1277 1249//1249 1276//1276
f 1278//1278 1279//1279 1280//1280
f 1278//1278 1280//1280 1281//1281
f 1282//1282 1280//1280 1279//1279
f 1282//1282 1279//1279 1283//1283
f 1283//1283 1279//1279 1284//1284
f 1283//1283 1284//1284 1285//1285
f 1285//1285 1284//1284 1286//1286
f 1285//1285 1286//1286 1287//1287
f 1286//1286 1288//1288 1289//1289
f 1286//1286 1289//1289 1287//1287
f 1290//1290 1287//1287 1289//1289
f 1290//1290 1289//1289 1291//1291
f 1292//1292 1290//1290 1291//1291
f 1292//1292 1291//1291 1293//1293
f 1294//1294 1292//1292 1293//1293
f 1294//1294 1293//1293 1295//1295
f 1296//1296 1297//1297 1290//1290
f 1296//1296 1290//1290 1292//1292
f 1285//1285 1297//1297 1298//1298
f 1285//1285 1298//1298 1283//1283
f 1283//1283 1298//1298 1299//1299
f 1283//1283 1299//1299 1282//1282
f 1298//1298 1300//1300 1301//1301
f 1298//1298 1301//1301 1299//1299
f 1300//1300 1298//1298 1297//1297
f 1300//1300 1297//1297 1296//1296
f 1297//1297 1285//1285 1287//1287
f 1297//1297 1287//1287 1290//1290
f 1302//1302 1296//1296 1292//1292
f 1302//1302 1292//1292 1294//1294
f 1303//1303 1302//1302 1294//1294
f 1303//1303 1294//1294 1304//1304
f 1304//1304 1294//1294 1295//1295
f 1304//1304 1295//1295 1305//1305
f 1304//1304 1306//1306 1307//1307
f 1304//1304 1307//1307 1303//1303
f 1305//1305 1308//1308 1306//1306
f 1305//1305 1306//1306 1304//1304
f 1309//1309 1310//1310 1302//1302
f 1309//1309 1302//1302 1303//1303
f 1310//1310 1300//1300 1296//1296
f 1310//1310 1296//1296 1302//1302
f 1295//1295 1293//1293 1311//1311
f 1295//1295 1311//1311 1312//1312
f 1313//1313 1314//1314 1315//1315
f 1313//1313 1315//1315 1311//1311
f 1314//1314 1316//1316 1317//1317
f 1314//1314 1317//1317 1315//1315
f 1318//1318 1317//1317 1316//1316
f 1318//1318 1316//1316 1319//1319
f 1320//1320 1321//1321 1315//1315
f 1320//1320 1315//1315 1317//1317
f 1322//1322 1320//1320 1317//1317
f 1322//1322 1317//1317 1318//1318
f 1288//1288 1316//1316 1314//1314
f 1288//1288 1314//1314 1289//1289
f 1323//1323 1319//1319 1316//1316
f 1323//1323 1316//1316 1288//1288
f 1288//1288 1286//1286 1324//1324
f 1288//1288 1324//1324 1323//1323
f 1289//1289 1314//1314 1313//1313
f 1289//1289 1313//1313 1291//1291
f 1313//1313 1311//1311 1293//1293
f 1313//1313 1293//1293 1291//1291
f 1311//1311 1315//1315 1321//1321
f 1311//1311 1321//1321 1312//1312
f 1325//1325 1305//1305 1295//1295
f 1325//1325 1295//1295 1312//1312
f 1312//1312 1321//1321 1326//1326
f 1312//1312 1326//1326 1325//1325
f 1327//1327 1308//1308 1305//1305
f 1327//1327 1305//1305 1325//1325
f 1328//1328 1327//1327 1325//1325
f 1328//1328 1325//1325 1326//1326
f 1284//1284 1329//1329 1324//1324
f 1284//1284 1324//1324 1286//1286
f 1330//1330 1324//1324 1329//1329
f 1330//1330 1329//1329 1331//1331
f 1330//1330 1331//1331 1332//1332
f 1330//1330 1332//1332 1333//1333
f 1333//1333 1332//1332 1334//1334
f 1333//1333 1334//1334 1335//1335
f 1336//1336 1337//1337 1334//1334
f 1336//1336 1334//1334 1338//1338
f 1339//1339 1336//1336 1338//1338
f 1339//1339 1338//1338 1340//1340
f 1338//1338 1341//1341 1342//1342
f 1338//1338 1342//1342 1340//1340
f 1343//1343 1344//1344 1339//1339
f 1343//1343 1339//1339 1340//1340
f 1343//1343 1340//1340 1342//1342
f 1343//1343 1342//1342 1345//1345
f 1346//1346 1337//1337 1336//1336
f 1346//1346 1336//1336 1347//1347
f 1339//1339 1348//1348 1347//1347
f 1339//1339 1347//1347 1336//1336
f 1332//1332 1341//1341 1338//1338
f 1332//1332 1338//1338 1334//1334
f 1337//1337 1349//1349 1335//1335
f 1337//1337 1335//1335 1334//1334
f 1335//1335 1350//1350 1351//1351
f 1335//1335 1351//1351 1333//1333
f 1352//1352 1351//1351 1350//1350
f 1352//1352 1350//1350 1353//1353
f 1330//1330 1333//1333 1351//1351
f 1330//1330 1351//1351 1354//1354
f 1351//1351 1352//1352 1355//1355
f 1351//1351 1355//1355 1354//1354
f 1356//1356 1350//1350 1335//1335
f 1356//1356 1335//1335 1349//1349
f 1357//1357 1356//1356 1349//1349
f 1357//1357 1349//1349 1358//1358
f 1358//1358 1349//1349 1337//1337
f 1358//1358 1337//1337 1346//1346
f 1332//1332 1331//1331 1359//1359
f 1332//1332 1359//1359 1341//1341
f 1331//1331 1329//1329 1278//1278
f 1331//1331 1278//1278 1359//1359
f 1360//1360 1341//1341 1359//1359
f 1360//1360 1359//1359 1361//1361
f 1362//1362 1363//1363 1360//1360
f 1362//1362 1360//1360 1361//1361
f 1364//1364 1341//1341 1360//1360
f 1364//1364 1360//1360 1365//1365
f 1365//1365 1360//1360 1363//1363
f 1365//1365 1363//1363 1366//1366
f 1367//1367 1368//1368 1363//1363
f 1367//1367 1363//1363 1362//1362
f 1369//1369 1367//1367 1362//1362
f 1369//1369 1362//1362 1370//1370
f 1361//1361 1371//1371 1370//1370
f 1361//1361 1370//1370 1362//1362
f 1359//1359 1278//1278 1371//1371
f 1359//1359 1371//1371 1361//1361
f 1329//1329 1284//1284 1279//1279
f 1329//1329 1279//1279 1278//1278
f 1372//1372 1373//1373 1281//1281
f 1372//1372 1281//1281 1280//1280
f 1371//1371 1278//1278 1281//1281
f 1371//1371 1281//1281 1373//1373
f 1371//1371 1373//1373 1374//1374
f 1371//1371 1374//1374 1370//1370
f 1375//1375 1369//1369 1370//1370
f 1375//1375 1370//1370 1374//1374
f 1369//1369 1375//1375 1376//1376
f 1369//1369 1376//1376 1377//1377
f 1378//1378 1379//1379 1377//1377
f 1378//1378 1377//1377 1376//1376
f 1380//1380 1381//1381 1382//1382
f 1380//1380 1382//1382 1379//1379
f 1381//1381 1380//1380 1244//1244
f 1381//1381 1244//1244 1245//1245
f 1380//1380 1383//1383 1384//1384
f 1380//1380 1384//1384 1244//1244
f 1379//1379 1378//1378 1383//1383
f 1379//1379 1383//1383 1380//1380
f 1385//1385 1378//1378 1376//1376
f 1385//1385 1376//1376 1386//1386
f 1378//1378 1385//1385 1387//1387
f 1378//1378 1387//1387 1383//1383
f 1388//1388 1384//1384 1383//1383
f 1388//1388 1383//1383 1387//1387
f 1389//1389 1390//1390 1391//1391
f 1389//1389 1391//1391 1388//1388
f 1389//1389 1388//1388 1387//1387
f 1389//1389 1387//1387 1392//1392
f 1388//1388 1391//1391 1393//1393
f 1388//1388 1393//1393 1384//1384
f 1381//1381 1277//1277 1394//1394
f 1381//1381 1394//1394 1382//1382
f 1382//1382 1394//1394 1395//1395
f 1382//1382 1395//1395 1396//1396
f 1396//1396 1395//1395 1368//1368
f 1396//1396 1368//1368 1367//1367
f 1379//1379 1382//1382 1396//1396
f 1379//1379 1396//1396 1377//1377
f 1377//1377 1396//1396 1367//1367
f 1377//1377 1367//1367 1369//1369
f 1368//1368 1395//1395 1397//1397
f 1368//1368 1397//1397 1398//1398
f 1398//1398 1397//1397 1399//1399
f 1398//1398 1399//1399 1400//1400
f 1397//1397 1401//1401 1270//1270
f 1397//1397 1270//1270 1399//1399
f 1395//1395 1394//1394 1401//1401
f 1395//1395 1401//1401 1397//1397
f 1276//1276 1401//1401 1394//1394
f 1276//1276 1394//1394 1277//1277
f 1277//1277 1381//1381 1245//1245
f 1277//1277 1245//1245 1227//1227
f 1386//1386 1376//1376 1375//1375
f 1386//1386 1375//1375 1402//1402
f 1403//1403 1386//1386 1402//1402
f 1403//1403 1402//1402 1404//1404
f 1405//1405 1403//1403 1404//1404
f 1405//1405 1404//1404 1406//1406
f 1407//1407 1408//1408 1409//1409
f 1407//1407 1409//1409 1406//1406
f 1409//1409 1410//1410 1411//1411
f 1409//1409 1411//1411 1412//1412
f 1413//1413 1414//1414 1412//1412
f 1413//1413 1412//1412 1411//1411
f 1411//1411 1415//1415 1416//1416
f 1411//1411 1416//1416 1413//1413
f 1410//1410 1417//1417 1415//1415
f 1410//1410 1415//1415 1411//1411
f 1410//1410 1409//1409 1408//1408
f 1410//1410 1408//1408 1418//1418
f 1419//1419 1420//1420 1418//1418
f 1419//1419 1418//1418 1408//1408
f 1421//1421 1422//1422 1419//1419
f 1421//1421 1419//1419 1408//1408
f 1408//1408 1407//1407 1423//1423
f 1408//1408 1423//1423 1421//1421
f 1406//1406 1409//1409 1412//1412
f 1406//1406 1412//1412 1405//1405
f 1424//1424 1425//1425 1403//1403
f 1424//1424 1403//1403 1405//1405
f 1405//1405 1412//1412 1414//1414
f 1405//1405 1414//1414 1424//1424
f 1426//1426 1407//1407 1406//1406
f 1426//1426 1406//1406 1404//1404
f 1426//1426 1427//1427 1372//1372
f 1426//1426 1372//1372 1428//1428
f 1280//1280 1282//1282 1428//1428
f 1280//1280 1428//1428 1372//1372
f 1427//1427 1374//1374 1373//1373
f 1427//1427 1373//1373 1372//1372
f 1404//1404 1402//1402 1427//1427
f 1404//1404 1427//1427 1426//1426
f 1407//1407 1426//1426 1428//1428
f 1407//1407 1428//1428 1423//1423
f 1402//1402 1375//1375 1374//1374
f 1402//1402 1374//1374 1427//1427
f 1429//1429 970//970 971//971
f 1429//1429 971//971 1430//1430
f 1431//1431 1430//1430 1432//1432
f 1431//1431 1432//1432 1433//1433
f 1434//1434 1435//1435 1433//1433
f 1434//1434 1433//1433 1432//1432
f 1436//1436 1431//1431 1433//1433
f 1436//1436 1433//1433 1437//1437
f 1438//1438 1429//1429 1430//1430
f 1438//1438 1430//1430 1431//1431
f 1439//1439 1440//1440 1441//1441
f 1439//1439 1441//1441 1438//1438
f 1442//1442 1429//1429 1438//1438
f 1442//1442 1438//1438 1441//1441
f 1429//1429 1442//1442 1443//1443
f 1429//1429 1443//1443 1444//1444
f 1444//1444 1443//1443 1445//1445
f 1444//1444 1445//1445 1446//1446
f 1446//1446 1445//1445 1447//1447
f 1446//1446 1447//1447 1448//1448
f 1449//1449 1450//1450 1448//1448
f 1449//1449 1448//1448 1447//1447
f 1451//1451 1449//1449 1447//1447
f 1451//1451 1447//1447 1452//1452
f 1452//1452 1447//1447 1445//1445
f 1452//1452 1445//1445 1453//1453
f 1446//1446 961//961 964//964
f 1446//1446 964//964 1444//1444
f 1448//1448 962//962 961//961
f 1448//1448 961//961 1446//1446
f 1453//1453 1445//1445 1443//1443
f 1453//1453 1443//1443 1454//1454
f 1455//1455 1453//1453 1454//1454
f 1455//1455 1454//1454 1456//1456
f 1456//1456 1454//1454 1457//1457
f 1456//1456 1457//1457 1458//1458
f 1442//1442 1457//1457 1454//1454
f 1442//1442 1454//1454 1443//1443
f 1457//1457 1442//1442 1441//1441
f 1457//1457 1441//1441 1459//1459
f 1458//1458 1457//1457 1459//1459
f 1458//1458 1459//1459 1159//1159
f 1159//1159 1459//1459 1460//1460
f 1159//1159 1460//1460 1157//1157
f 1461//1461 1158//1158 1157//1157
f 1461//1461 1157//1157 1460//1460
f 1462//1462 1463//1463 1461//1461
f 1462//1462 1461//1461 1464//1464
f 1464//1464 1461//1461 1460//1460
f 1464//1464 1460//1460 1440//1440
f 1158//1158 1461//1461 1463//1463
f 1158//1158 1463//1463 1465//1465
f 1440//1440 1460//1460 1459//1459
f 1440//1440 1459//1459 1441//1441
f 1466//1466 1464//1464 1440//1440
f 1466//1466 1440//1440 1439//1439
f 1464//1464 1466//1466 1467//1467
f 1464//1464 1467//1467 1462//1462
f 1468//1468 1469//1469 1462//1462
f 1468//1468 1462//1462 1467//1467
f 1470//1470 1471//1471 1468//1468
f 1470//1470 1468//1468 1472//1472
f 1473//1473 1470//1470 1472//1472
f 1473//1473 1472//1472 1474//1474
f 1474//1474 1472//1472 1475//1475
f 1474//1474 1475//1475 1476//1476
f 1472//1472 1468//1468 1467//1467
f 1472//1472 1467//1467 1475//1475
f 1471//1471 1477//1477 1469//1469
f 1471//1471 1469//1469 1468//1468
f 1477//1477 1471//1471 1478//1478
f 1477//1477 1478//1478 1479//1479
f 1480//1480 1478//1478 1471//1471
f 1480//1480 1471//1471 1470//1470
f 1466//1466 1481//1481 1475//1475
f 1466//1466 1475//1475 1467//1467
f 1482//1482 1476//1476 1475//1475
f 1482//1482 1475//1475 1481//1481
f 1481//1481 1436//1436 1437//1437
f 1481//1481 1437//1437 1482//1482
f 1483//1483 1484//1484 1476//1476
f 1483//1483 1476//1476 1482//1482
f 1485//1485 1483//1483 1482//1482
f 1485//1485 1482//1482 1437//1437
f 1481//1481 1466//1466 1439//1439
f 1481//1481 1439//1439 1436//1436
f 1439//1439 1438//1438 1431//1431
f 1439//1439 1431//1431 1436//1436
f 1437//1437 1433//1433 1435//1435
f 1437//1437 1435//1435 1485//1485
f 1435//1435 1434//1434 1486//1486
f 1435//1435 1486//1486 1487//1487
f 1488//1488 1486//1486 1434//1434
f 1488//1488 1434//1434 1489//1489
f 1489//1489 1434//1434 1432//1432
f 1489//1489 1432//1432 1490//1490
f 1490//1490 953//953 950//950
f 1490//1490 950//950 1489//1489
f 953//953 1490//1490 971//971
f 953//953 971//971 968//968
f 1490//1490 1432//1432 1430//1430
f 1490//1490 1430//1430 971//971
f 950//950 949//949 1488//1488
f 950//950 1488//1488 1489//1489
f 1486//1486 1488//1488 1491//1491
f 1486//1486 1491//1491 1492//1492
f 1492//1492 1491//1491 1493//1493
f 1492//1492 1493//1493 1494//1494
f 1495//1495 1494//1494 3565//3565
f 1495//1495 3565//3565 3564//3564
f 1494//1494 1493//1493 3567//3567
f 1494//1494 3567//3567 3566//3566
f 1496//1496 1492//1492 1494//1494
f 1496//1496 1494//1494 1497//1497
f 1497//1497 1494//1494 1495//1495
f 1497//1497 1495//1495 1498//1498
f 1493//1493 3568//3568 3569//3569
f 1493//1493 3570//3570 3571//3571
f 1495//1495 3572//3572 3573//3573
f 1495//1495 3574//3574 3575//3575
f 1493//1493 1491//1491 3577//3577
f 1493//1493 3577//3577 3576//3576
f 1491//1491 1499//1499 3579//3579
f 1491//1491 3579//3579 3578//3578
f 1499//1499 3580//3580 3581//3581
f 1499//1499 3582//3582 3583//3583
f 1499//1499 947//947 3585//3585
f 1499//1499 3585//3585 3584//3584
f 947//947 1499//1499 949//949
f 1488//1488 949//949 1499//1499
f 1488//1488 1499//1499 1491//1491
f 1492//1492 1496//1496 1487//1487
f 1492//1492 1487//1487 1486//1486
f 1485//1485 1435//1435 1487//1487
f 1485//1485 1487//1487 1500//1500
f 1483//1483 1485//1485 1500//1500
f 1483//1483 1500//1500 1501//1501
f 1501//1501 1500//1500 1502//1502
f 1501//1501 1502//1502 1503//1503
f 1500//1500 1487//1487 1496//1496
f 1500//1500 1496//1496 1502//1502
f 970//970 1429//1429 1444//1444
f 970//970 1444//1444 964//964
f 1504//1504 1505//1505 1506//1506
f 1504//1504 1506//1506 1507//1507
f 1508//1508 1509//1509 1505//1505
f 1508//1508 1505//1505 1504//1504
f 1510//1510 1511//1511 1509//1509
f 1510//1510 1509//1509 1512//1512
f 1513//1513 1514//1514 1511//1511
f 1513//1513 1511//1511 1510//1510
f 1515//1515 1516//1516 1513//1513
f 1515//1515 1513//1513 1510//1510
f 1517//1517 1514//1514 1513//1513
f 1517//1517 1513//1513 1518//1518
f 1505//1505 1509//1509 1511//1511
f 1505//1505 1511//1511 1514//1514
f 1505//1505 1514//1514 1517//1517
f 1505//1505 1517//1517 1506//1506
f 1519//1519 1520//1520 1506//1506
f 1519//1519 1506//1506 1517//1517
f 1521//1521 1522//1522 1520//1520
f 1521//1521 1520//1520 1519//1519
f 1523//1523 1524//1524 1522//1522
f 1523//1523 1522//1522 1521//1521
f 1525//1525 1523//1523 1521//1521
f 1525//1525 1521//1521 1526//1526
f 1526//1526 1521//1521 1519//1519
f 1526//1526 1519//1519 1527//1527
f 1528//1528 1522//1522 1524//1524
f 1528//1528 1524//1524 1529//1529
f 1529//1529 1524//1524 1530//1530
f 1529//1529 1530//1530 1531//1531
f 1524//1524 1523//1523 1532//1532
f 1524//1524 1532//1532 1530//1530
f 1533//1533 1520//1520 1522//1522
f 1533//1533 1522//1522 1528//1528
f 1520//1520 1533//1533 1507//1507
f 1520//1520 1507//1507 1506//1506
f 1534//1534 1507//1507 1533//1533
f 1534//1534 1533//1533 1535//1535
f 1528//1528 1536//1536 1535//1535
f 1528//1528 1535//1535 1533//1533
f 1519//1519 1517//1517 1518//1518
f 1519//1519 1518//1518 1527//1527
f 1537//1537 1538//1538 1527//1527
f 1537//1537 1527//1527 1518//1518
f 1518//1518 1513//1513 1516//1516
f 1518//1518 1516//1516 1537//1537
f 1539//1539 1540//1540 1516//1516
f 1539//1539 1516//1516 1515//1515
f 1540//1540 1541//1541 1537//1537
f 1540//1540 1537//1537 1516//1516
f 1541//1541 1542//1542 1538//1538
f 1541//1541 1538//1538 1537//1537
f 1526//1526 1527//1527 1538//1538
f 1526//1526 1538//1538 1543//1543
f 1543//1543 1538//1538 1542//1542
f 1543//1543 1542//1542 1544//1544
f 1545//1545 1515//1515 1510//1510
f 1545//1545 1510//1510 1546//1546
f 1547//1547 1545//1545 1546//1546
f 1547//1547 1546//1546 1548//1548
f 1539//1539 1515//1515 1545//1545
f 1539//1539 1545//1545 1547//1547
f 1539//1539 1547//1547 1549//1549
f 1539//1539 1549//1549 1550//1550
f 1549//1549 1551//1551 1552//1552
f 1549//1549 1552//1552 1550//1550
f 1548//1548 1553//1553 1554//1554
f 1548//1548 1554//1554 1551//1551
f 1555//1555 1556//1556 1554//1554
f 1555//1555 1554//1554 1553//1553
f 1551//1551 1554//1554 1557//1557
f 1551//1551 1557//1557 1552//1552
f 1558//1558 1557//1557 1554//1554
f 1558//1558 1554//1554 1556//1556
f 1547//1547 1548//1548 1551//1551
f 1547//1547 1551//1551 1549//1549
f 1559//1559 1553//1553 1548//1548
f 1559//1559 1548//1548 1546//1546
f 1539//1539 1550//1550 1560//1560
f 1539//1539 1560//1560 1540//1540
f 1540//1540 1560//1560 1561//1561
f 1540//1540 1561//1561 1541//1541
f 1560//1560 1562//1562 1563//1563
f 1560//1560 1563//1563 1561//1561
f 1550//1550 1552//1552 1562//1562
f 1550//1550 1562//1562 1560//1560
f 1546//1546 1510//1510 1512//1512
f 1546//1546 1512//1512 1559//1559
f 1559//1559 1512//1512 1564//1564
f 1559//1559 1564//1564 1565//1565
f 1564//1564 1566//1566 1567//1567
f 1564//1564 1567//1567 1565//1565
f 1568//1568 1567//1567 1566//1566
f 1568//1568 1566//1566 1569//1569
f 1570//1570 1568//1568 1569//1569
f 1570//1570 1569//1569 1571//1571
f 1571//1571 1572//1572 1573//1573
f 1571//1571 1573//1573 1570//1570
f 1574//1574 1572//1572 1571//1571
f 1574//1574 1571//1571 1575//1575
f 1571//1571 1569//1569 1508//1508
f 1571//1571 1508//1508 1575//1575
f 1576//1576 1565//1565 1567//1567
f 1576//1576 1567//1567 1568//1568
f 1577//1577 1576//1576 1568//1568
f 1577//1577 1568//1568 1570//1570
f 1569//1569 1566//1566 1509//1509
f 1569//1569 1509//1509 1508//1508
f 1512//1512 1509//1509 1566//1566
f 1512//1512 1566//1566 1564//1564
f 1575//1575 1508//1508 1504//1504
f 1575//1575 1504//1504 1578//1578
f 932//932 931//931 1579//1579
f 932//932 1579//1579 1578//1578
f 1578//1578 1579//1579 1580//1580
f 1578//1578 1580//1580 1575//1575
f 1575//1575 1580//1580 1581//1581
f 1575//1575 1581//1581 1574//1574
f 1123//1123 1582//1582 1581//1581
f 1123//1123 1581//1581 1583//1583
f 1122//1122 1584//1584 1582//1582
f 1122//1122 1582//1582 1123//1123
f 1585//1585 1584//1584 1586//1586
f 1585//1585 1586//1586 1587//1587
f 1587//1587 1586//1586 1110//1110
f 1587//1587 1110//1110 1104//1104
f 1588//1588 1585//1585 1587//1587
f 1588//1588 1587//1587 1589//1589
f 1584//1584 1585//1585 1590//1590
f 1584//1584 1590//1590 1582//1582
f 1591//1591 1590//1590 1585//1585
f 1591//1591 1585//1585 1588//1588
f 1581//1581 1582//1582 1590//1590
f 1581//1581 1590//1590 1574//1574
f 1592//1592 1574//1574 1590//1590
f 1592//1592 1590//1590 1591//1591
f 1589//1589 1593//1593 1594//1594
f 1589//1589 1594//1594 1588//1588
f 1595//1595 1594//1594 1596//1596
f 1595//1595 1596//1596 1597//1597
f 1596//1596 1594//1594 1593//1593
f 1596//1596 1593//1593 1598//1598
f 1588//1588 1594//1594 1599//1599
f 1588//1588 1599//1599 1591//1591
f 1595//1595 1600//1600 1599//1599
f 1595//1595 1599//1599 1594//1594
f 1593//1593 1589//1589 1601//1601
f 1593//1593 1601//1601 1602//1602
f 1601//1601 1104//1104 1103//1103
f 1601//1601 1103//1103 1603//1603
f 1589//1589 1587//1587 1104//1104
f 1589//1589 1104//1104 1601//1601
f 1602//1602 1601//1601 1603//1603
f 1602//1602 1603//1603 1604//1604
f 1111//1111 1110//1110 1586//1586
f 1111//1111 1586//1586 1112//1112
f 1112//1112 1586//1586 1584//1584
f 1112//1112 1584//1584 1122//1122
f 1120//1120 1123//1123 1583//1583
f 1120//1120 1583//1583 1605//1605
f 1606//1606 1605//1605 1607//1607
f 1606//1606 1607//1607 1608//1608
f 1609//1609 1607//1607 1605//1605
f 1609//1609 1605//1605 1583//1583
f 1609//1609 1580//1580 1579//1579
f 1609//1609 1579//1579 937//937
f 1580//1580 1609//1609 1583//1583
f 1580//1580 1583//1583 1581//1581
f 937//937 936//936 1607//1607
f 937//937 1607//1607 1609//1609
f 938//938 1608//1608 1607//1607
f 938//938 1607//1607 936//936
f 1006//1006 1005//1005 1608//1608
f 1006//1006 1608//1608 938//938
f 1608//1608 1005//1005 1610//1610
f 1608//1608 1610//1610 1606//1606
f 1606//1606 1610//1610 1611//1611
f 1606//1606 1611//1611 1121//1121
f 1119//1119 1115//1115 1121//1121
f 1119//1119 1121//1121 1611//1611
f 1612//1612 1119//1119 1611//1611
f 1612//1612 1611//1611 1613//1613
f 1613//1613 1611//1611 1610//1610
f 1613//1613 1610//1610 1614//1614
f 1605//1605 1606//1606 1121//1121
f 1605//1605 1121//1121 1120//1120
f 1614//1614 1610//1610 1005//1005
f 1614//1614 1005//1005 1004//1004
f 931//931 933//933 937//937
f 931//931 937//937 1579//1579
f 1578//1578 1504//1504 1615//1615
f 1578//1578 1615//1615 932//932
f 930//930 932//932 1615//1615
f 930//930 1615//1615 1616//1616
f 1534//1534 1617//1617 1616//1616
f 1534//1534 1616//1616 1615//1615
f 1618//1618 1619//1619 852//852
f 1618//1618 852//852 1617//1617
f 877//877 876//876 1620//1620
f 877//877 1620//1620 1619//1619
f 872//872 849//849 850//850
f 872//872 850//850 1620//1620
f 876//876 871//871 872//872
f 876//876 872//872 1620//1620
f 852//852 1619//1619 1620//1620
f 852//852 1620//1620 850//850
f 1619//1619 1618//1618 1621//1621
f 1619//1619 1621//1621 877//877
f 1536//1536 1621//1621 1618//1618
f 1536//1536 1618//1618 1535//1535
f 877//877 1621//1621 1622//1622
f 877//877 1622//1622 875//875
f 1623//1623 1624//1624 1625//1625
f 1623//1623 1625//1625 1622//1622
f 1625//1625 1624//1624 1626//1626
f 1625//1625 1626//1626 878//878
f 1627//1627 881//881 1626//1626
f 1627//1627 1626//1626 1628//1628
f 1629//1629 1628//1628 1626//1626
f 1629//1629 1626//1626 1624//1624
f 874//874 878//878 1626//1626
f 874//874 1626//1626 881//881
f 875//875 1622//1622 1625//1625
f 875//875 1625//1625 878//878
f 1629//1629 1624//1624 1531//1531
f 1629//1629 1531//1531 1530//1530
f 1531//1531 1624//1624 1623//1623
f 1531//1531 1623//1623 1529//1529
f 1529//1529 1623//1623 1536//1536
f 1529//1529 1536//1536 1528//1528
f 1621//1621 1536//1536 1623//1623
f 1621//1621 1623//1623 1622//1622
f 1535//1535 1618//1618 1617//1617
f 1535//1535 1617//1617 1534//1534
f 851//851 1616//1616 1617//1617
f 851//851 1617//1617 852//852
f 1616//1616 851//851 854//854
f 1616//1616 854//854 930//930
f 1507//1507 1534//1534 1615//1615
f 1507//1507 1615//1615 1504//1504
f 1630//1630 1631//1631 1632//1632
f 1630//1630 1632//1632 1633//1633
f 1631//1631 1634//1634 1635//1635
f 1631//1631 1635//1635 1632//1632
f 1636//1636 1632//1632 1635//1635
f 1636//1636 1635//1635 1597//1597
f 1596//1596 1637//1637 1636//1636
f 1596//1596 1636//1636 1597//1597
f 1638//1638 1632//1632 1636//1636
f 1638//1638 1636//1636 1637//1637
f 1633//1633 1632//1632 1638//1638
f 1633//1633 1638//1638 1639//1639
f 1633//1633 1639//1639 1640//1640
f 1633//1633 1640//1640 1641//1641
f 1640//1640 1642//1642 1643//1643
f 1640//1640 1643//1643 1641//1641
f 1644//1644 1645//1645 1643//1643
f 1644//1644 1643//1643 1642//1642
f 1645//1645 1646//1646 1647//1647
f 1645//1645 1647//1647 1643//1643
f 1648//1648 1649//1649 1647//1647
f 1648//1648 1647//1647 1650//1650
f 1650//1650 1647//1647 1646//1646
f 1650//1650 1646//1646 1651//1651
f 1649//1649 1641//1641 1643//1643
f 1649//1649 1643//1643 1647//1647
f 1645//1645 1644//1644 1652//1652
f 1645//1645 1652//1652 1653//1653
f 1653//1653 1654//1654 1646//1646
f 1653//1653 1646//1646 1645//1645
f 1655//1655 1644//1644 1642//1642
f 1655//1655 1642//1642 1656//1656
f 1656//1656 1657//1657 1658//1658
f 1656//1656 1658//1658 1655//1655
f 1659//1659 1100//1100 1660//1660
f 1659//1659 1660//1660 1657//1657
f 1657//1657 1656//1656 1661//1661
f 1657//1657 1661//1661 1659//1659
f 1662//1662 1658//1658 1657//1657
f 1662//1662 1657//1657 1660//1660
f 1663//1663 1652//1652 1644//1644
f 1663//1663 1644//1644 1655//1655
f 1664//1664 1663//1663 1655//1655
f 1664//1664 1655//1655 1658//1658
f 1640//1640 1661//1661 1656//1656
f 1640//1640 1656//1656 1642//1642
f 1639//1639 1665//1665 1661//1661
f 1639//1639 1661//1661 1640//1640
f 1638//1638 1637//1637 1665//1665
f 1638//1638 1665//1665 1639//1639
f 1659//1659 1661//1661 1665//1665
f 1659//1659 1665//1665 1666//1666
f 1667//1667 1666//1666 1668//1668
f 1667//1667 1668//1668 1669//1669
f 1666//1666 1665//1665 1637//1637
f 1666//1666 1637//1637 1668//1668
f 1669//1669 1668//1668 1598//1598
f 1669//1669 1598//1598 1670//1670
f 1668//1668 1637//1637 1596//1596
f 1668//1668 1596//1596 1598//1598
f 1666//1666 1667//1667 1100//1100
f 1666//1666 1100//1100 1659//1659
f 1667//1667 1671//1671 1098//1098
f 1667//1667 1098//1098 1100//1100
f 1669//1669 1672//1672 1671//1671
f 1669//1669 1671//1671 1667//1667
f 1673//1673 1630//1630 1633//1633
f 1673//1673 1633//1633 1641//1641
f 1674//1674 1675//1675 1631//1631
f 1674//1674 1631//1631 1630//1630
f 1675//1675 1674//1674 1676//1676
f 1675//1675 1676//1676 1677//1677
f 1678//1678 1677//1677 1676//1676
f 1678//1678 1676//1676 1679//1679
f 1676//1676 1674//1674 1680//1680
f 1676//1676 1680//1680 1679//1679
f 1631//1631 1675//1675 1681//1681
f 1631//1631 1681//1681 1634//1634
f 1682//1682 1683//1683 1684//1684
f 1682//1682 1684//1684 1681//1681
f 1675//1675 1685//1685 1682//1682
f 1675//1675 1682//1682 1681//1681
f 1686//1686 1634//1634 1681//1681
f 1686//1686 1681//1681 1684//1684
f 1677//1677 1556//1556 1685//1685
f 1677//1677 1685//1685 1675//1675
f 1680//1680 1674//1674 1630//1630
f 1680//1680 1630//1630 1673//1673
f 1687//1687 1679//1679 1680//1680
f 1687//1687 1680//1680 1673//1673
f 1641//1641 1649//1649 1687//1687
f 1641//1641 1687//1687 1673//1673
f 1679//1679 1687//1687 1688//1688
f 1679//1679 1688//1688 1678//1678
f 1689//1689 1688//1688 1687//1687
f 1689//1689 1687//1687 1649//1649
f 1595//1595 1597//1597 1635//1635
f 1595//1595 1635//1635 1600//1600
f 1686//1686 1600//1600 1635//1635
f 1686//1686 1635//1635 1634//1634
f 1690//1690 1627//1627 1628//1628
f 1690//1690 1628//1628 1691//1691
f 1627//1627 1690//1690 889//889
f 1627//1627 889//889 886//886
f 887//887 889//889 1690//1690
f 887//887 1690//1690 1692//1692
f 888//888 887//887 1692//1692
f 888//888 1692//1692 1693//1693
f 891//891 888//888 1693//1693
f 891//891 1693//1693 1694//1694
f 1695//1695 894//894 891//891
f 1695//1695 891//891 1694//1694
f 1696//1696 1697//1697 894//894
f 1696//1696 894//894 1695//1695
f 836//836 838//838 1697//1697
f 836//836 1697//1697 1698//1698
f 1698//1698 1697//1697 1696//1696
f 1698//1698 1696//1696 1699//1699
f 1700//1700 1701//1701 1699//1699
f 1700//1700 1699//1699 1696//1696
f 1701//1701 1702//1702 1703//1703
f 1701//1701 1703//1703 1699//1699
f 831//831 832//832 1703//1703
f 831//831 1703//1703 1704//1704
f 1704//1704 1703//1703 1702//1702
f 1704//1704 1702//1702 1705//1705
f 832//832 1698//1698 1699//1699
f 832//832 1699//1699 1703//1703
f 1702//1702 1701//1701 1706//1706
f 1702//1702 1706//1706 1707//1707
f 1708//1708 1707//1707 1706//1706
f 1708//1708 1706//1706 1709//1709
f 1710//1710 1711//1711 1709//1709
f 1710//1710 1709//1709 1706//1706
f 1701//1701 1700//1700 1710//1710
f 1701//1701 1710//1710 1706//1706
f 1696//1696 1695//1695 1712//1712
f 1696//1696 1712//1712 1700//1700
f 1713//1713 1712//1712 1695//1695
f 1713//1713 1695//1695 1694//1694
f 1714//1714 1715//1715 1713//1713
f 1714//1714 1713//1713 1716//1716
f 1716//1716 1713//1713 1694//1694
f 1716//1716 1694//1694 1693//1693
f 1712//1712 1713//1713 1715//1715
f 1712//1712 1715//1715 1717//1717
f 1700//1700 1712//1712 1717//1717
f 1700//1700 1717//1717 1710//1710
f 1698//1698 832//832 829//829
f 1698//1698 829//829 836//836
f 892//892 894//894 1697//1697
f 892//892 1697//1697 838//838
f 1718//1718 1716//1716 1693//1693
f 1718//1718 1693//1693 1692//1692
f 1716//1716 1718//1718 1719//1719
f 1716//1716 1719//1719 1714//1714
f 1720//1720 1714//1714 1719//1719
f 1720//1720 1719//1719 1721//1721
f 1722//1722 1720//1720 1721//1721
f 1722//1722 1721//1721 1723//1723
f 1724//1724 1722//1722 1723//1723
f 1724//1724 1723//1723 1725//1725
f 1720//1720 1722//1722 1726//1726
f 1720//1720 1726//1726 1727//1727
f 1728//1728 1729//1729 1727//1727
f 1728//1728 1727//1727 1726//1726
f 1714//1714 1720//1720 1727//1727
f 1714//1714 1727//1727 1715//1715
f 1729//1729 1717//1717 1715//1715
f 1729//1729 1715//1715 1727//1727
f 1730//1730 1711//1711 1729//1729
f 1730//1730 1729//1729 1728//1728
f 1728//1728 1731//1731 1732//1732
f 1728//1728 1732//1732 1730//1730
f 1733//1733 1731//1731 1728//1728
f 1733//1733 1728//1728 1726//1726
f 1722//1722 1724//1724 1733//1733
f 1722//1722 1733//1733 1726//1726
f 1734//1734 1733//1733 1724//1724
f 1734//1734 1724//1724 1735//1735
f 1724//1724 1725//1725 1736//1736
f 1724//1724 1736//1736 1735//1735
f 1737//1737 1738//1738 1725//1725
f 1737//1737 1725//1725 1723//1723
f 1736//1736 1725//1725 1738//1738
f 1736//1736 1738//1738 1739//1739
f 1738//1738 1737//1737 1740//1740
f 1738//1738 1740//1740 1739//1739
f 1741//1741 1742//1742 1737//1737
f 1741//1741 1737//1737 1723//1723
f 1737//1737 1742//1742 1743//1743
f 1737//1737 1743//1743 1740//1740
f 1736//1736 1739//1739 1744//1744
f 1736//1736 1744//1744 1745//1745
f 1746//1746 1745//1745 1744//1744
f 1746//1746 1744//1744 1747//1747
f 1748//1748 1749//1749 1747//1747
f 1748//1748 1747//1747 1744//1744
f 1739//1739 1740//1740 1748//1748
f 1739//1739 1748//1748 1744//1744
f 1741//1741 1723//1723 1721//1721
f 1741//1741 1721//1721 1750//1750
f 1751//1751 1752//1752 1741//1741
f 1751//1751 1741//1741 1750//1750
f 1752//1752 1751//1751 1753//1753
f 1752//1752 1753//1753 1754//1754
f 1754//1754 1753//1753 1755//1755
f 1754//1754 1755//1755 1756//1756
f 1542//1542 1755//1755 1753//1753
f 1542//1542 1753//1753 1544//1544
f 1544//1544 1753//1753 1751//1751
f 1544//1544 1751//1751 1757//1757
f 1752//1752 1758//1758 1742//1742
f 1752//1752 1742//1742 1741//1741
f 1752//1752 1754//1754 1759//1759
f 1752//1752 1759//1759 1758//1758
f 1750//1750 1760//1760 1757//1757
f 1750//1750 1757//1757 1751//1751
f 1757//1757 1760//1760 1761//1761
f 1757//1757 1761//1761 1762//1762
f 1760//1760 1719//1719 1718//1718
f 1760//1760 1718//1718 1761//1761
f 1760//1760 1750//1750 1721//1721
f 1760//1760 1721//1721 1719//1719
f 1718//1718 1692//1692 1763//1763
f 1718//1718 1763//1763 1761//1761
f 1690//1690 1691//1691 1763//1763
f 1690//1690 1763//1763 1692//1692
f 1762//1762 1761//1761 1763//1763
f 1762//1762 1763//1763 1525//1525
f 1525//1525 1763//1763 1691//1691
f 1525//1525 1691//1691 1523//1523
f 1691//1691 1764//1764 1532//1532
f 1691//1691 1532//1532 1523//1523
f 1764//1764 1629//1629 1530//1530
f 1764//1764 1530//1530 1532//1532
f 1628//1628 1629//1629 1764//1764
f 1628//1628 1764//1764 1691//1691
f 1765//1765 1766//1766 1767//1767
f 1765//1765 1767//1767 1768//1768
f 1769//1769 1770//1770 1766//1766
f 1769//1769 1766//1766 1771//1771
f 1772//1772 1769//1769 1771//1771
f 1772//1772 1771//1771 1773//1773
f 1774//1774 1775//1775 1770//1770
f 1774//1774 1770//1770 1769//1769
f 1770//1770 1776//1776 1767//1767
f 1770//1770 1767//1767 1766//1766
f 1085//1085 1768//1768 1767//1767
f 1085//1085 1767//1767 1084//1084
f 1776//1776 1777//1777 1084//1084
f 1776//1776 1084//1084 1767//1767
f 1776//1776 1770//1770 1775//1775
f 1776//1776 1775//1775 1778//1778
f 1775//1775 1779//1779 1780//1780
f 1775//1775 1780//1780 1778//1778
f 1781//1781 1780//1780 1779//1779
f 1781//1781 1779//1779 1782//1782
f 1779//1779 1775//1775 1774//1774
f 1779//1779 1774//1774 1783//1783
f 1784//1784 1774//1774 1769//1769
f 1784//1784 1769//1769 1772//1772
f 1784//1784 1785//1785 1783//1783
f 1784//1784 1783//1783 1774//1774
f 1783//1783 1786//1786 1782//1782
f 1783//1783 1782//1782 1779//1779
f 1785//1785 1787//1787 1786//1786
f 1785//1785 1786//1786 1783//1783
f 1786//1786 1788//1788 1789//1789
f 1786//1786 1789//1789 1782//1782
f 1787//1787 1790//1790 1788//1788
f 1787//1787 1788//1788 1786//1786
f 1780//1780 1781//1781 1791//1791
f 1780//1780 1791//1791 1792//1792
f 1792//1792 1791//1791 1793//1793
f 1792//1792 1793//1793 1794//1794
f 1795//1795 1793//1793 1791//1791
f 1795//1795 1791//1791 1796//1796
f 1781//1781 1797//1797 1796//1796
f 1781//1781 1796//1796 1791//1791
f 1781//1781 1782//1782 1789//1789
f 1781//1781 1789//1789 1797//1797
f 1778//1778 1780//1780 1792//1792
f 1778//1778 1792//1792 1798//1798
f 1794//1794 1799//1799 1798//1798
f 1794//1794 1798//1798 1792//1792
f 1800//1800 1801//1801 1799//1799
f 1800//1800 1799//1799 1794//1794
f 1798//1798 1799//1799 1090//1090
f 1798//1798 1090//1090 1777//1777
f 1799//1799 1801//1801 1089//1089
f 1799//1799 1089//1089 1090//1090
f 1778//1778 1798//1798 1777//1777
f 1778//1778 1777//1777 1776//1776
f 1802//1802 1772//1772 1773//1773
f 1802//1802 1773//1773 1803//1803
f 1804//1804 1805//1805 1803//1803
f 1804//1804 1803//1803 1773//1773
f 1803//1803 1805//1805 1806//1806
f 1803//1803 1806//1806 1802//1802
f 1802//1802 1806//1806 1807//1807
f 1802//1802 1807//1807 1808//1808
f 1807//1807 1806//1806 1809//1809
f 1807//1807 1809//1809 1810//1810
f 1811//1811 1809//1809 1806//1806
f 1811//1811 1806//1806 1805//1805
f 1805//1805 1804//1804 1812//1812
f 1805//1805 1812//1812 1811//1811
f 1813//1813 1812//1812 1804//1804
f 1813//1813 1804//1804 1814//1814
f 1008//1008 1009//1009 1811//1811
f 1008//1008 1811//1811 1812//1812
f 1812//1812 1813//1813 1815//1815
f 1812//1812 1815//1815 1008//1008
f 1816//1816 1809//1809 1811//1811
f 1816//1816 1811//1811 1009//1009
f 1817//1817 1816//1816 1390//1390
f 1817//1817 1390//1390 1389//1389
f 1816//1816 1009//1009 1010//1010
f 1816//1816 1010//1010 1390//1390
f 1810//1810 1809//1809 1816//1816
f 1810//1810 1816//1816 1817//1817
f 1818//1818 1808//1808 1807//1807
f 1818//1818 1807//1807 1819//1819
f 1808//1808 1818//1818 1785//1785
f 1808//1808 1785//1785 1784//1784
f 1787//1787 1785//1785 1818//1818
f 1787//1787 1818//1818 1820//1820
f 1820//1820 1821//1821 1790//1790
f 1820//1820 1790//1790 1787//1787
f 1819//1819 1821//1821 1820//1820
f 1819//1819 1820//1820 1818//1818
f 1808//1808 1784//1784 1772//1772
f 1808//1808 1772//1772 1802//1802
f 1807//1807 1810//1810 1822//1822
f 1807//1807 1822//1822 1819//1819
f 1819//1819 1822//1822 1823//1823
f 1819//1819 1823//1823 1821//1821
f 1414//1414 1824//1824 1823//1823
f 1414//1414 1823//1823 1424//1424
f 1413//1413 1825//1825 1824//1824
f 1413//1413 1824//1824 1414//1414
f 1821//1821 1823//1823 1824//1824
f 1821//1821 1824//1824 1790//1790
f 1825//1825 1788//1788 1790//1790
f 1825//1825 1790//1790 1824//1824
f 1826//1826 1424//1424 1823//1823
f 1826//1826 1823//1823 1822//1822
f 1817//1817 1389//1389 1392//1392
f 1817//1817 1392//1392 1826//1826
f 1826//1826 1822//1822 1810//1810
f 1826//1826 1810//1810 1817//1817
f 1826//1826 1392//1392 1425//1425
f 1826//1826 1425//1425 1424//1424
f 1773//1773 1771//1771 1814//1814
f 1773//1773 1814//1814 1804//1804
f 1765//1765 1814//1814 1771//1771
f 1765//1765 1771//1771 1766//1766
f 1827//1827 1813//1813 1814//1814
f 1827//1827 1814//1814 1765//1765
f 1765//1765 1768//1768 1828//1828
f 1765//1765 1828//1828 1827//1827
f 1768//1768 1829//1829 1612//1612
f 1768//1768 1612//1612 1828//1828
f 1829//1829 1117//1117 1119//1119
f 1829//1829 1119//1119 1612//1612
f 1086//1086 1118//1118 1117//1117
f 1086//1086 1117//1117 1829//1829
f 1829//1829 1768//1768 1085//1085
f 1829//1829 1085//1085 1086//1086
f 1830//1830 1827//1827 1828//1828
f 1830//1830 1828//1828 1831//1831
f 1831//1831 1613//1613 1614//1614
f 1831//1831 1614//1614 1832//1832
f 1830//1830 1831//1831 1832//1832
f 1830//1830 1832//1832 1815//1815
f 1813//1813 1827//1827 1830//1830
f 1813//1813 1830//1830 1815//1815
f 1815//1815 1832//1832 1007//1007
f 1815//1815 1007//1007 1008//1008
f 1004//1004 1007//1007 1832//1832
f 1004//1004 1832//1832 1614//1614
f 1828//1828 1612//1612 1613//1613
f 1828//1828 1613//1613 1831//1831
f 1833//1833 1834//1834 1835//1835
f 1833//1833 1835//1835 1836//1836
f 1837//1837 1838//1838 1839//1839
f 1837//1837 1839//1839 1836//1836
f 1840//1840 1833//1833 1836//1836
f 1840//1840 1836//1836 1839//1839
f 1841//1841 1842//1842 1834//1834
f 1841//1841 1834//1834 1833//1833
f 1842//1842 1843//1843 1844//1844
f 1842//1842 1844//1844 1834//1834
f 1835//1835 1834//1834 1844//1844
f 1835//1835 1844//1844 1845//1845
f 1843//1843 1846//1846 1845//1845
f 1843//1843 1845//1845 1844//1844
f 1795//1795 1796//1796 1846//1846
f 1795//1795 1846//1846 1843//1843
f 1796//1796 1797//1797 1847//1847
f 1796//1796 1847//1847 1846//1846
f 1848//1848 1845//1845 1846//1846
f 1848//1848 1846//1846 1847//1847
f 1845//1845 1848//1848 1849//1849
f 1845//1845 1849//1849 1835//1835
f 1848//1848 1850//1850 1851//1851
f 1848//1848 1851//1851 1849//1849
f 1850//1850 1848//1848 1847//1847
f 1850//1850 1847//1847 1852//1852
f 1852//1852 1847//1847 1797//1797
f 1852//1852 1797//1797 1853//1853
f 1853//1853 1415//1415 1417//1417
f 1853//1853 1417//1417 1852//1852
f 1416//1416 1415//1415 1853//1853
f 1416//1416 1853//1853 1854//1854
f 1853//1853 1797//1797 1789//1789
f 1853//1853 1789//1789 1854//1854
f 1843//1843 1842//1842 1855//1855
f 1843//1843 1855//1855 1795//1795
f 1856//1856 1855//1855 1842//1842
f 1856//1856 1842//1842 1841//1841
f 1857//1857 1856//1856 1841//1841
f 1857//1857 1841//1841 1858//1858
f 1855//1855 1856//1856 1859//1859
f 1855//1855 1859//1859 1860//1860
f 1856//1856 1857//1857 1861//1861
f 1856//1856 1861//1861 1859//1859
f 1840//1840 1839//1839 1838//1838
f 1840//1840 1838//1838 1858//1858
f 1858//1858 1841//1841 1833//1833
f 1858//1858 1833//1833 1840//1840
f 1858//1858 1838//1838 1862//1862
f 1858//1858 1862//1862 1857//1857
f 1795//1795 1855//1855 1860//1860
f 1795//1795 1860//1860 1793//1793
f 1838//1838 1837//1837 1863//1863
f 1838//1838 1863//1863 1862//1862
f 1660//1660 1864//1864 1863//1863
f 1660//1660 1863//1863 1662//1662
f 1864//1864 1660//1660 1100//1100
f 1864//1864 1100//1100 1099//1099
f 1862//1862 1863//1863 1864//1864
f 1862//1862 1864//1864 1865//1865
f 1865//1865 1861//1861 1857//1857
f 1865//1865 1857//1857 1862//1862
f 1861//1861 1865//1865 1101//1101
f 1861//1861 1101//1101 1105//1105
f 1865//1865 1864//1864 1099//1099
f 1865//1865 1099//1099 1101//1101
f 1662//1662 1863//1863 1837//1837
f 1662//1662 1837//1837 1866//1866
f 1866//1866 1664//1664 1658//1658
f 1866//1866 1658//1658 1662//1662
f 1835//1835 1849//1849 1664//1664
f 1835//1835 1664//1664 1866//1866
f 1836//1836 1835//1835 1866//1866
f 1836//1836 1866//1866 1837//1837
f 1688//1688 1689//1689 1867//1867
f 1688//1688 1867//1867 1868//1868
f 1678//1678 1688//1688 1868//1868
f 1678//1678 1868//1868 1869//1869
f 1869//1869 1868//1868 1558//1558
f 1869//1869 1558//1558 1556//1556
f 1869//1869 1556//1556 1677//1677
f 1869//1869 1677//1677 1678//1678
f 1868//1868 1867//1867 1557//1557
f 1868//1868 1557//1557 1558//1558
f 1867//1867 1870//1870 1552//1552
f 1867//1867 1552//1552 1557//1557
f 1562//1562 1552//1552 1870//1870
f 1562//1562 1870//1870 1871//1871
f 1562//1562 1871//1871 1872//1872
f 1562//1562 1872//1872 1563//1563
f 1872//1872 1871//1871 1873//1873
f 1872//1872 1873//1873 1874//1874
f 1874//1874 1873//1873 1875//1875
f 1874//1874 1875//1875 1876//1876
f 1877//1877 1878//1878 1876//1876
f 1877//1877 1876//1876 1875//1875
f 1879//1879 1874//1874 1876//1876
f 1879//1879 1876//1876 1880//1880
f 1881//1881 1872//1872 1874//1874
f 1881//1881 1874//1874 1879//1879
f 1759//1759 1881//1881 1879//1879
f 1759//1759 1879//1879 1882//1882
f 1563//1563 1872//1872 1881//1881
f 1563//1563 1881//1881 1756//1756
f 1754//1754 1756//1756 1881//1881
f 1754//1754 1881//1881 1759//1759
f 1883//1883 1882//1882 1884//1884
f 1883//1883 1884//1884 1885//1885
f 1885//1885 1884//1884 1886//1886
f 1885//1885 1886//1886 1887//1887
f 1888//1888 1886//1886 1884//1884
f 1888//1888 1884//1884 1880//1880
f 1880//1880 1884//1884 1882//1882
f 1880//1880 1882//1882 1879//1879
f 1883//1883 1889//1889 1890//1890
f 1883//1883 1890//1890 1758//1758
f 1889//1889 1883//1883 1885//1885
f 1889//1889 1885//1885 1891//1891
f 1758//1758 1759//1759 1882//1882
f 1758//1758 1882//1882 1883//1883
f 1878//1878 1888//1888 1880//1880
f 1878//1878 1880//1880 1876//1876
f 1888//1888 1878//1878 1892//1892
f 1888//1888 1892//1892 1893//1893
f 1893//1893 1892//1892 1894//1894
f 1893//1893 1894//1894 1895//1895
f 1896//1896 1895//1895 1894//1894
f 1896//1896 1894//1894 1897//1897
f 1898//1898 1893//1893 1895//1895
f 1898//1898 1895//1895 1899//1899
f 1896//1896 1900//1900 1899//1899
f 1896//1896 1899//1899 1895//1895
f 1901//1901 1896//1896 1897//1897
f 1901//1901 1897//1897 1902//1902
f 1902//1902 1897//1897 1903//1903
f 1902//1902 1903//1903 1904//1904
f 1905//1905 1903//1903 1897//1897
f 1905//1905 1897//1897 1894//1894
f 1892//1892 1906//1906 1905//1905
f 1892//1892 1905//1905 1894//1894
f 1906//1906 1907//1907 1908//1908
f 1906//1906 1908//1908 1905//1905
f 1907//1907 1906//1906 1877//1877
f 1907//1907 1877//1877 1909//1909
f 1906//1906 1892//1892 1878//1878
f 1906//1906 1878//1878 1877//1877
f 1648//1648 1909//1909 1877//1877
f 1648//1648 1877//1877 1875//1875
f 1649//1649 1648//1648 1875//1875
f 1649//1649 1875//1875 1689//1689
f 1689//1689 1875//1875 1873//1873
f 1689//1689 1873//1873 1867//1867
f 1873//1873 1871//1871 1870//1870
f 1873//1873 1870//1870 1867//1867
f 1910//1910 1911//1911 1912//1912
f 1910//1910 1912//1912 1913//1913
f 1912//1912 1911//1911 1914//1914
f 1912//1912 1914//1914 1915//1915
f 1916//1916 1915//1915 1914//1914
f 1916//1916 1914//1914 1917//1917
f 1918//1918 1919//1919 1912//1912
f 1918//1918 1912//1912 1915//1915
f 1916//1916 1920//1920 1918//1918
f 1916//1916 1918//1918 1915//1915
f 1920//1920 1916//1916 3587//3587
f 1920//1920 3587//3587 3586//3586
f 1916//1916 3588//3588 3589//3589
f 1921//1921 1920//1920 3591//3591
f 1921//1921 3591//3591 3590//3590
f 1920//1920 3592//3592 3593//3593
f 1922//1922 1923//1923 3595//3595
f 1922//1922 3595//3595 3594//3594
f 1922//1922 3596//3596 3597//3597
f 1917//1917 3598//3598 3599//3599
f 1917//1917 1922//1922 3601//3601
f 1917//1917 3601//3601 3600//3600
f 1916//1916 3602//3602 3603//3603
f 1916//1916 1917//1917 3605//3605
f 1916//1916 3605//3605 3604//3604
f 1924//1924 1921//1921 3607//3607
f 1924//1924 3607//3607 3606//3606
f 1921//1921 3608//3608 3609//3609
f 1925//1925 1926//1926 1927//1927
f 1925//1925 1927//1927 1924//1924
f 1928//1928 1929//1929 1930//1930
f 1928//1928 1930//1930 1926//1926
f 1931//1931 1928//1928 1926//1926
f 1931//1931 1926//1926 1925//1925
f 1932//1932 1927//1927 1926//1926
f 1932//1932 1926//1926 1930//1930
f 1933//1933 1924//1924 3611//3611
f 1933//1933 3611//3611 3610//3610
f 1924//1924 1933//1933 1925//1925
f 1933//1933 3612//3612 3613//3613
f 1921//1921 1924//1924 1927//1927
f 1921//1921 1927//1927 1919//1919
f 1934//1934 1919//1919 1927//1927
f 1934//1934 1927//1927 1932//1932
f 1921//1921 1919//1919 1918//1918
f 1921//1921 1918//1918 1920//1920
f 1912//1912 1919//1919 1934//1934
f 1912//1912 1934//1934 1913//1913
f 1922//1922 1917//1917 1914//1914
f 1922//1922 1914//1914 1911//1911
f 1935//1935 1910//1910 1936//1936
f 1935//1935 1936//1936 1937//1937
f 1936//1936 1938//1938 1939//1939
f 1936//1936 1939//1939 1937//1937
f 1940//1940 1939//1939 1938//1938
f 1940//1940 1938//1938 1941//1941
f 1942//1942 1940//1940 1941//1941
f 1942//1942 1941//1941 1943//1943
f 1219//1219 1942//1942 1943//1943
f 1219//1219 1943//1943 1217//1217
f 1944//1944 1945//1945 1940//1940
f 1944//1944 1940//1940 1942//1942
f 1939//1939 1940//1940 1945//1945
f 1939//1939 1945//1945 1946//1946
f 1945//1945 1944//1944 1947//1947
f 1945//1945 1947//1947 1948//1948
f 1944//1944 1949//1949 1950//1950
f 1944//1944 1950//1950 1947//1947
f 1951//1951 1949//1949 1219//1219
f 1951//1951 1219//1219 1218//1218
f 1942//1942 1219//1219 1949//1949
f 1942//1942 1949//1949 1944//1944
f 1952//1952 1950//1950 1949//1949
f 1952//1952 1949//1949 1951//1951
f 1948//1948 1947//1947 1953//1953
f 1948//1948 1953//1953 1954//1954
f 1955//1955 1953//1953 1947//1947
f 1955//1955 1947//1947 1950//1950
f 1946//1946 1945//1945 1948//1948
f 1946//1946 1948//1948 1956//1956
f 1957//1957 1956//1956 1958//1958
f 1957//1957 1958//1958 1959//1959
f 1959//1959 1958//1958 1960//1960
f 1959//1959 1960//1960 1961//1961
f 1962//1962 1960//1960 1958//1958
f 1962//1962 1958//1958 1954//1954
f 1954//1954 1958//1958 1956//1956
f 1954//1954 1956//1956 1948//1948
f 1963//1963 1957//1957 1964//1964
f 1963//1963 1964//1964 1965//1965
f 1966//1966 1964//1964 1957//1957
f 1966//1966 1957//1957 1959//1959
f 1956//1956 1957//1957 1963//1963
f 1956//1956 1963//1963 1946//1946
f 1946//1946 1963//1963 1937//1937
f 1946//1946 1937//1937 1939//1939
f 1937//1937 1963//1963 1965//1965
f 1937//1937 1965//1965 1935//1935
f 1967//1967 1968//1968 1935//1935
f 1967//1967 1935//1935 1965//1965
f 1968//1968 1911//1911 1910//1910
f 1968//1968 1910//1910 1935//1935
f 1217//1217 1943//1943 1969//1969
f 1217//1217 1969//1969 1221//1221
f 1970//1970 1221//1221 1969//1969
f 1970//1970 1969//1969 1971//1971
f 1972//1972 1970//1970 1971//1971
f 1972//1972 1971//1971 1973//1973
f 1215//1215 1212//1212 1221//1221
f 1215//1215 1221//1221 1970//1970
f 1974//1974 1215//1215 1970//1970
f 1974//1974 1970//1970 1972//1972
f 1975//1975 1974//1974 1972//1972
f 1975//1975 1972//1972 1976//1976
f 1974//1974 1975//1975 1977//1977
f 1974//1974 1977//1977 1978//1978
f 1215//1215 1974//1974 1978//1978
f 1215//1215 1978//1978 1214//1214
f 1979//1979 1975//1975 1976//1976
f 1979//1979 1976//1976 1980//1980
f 1980//1980 1976//1976 1981//1981
f 1980//1980 1981//1981 1982//1982
f 1973//1973 1981//1981 1976//1976
f 1973//1973 1976//1976 1972//1972
f 1973//1973 1971//1971 1983//1983
f 1973//1973 1983//1983 1984//1984
f 1985//1985 1986//1986 1984//1984
f 1985//1985 1984//1984 1983//1983
f 1984//1984 1987//1987 1981//1981
f 1984//1984 1981//1981 1973//1973
f 1982//1982 1981//1981 1987//1987
f 1982//1982 1987//1987 1988//1988
f 1989//1989 1990//1990 1988//1988
f 1989//1989 1988//1988 1987//1987
f 1986//1986 1989//1989 1987//1987
f 1986//1986 1987//1987 1984//1984
f 1983//1983 1991//1991 1992//1992
f 1983//1983 1992//1992 1985//1985
f 1943//1943 1941//1941 1991//1991
f 1943//1943 1991//1991 1969//1969
f 1991//1991 1983//1983 1971//1971
f 1991//1991 1971//1971 1969//1969
f 1941//1941 1938//1938 1992//1992
f 1941//1941 1992//1992 1991//1991
f 1986//1986 1985//1985 1993//1993
f 1986//1986 1993//1993 1994//1994
f 1993//1993 1934//1934 1932//1932
f 1993//1993 1932//1932 1994//1994
f 1913//1913 1934//1934 1993//1993
f 1913//1913 1993//1993 1995//1995
f 1985//1985 1992//1992 1995//1995
f 1985//1985 1995//1995 1993//1993
f 1938//1938 1936//1936 1995//1995
f 1938//1938 1995//1995 1992//1992
f 1936//1936 1910//1910 1913//1913
f 1936//1936 1913//1913 1995//1995
f 1922//1922 1911//1911 1968//1968
f 1922//1922 1968//1968 1923//1923
f 1996//1996 1997//1997 3615//3615
f 1996//1996 3615//3615 3614//3614
f 1996//1996 3616//3616 3617//3617
f 1996//1996 3618//3618 3619//3619
f 1998//1998 1999//1999 3621//3621
f 1998//1998 3621//3621 3620//3620
f 1999//1999 3622//3622 3623//3623
f 1998//1998 3624//3624 3625//3625
f 2000//2000 1998//1998 3627//3627
f 2000//2000 3627//3627 3626//3626
f 2001//2001 3628//3628 3629//3629
f 2001//2001 3630//3630 3631//3631
f 2001//2001 2002//2002 3633//3633
f 2001//2001 3633//3633 3632//3632
f 2003//2003 2001//2001 3635//3635
f 2003//2003 3635//3635 3634//3634
f 2001//2001 2003//2003 2004//2004
f 2004//2004 2003//2003 2005//2005
f 2004//2004 2005//2005 2006//2006
f 2007//2007 2003//2003 3637//3637
f 2007//2007 3637//3637 3636//3636
f 2003//2003 2007//2007 2005//2005
f 2003//2003 3638//3638 3639//3639
f 2007//2007 3640//3640 3641//3641
f 1999//1999 2007//2007 3643//3643
f 1999//1999 3643//3643 3642//3642
f 2007//2007 1999//1999 2008//2008
f 2005//2005 2007//2007 2008//2008
f 2005//2005 2008//2008 2009//2009
f 2010//2010 2011//2011 2009//2009
f 2010//2010 2009//2009 2008//2008
f 1998//1998 2010//2010 2008//2008
f 1998//1998 2008//2008 1999//1999
f 1999//1999 3644//3644 3645//3645
f 2012//2012 3646//3646 3647//3647
f 2012//2012 2013//2013 3649//3649
f 2012//2012 3649//3649 3648//3648
f 2012//2012 3650//3650 3651//3651
f 2014//2014 2015//2015 2016//2016
f 2014//2014 2016//2016 2017//2017
f 2018//2018 2019//2019 2014//2014
f 2018//2018 2014//2014 2017//2017
f 2020//2020 2021//2021 2015//2015
f 2020//2020 2015//2015 2014//2014
f 2022//2022 2016//2016 2015//2015
f 2022//2022 2015//2015 2023//2023
f 2024//2024 2023//2023 2025//2025
f 2024//2024 2025//2025 2026//2026
f 2021//2021 2025//2025 2023//2023
f 2021//2021 2023//2023 2015//2015
f 2025//2025 2021//2021 2027//2027
f 2025//2025 2027//2027 2028//2028
f 2028//2028 2027//2027 2029//2029
f 2028//2028 2029//2029 2030//2030
f 2031//2031 2032//2032 2030//2030
f 2031//2031 2030//2030 2029//2029
f 2033//2033 2034//2034 2035//2035
f 2033//2033 2035//2035 2032//2032
f 2035//2035 2034//2034 2036//2036
f 2035//2035 2036//2036 2037//2037
f 2038//2038 2039//2039 2036//2036
f 2038//2038 2036//2036 2034//2034
f 2034//2034 2033//2033 2040//2040
f 2034//2034 2040//2040 2038//2038
f 2032//2032 2031//2031 2041//2041
f 2032//2032 2041//2041 2033//2033
f 2042//2042 2041//2041 2031//2031
f 2042//2042 2031//2031 2043//2043
f 2043//2043 2031//2031 2029//2029
f 2043//2043 2029//2029 2044//2044
f 2032//2032 2035//2035 2045//2045
f 2032//2032 2045//2045 2030//2030
f 2030//2030 2045//2045 2046//2046
f 2030//2030 2046//2046 2028//2028
f 2047//2047 2046//2046 2045//2045
f 2047//2047 2045//2045 2048//2048
f 2045//2045 2035//2035 2037//2037
f 2045//2045 2037//2037 2048//2048
f 2027//2027 2049//2049 2044//2044
f 2027//2027 2044//2044 2029//2029
f 2044//2044 2049//2049 2050//2050
f 2044//2044 2050//2050 2051//2051
f 2052//2052 2053//2053 2050//2050
f 2052//2052 2050//2050 2054//2054
f 2049//2049 2020//2020 2054//2054
f 2049//2049 2054//2054 2050//2050
f 2051//2051 2050//2050 2053//2053
f 2051//2051 2053//2053 2055//2055
f 2049//2049 2027//2027 2021//2021
f 2049//2049 2021//2021 2020//2020
f 2028//2028 2046//2046 2026//2026
f 2028//2028 2026//2026 2025//2025
f 2046//2046 2047//2047 2056//2056
f 2046//2046 2056//2056 2026//2026
f 2056//2056 2047//2047 2057//2057
f 2056//2056 2057//2057 2058//2058
f 2059//2059 2060//2060 2057//2057
f 2059//2059 2057//2057 2061//2061
f 2061//2061 2062//2062 1328//1328
f 2061//2061 1328//1328 2059//2059
f 2063//2063 2064//2064 2060//2060
f 2063//2063 2060//2060 2059//2059
f 1326//1326 2063//2063 2059//2059
f 1326//1326 2059//2059 1328//1328
f 2062//2062 2065//2065 2066//2066
f 2062//2062 2066//2066 2067//2067
f 2061//2061 2048//2048 2065//2065
f 2061//2061 2065//2065 2062//2062
f 2062//2062 2067//2067 1327//1327
f 2062//2062 1327//1327 1328//1328
f 2061//2061 2057//2057 2047//2047
f 2061//2061 2047//2047 2048//2048
f 2060//2060 2068//2068 2058//2058
f 2060//2060 2058//2058 2057//2057
f 2058//2058 2069//2069 2070//2070
f 2058//2058 2070//2070 2056//2056
f 2071//2071 2072//2072 2073//2073
f 2071//2071 2073//2073 2069//2069
f 2068//2068 2071//2071 2069//2069
f 2068//2068 2069//2069 2058//2058
f 2069//2069 2073//2073 2074//2074
f 2069//2069 2074//2074 2070//2070
f 2026//2026 2056//2056 2070//2070
f 2026//2026 2070//2070 2024//2024
f 2074//2074 2075//2075 2024//2024
f 2074//2074 2024//2024 2070//2070
f 2076//2076 2077//2077 2075//2075
f 2076//2076 2075//2075 2074//2074
f 2077//2077 2078//2078 2022//2022
f 2077//2077 2022//2022 2075//2075
f 2079//2079 2080//2080 2078//2078
f 2079//2079 2078//2078 2077//2077
f 2077//2077 2076//2076 2081//2081
f 2077//2077 2081//2081 2079//2079
f 2075//2075 2022//2022 2023//2023
f 2075//2075 2023//2023 2024//2024
f 2019//2019 2054//2054 2020//2020
f 2019//2019 2020//2020 2014//2014
f 2054//2054 2019//2019 2082//2082
f 2054//2054 2082//2082 2052//2052
f 2083//2083 2084//2084 2052//2052
f 2083//2083 2052//2052 2082//2082
f 2084//2084 2083//2083 2085//2085
f 2084//2084 2085//2085 2086//2086
f 2087//2087 2088//2088 2086//2086
f 2087//2087 2086//2086 2085//2085
f 2086//2086 2089//2089 2090//2090
f 2086//2086 2090//2090 2084//2084
f 2089//2089 2091//2091 2092//2092
f 2089//2089 2092//2092 2090//2090
f 2055//2055 2053//2053 2090//2090
f 2055//2055 2090//2090 2092//2092
f 2093//2093 2055//2055 2092//2092
f 2093//2093 2092//2092 2094//2094
f 2095//2095 2096//2096 2093//2093
f 2095//2095 2093//2093 2094//2094
f 2094//2094 2097//2097 2098//2098
f 2094//2094 2098//2098 2095//2095
f 2092//2092 2091//2091 2097//2097
f 2092//2092 2097//2097 2094//2094
f 2099//2099 2100//2100 2091//2091
f 2099//2099 2091//2091 2089//2089
f 2089//2089 2086//2086 2088//2088
f 2089//2089 2088//2088 2099//2099
f 2100//2100 2099//2099 2101//2101
f 2100//2100 2101//2101 2102//2102
f 2099//2099 2088//2088 2103//2103
f 2099//2099 2103//2103 2101//2101
f 2053//2053 2052//2052 2084//2084
f 2053//2053 2084//2084 2090//2090
f 2104//2104 2103//2103 2088//2088
f 2104//2104 2088//2088 2087//2087
f 2087//2087 2105//2105 2106//2106
f 2087//2087 2106//2106 2104//2104
f 2106//2106 2107//2107 2108//2108
f 2106//2106 2108//2108 2109//2109
f 2109//2109 2108//2108 2110//2110
f 2109//2109 2110//2110 2111//2111
f 2112//2112 2110//2110 2108//2108
f 2112//2112 2108//2108 2113//2113
f 2107//2107 2114//2114 2113//2113
f 2107//2107 2113//2113 2108//2108
f 2107//2107 2106//2106 2105//2105
f 2107//2107 2105//2105 2115//2115
f 2105//2105 2087//2087 2085//2085
f 2105//2105 2085//2085 2116//2116
f 2116//2116 2117//2117 2115//2115
f 2116//2116 2115//2115 2105//2105
f 2104//2104 2106//2106 2109//2109
f 2104//2104 2109//2109 2118//2118
f 2118//2118 2119//2119 2103//2103
f 2118//2118 2103//2103 2104//2104
f 2119//2119 2118//2118 2120//2120
f 2119//2119 2120//2120 2121//2121
f 2118//2118 2109//2109 2111//2111
f 2118//2118 2111//2111 2120//2120
f 2083//2083 2122//2122 2116//2116
f 2083//2083 2116//2116 2085//2085
f 2123//2123 2124//2124 2125//2125
f 2123//2123 2125//2125 2122//2122
f 2018//2018 2126//2126 2124//2124
f 2018//2018 2124//2124 2123//2123
f 2126//2126 2018//2018 2017//2017
f 2126//2126 2017//2017 2127//2127
f 2128//2128 2126//2126 2127//2127
f 2128//2128 2127//2127 2129//2129
f 2129//2129 2127//2127 2130//2130
f 2129//2129 2130//2130 2131//2131
f 2017//2017 2016//2016 2130//2130
f 2017//2017 2130//2130 2127//2127
f 2123//2123 2082//2082 2019//2019
f 2123//2123 2019//2019 2018//2018
f 2126//2126 2128//2128 2132//2132
f 2126//2126 2132//2132 2124//2124
f 2133//2133 2125//2125 2124//2124
f 2133//2133 2124//2124 2132//2132
f 2132//2132 2134//2134 2135//2135
f 2132//2132 2135//2135 2133//2133
f 2134//2134 2132//2132 2128//2128
f 2134//2134 2128//2128 2136//2136
f 2082//2082 2123//2123 2122//2122
f 2082//2082 2122//2122 2083//2083
f 2122//2122 2125//2125 2117//2117
f 2122//2122 2117//2117 2116//2116
f 2130//2130 2016//2016 2137//2137
f 2130//2130 2137//2137 2138//2138
f 2016//2016 2022//2022 2078//2078
f 2016//2016 2078//2078 2137//2137
f 2138//2138 2137//2137 2139//2139
f 2138//2138 2139//2139 2140//2140
f 2140//2140 2139//2139 2141//2141
f 2140//2140 2141//2141 2142//2142
f 2143//2143 2144//2144 2142//2142
f 2143//2143 2142//2142 2141//2141
f 2145//2145 2140//2140 2142//2142
f 2145//2145 2142//2142 2146//2146
f 2147//2147 2138//2138 2140//2140
f 2147//2147 2140//2140 2145//2145
f 2131//2131 2130//2130 2138//2138
f 2131//2131 2138//2138 2147//2147
f 2148//2148 2131//2131 2147//2147
f 2148//2148 2147//2147 2149//2149
f 2150//2150 2148//2148 2149//2149
f 2150//2150 2149//2149 2151//2151
f 2152//2152 2150//2150 2151//2151
f 2152//2152 2151//2151 2153//2153
f 2153//2153 2151//2151 2154//2154
f 2153//2153 2154//2154 2155//2155
f 2152//2152 2153//2153 2156//2156
f 2152//2152 2156//2156 2157//2157
f 2156//2156 2153//2153 2155//2155
f 2156//2156 2155//2155 2158//2158
f 2148//2148 2150//2150 2159//2159
f 2148//2148 2159//2159 2160//2160
f 2161//2161 2159//2159 2150//2150
f 2161//2161 2150//2150 2152//2152
f 2162//2162 2154//2154 2151//2151
f 2162//2162 2151//2151 2149//2149
f 2163//2163 2164//2164 2154//2154
f 2163//2163 2154//2154 2162//2162
f 2162//2162 2145//2145 2146//2146
f 2162//2162 2146//2146 2163//2163
f 2145//2145 2162//2162 2149//2149
f 2145//2145 2149//2149 2147//2147
f 2146//2146 2142//2142 2144//2144
f 2146//2146 2144//2144 2165//2165
f 2166//2166 2167//2167 2165//2165
f 2166//2166 2165//2165 2144//2144
f 2167//2167 2168//2168 2169//2169
f 2167//2167 2169//2169 2165//2165
f 2170//2170 2171//2171 2169//2169
f 2170//2170 2169//2169 2168//2168
f 2169//2169 2171//2171 2164//2164
f 2169//2169 2164//2164 2163//2163
f 2171//2171 2172//2172 2173//2173
f 2171//2171 2173//2173 2164//2164
f 2173//2173 2174//2174 2158//2158
f 2173//2173 2158//2158 2155//2155
f 2174//2174 2173//2173 2172//2172
f 2174//2174 2172//2172 2175//2175
f 2174//2174 2176//2176 2177//2177
f 2174//2174 2177//2177 2158//2158
f 2175//2175 2178//2178 2176//2176
f 2175//2175 2176//2176 2174//2174
f 2164//2164 2173//2173 2155//2155
f 2164//2164 2155//2155 2154//2154
f 2171//2171 2170//2170 2179//2179
f 2171//2171 2179//2179 2172//2172
f 2180//2180 2181//2181 2182//2182
f 2180//2180 2182//2182 2179//2179
f 2183//2183 2181//2181 2184//2184
f 2183//2183 2184//2184 2185//2185
f 2186//2186 2184//2184 2181//2181
f 2186//2186 2181//2181 2180//2180
f 2181//2181 2183//2183 2187//2187
f 2181//2181 2187//2187 2182//2182
f 2188//2188 2180//2180 2179//2179
f 2188//2188 2179//2179 2170//2170
f 2188//2188 2170//2170 2168//2168
f 2188//2188 2168//2168 2189//2189
f 2179//2179 2182//2182 2175//2175
f 2179//2179 2175//2175 2172//2172
f 2165//2165 2169//2169 2163//2163
f 2165//2165 2163//2163 2146//2146
f 2167//2167 2190//2190 2189//2189
f 2167//2167 2189//2189 2168//2168
f 2189//2189 2190//2190 2191//2191
f 2189//2189 2191//2191 2192//2192
f 2193//2193 2192//2192 2191//2191
f 2193//2193 2191//2191 2194//2194
f 2195//2195 2193//2193 2194//2194
f 2195//2195 2194//2194 2196//2196
f 2197//2197 2196//2196 2194//2194
f 2197//2197 2194//2194 2198//2198
f 2198//2198 2194//2194 2191//2191
f 2198//2198 2191//2191 2190//2190
f 2199//2199 2188//2188 2189//2189
f 2199//2199 2189//2189 2192//2192
f 2200//2200 2199//2199 2192//2192
f 2200//2200 2192//2192 2193//2193
f 2201//2201 2198//2198 2190//2190
f 2201//2201 2190//2190 2202//2202
f 2144//2144 2143//2143 2202//2202
f 2144//2144 2202//2202 2166//2166
f 2201//2201 2202//2202 2143//2143
f 2201//2201 2143//2143 2203//2203
f 2141//2141 2204//2204 2203//2203
f 2141//2141 2203//2203 2143//2143
f 2167//2167 2166//2166 2202//2202
f 2167//2167 2202//2202 2190//2190
f 2204//2204 2141//2141 2139//2139
f 2204//2204 2139//2139 2080//2080
f 2080//2080 2139//2139 2137//2137
f 2080//2080 2137//2137 2078//2078
f 2205//2205 2206//2206 2207//2207
f 2205//2205 2207//2207 2208//2208
f 2184//2184 2208//2208 2207//2207
f 2184//2184 2207//2207 2185//2185
f 2184//2184 2186//2186 2209//2209
f 2184//2184 2209//2209 2208//2208
f 2199//2199 2210//2210 2209//2209
f 2199//2199 2209//2209 2186//2186
f 2209//2209 2210//2210 2205//2205
f 2209//2209 2205//2205 2208//2208
f 2211//2211 2206//2206 2205//2205
f 2211//2211 2205//2205 2212//2212
f 2210//2210 2213//2213 2212//2212
f 2210//2210 2212//2212 2205//2205
f 2213//2213 2214//2214 2215//2215
f 2213//2213 2215//2215 2212//2212
f 2214//2214 2213//2213 2200//2200
f 2214//2214 2200//2200 2216//2216
f 2217//2217 2214//2214 2216//2216
f 2217//2217 2216//2216 2218//2218
f 2218//2218 2081//2081 2076//2076
f 2218//2218 2076//2076 2217//2217
f 2081//2081 2218//2218 2219//2219
f 2081//2081 2219//2219 2220//2220
f 2195//2195 2219//2219 2218//2218
f 2195//2195 2218//2218 2216//2216
f 2193//2193 2195//2195 2216//2216
f 2193//2193 2216//2216 2200//2200
f 2214//2214 2217//2217 2073//2073
f 2214//2214 2073//2073 2215//2215
f 2072//2072 2221//2221 2215//2215
f 2072//2072 2215//2215 2073//2073
f 2212//2212 2215//2215 2221//2221
f 2212//2212 2221//2221 2211//2211
f 2222//2222 2223//2223 2211//2211
f 2222//2222 2211//2211 2221//2221
f 2222//2222 2221//2221 2224//2224
f 2222//2222 2224//2224 2225//2225
f 2226//2226 2227//2227 2224//2224
f 2226//2226 2224//2224 2221//2221
f 2221//2221 2072//2072 2228//2228
f 2221//2221 2228//2228 2226//2226
f 2210//2210 2199//2199 2200//2200
f 2210//2210 2200//2200 2213//2213
f 2207//2207 2206//2206 2229//2229
f 2207//2207 2229//2229 2185//2185
f 2183//2183 2185//2185 2229//2229
f 2183//2183 2229//2229 2230//2230
f 2231//2231 2232//2232 2233//2233
f 2231//2231 2233//2233 2230//2230
f 2232//2232 2234//2234 2235//2235
f 2232//2232 2235//2235 2233//2233
f 2235//2235 2236//2236 2237//2237
f 2235//2235 2237//2237 2238//2238
f 2239//2239 2237//2237 2236//2236
f 2239//2239 2236//2236 2240//2240
f 2241//2241 2242//2242 2240//2240
f 2241//2241 2240//2240 2236//2236
f 2243//2243 2240//2240 2242//2242
f 2243//2243 2242//2242 2244//2244
f 2245//2245 2239//2239 2240//2240
f 2245//2245 2240//2240 2243//2243
f 1355//1355 2245//2245 2243//2243
f 1355//1355 2243//2243 2246//2246
f 2246//2246 2243//2243 2244//2244
f 2246//2246 2244//2244 1323//1323
f 2247//2247 2248//2248 2237//2237
f 2247//2247 2237//2237 2239//2239
f 2239//2239 2245//2245 2249//2249
f 2239//2239 2249//2249 2247//2247
f 2244//2244 2242//2242 1319//1319
f 2244//2244 1319//1319 1323//1323
f 1319//1319 2242//2242 2241//2241
f 1319//1319 2241//2241 2250//2250
f 2250//2250 2241//2241 2234//2234
f 2250//2250 2234//2234 2251//2251
f 2251//2251 2234//2234 2232//2232
f 2251//2251 2232//2232 2231//2231
f 2234//2234 2241//2241 2236//2236
f 2234//2234 2236//2236 2235//2235
f 2250//2250 2252//2252 1318//1318
f 2250//2250 1318//1318 1319//1319
f 2251//2251 2253//2253 2252//2252
f 2251//2251 2252//2252 2250//2250
f 2248//2248 2254//2254 2238//2238
f 2248//2248 2238//2238 2237//2237
f 2176//2176 2178//2178 2254//2254
f 2176//2176 2254//2254 2248//2248
f 2254//2254 2255//2255 2256//2256
f 2254//2254 2256//2256 2238//2238
f 2183//2183 2230//2230 2255//2255
f 2183//2183 2255//2255 2187//2187
f 2254//2254 2178//2178 2187//2187
f 2254//2254 2187//2187 2255//2255
f 2256//2256 2255//2255 2230//2230
f 2256//2256 2230//2230 2233//2233
f 2238//2238 2256//2256 2233//2233
f 2238//2238 2233//2233 2235//2235
f 2231//2231 2230//2230 2229//2229
f 2231//2231 2229//2229 2257//2257
f 2251//2251 2231//2231 2257//2257
f 2251//2251 2257//2257 2253//2253
f 2257//2257 2258//2258 2259//2259
f 2257//2257 2259//2259 2253//2253
f 2258//2258 2223//2223 2260//2260
f 2258//2258 2260//2260 2259//2259
f 2261//2261 2253//2253 2259//2259
f 2261//2261 2259//2259 2260//2260
f 2261//2261 2260//2260 2262//2262
f 2261//2261 2262//2262 2263//2263
f 2262//2262 2260//2260 2225//2225
f 2262//2262 2225//2225 2224//2224
f 2262//2262 2264//2264 2265//2265
f 2262//2262 2265//2265 2263//2263
f 2228//2228 2266//2266 2265//2265
f 2228//2228 2265//2265 2264//2264
f 2266//2266 2228//2228 2072//2072
f 2266//2266 2072//2072 2071//2071
f 2266//2266 2267//2267 2268//2268
f 2266//2266 2268//2268 2265//2265
f 2267//2267 2266//2266 2071//2071
f 2267//2267 2071//2071 2068//2068
f 2264//2264 2227//2227 2226//2226
f 2264//2264 2226//2226 2228//2228
f 2264//2264 2262//2262 2224//2224
f 2264//2264 2224//2224 2227//2227
f 2252//2252 2253//2253 2261//2261
f 2252//2252 2261//2261 2263//2263
f 2268//2268 2252//2252 2263//2263
f 2268//2268 2263//2263 2265//2265
f 2225//2225 2260//2260 2223//2223
f 2225//2225 2223//2223 2222//2222
f 2258//2258 2206//2206 2211//2211
f 2258//2258 2211//2211 2223//2223
f 2229//2229 2206//2206 2258//2258
f 2229//2229 2258//2258 2257//2257
f 2269//2269 3652//3652 3653//3653
f 2269//2269 2270//2270 3655//3655
f 2269//2269 3655//3655 3654//3654
f 2270//2270 2269//2269 2271//2271
f 2271//2271 2269//2269 2272//2272
f 2271//2271 2272//2272 2273//2273
f 2274//2274 2275//2275 2273//2273
f 2274//2274 2273//2273 2272//2272
f 2275//2275 2276//2276 2277//2277
f 2275//2275 2277//2277 2273//2273
f 2278//2278 2277//2277 2276//2276
f 2278//2278 2276//2276 2279//2279
f 2280//2280 2281//2281 2278//2278
f 2280//2280 2278//2278 2279//2279
f 2279//2279 2282//2282 2283//2283
f 2279//2279 2283//2283 2280//2280
f 2279//2279 2276//2276 2284//2284
f 2279//2279 2284//2284 2282//2282
f 2273//2273 2277//2277 2285//2285
f 2273//2273 2285//2285 2271//2271
f 2277//2277 2278//2278 2286//2286
f 2277//2277 2286//2286 2285//2285
f 2276//2276 2275//2275 2287//2287
f 2276//2276 2287//2287 2284//2284
f 2288//2288 2289//2289 2284//2284
f 2288//2288 2284//2284 2287//2287
f 2288//2288 2287//2287 3657//3657
f 2288//2288 3657//3657 3656//3656
f 2290//2290 2288//2288 3659//3659
f 2290//2290 3659//3659 3658//3658
f 2287//2287 3660//3660 3661//3661
f 2287//2287 3662//3662 3663//3663
f 2287//2287 2275//2275 3665//3665
f 2287//2287 3665//3665 3664//3664
f 2275//2275 2274//2274 3667//3667
f 2275//2275 3667//3667 3666//3666
f 2274//2274 2272//2272 3669//3669
f 2274//2274 3669//3669 3668//3668
f 2272//2272 3670//3670 3671//3671
f 2269//2269 3672//3672 3673//3673
f 2272//2272 2269//2269 3675//3675
f 2272//2272 3675//3675 3674//3674
f 2291//2291 2270//2270 2271//2271
f 2291//2291 2271//2271 2285//2285
f 2270//2270 2292//2292 3677//3677
f 2270//2270 3677//3677 3676//3676
f 2292//2292 3678//3678 3679//3679
f 2293//2293 3680//3680 3681//3681
f 2292//2292 2293//2293 3683//3683
f 2292//2292 3683//3683 3682//3682
f 2293//2293 3684//3684 3685//3685
f 2292//2292 2294//2294 2295//2295
f 2292//2292 2295//2295 2293//2293
f 2296//2296 2295//2295 2294//2294
f 2296//2296 2294//2294 2297//2297
f 2297//2297 2294//2294 2291//2291
f 2297//2297 2291//2291 2298//2298
f 2296//2296 2297//2297 2299//2299
f 2296//2296 2299//2299 2300//2300
f 2297//2297 2298//2298 2301//2301
f 2297//2297 2301//2301 2299//2299
f 2293//2293 2302//2302 3687//3687
f 2293//2293 3687//3687 3686//3686
f 2302//2302 2293//2293 2295//2295
f 2295//2295 2296//2296 2303//2303
f 2295//2295 2303//2303 2302//2302
f 2270//2270 2291//2291 2294//2294
f 2270//2270 2294//2294 2292//2292
f 2304//2304 2305//2305 2306//2306
f 2304//2304 2306//2306 2307//2307
f 2308//2308 2306//2306 2305//2305
f 2308//2308 2305//2305 2309//2309
f 2310//2310 2281//2281 2309//2309
f 2310//2310 2309//2309 2305//2305
f 2311//2311 2308//2308 2309//2309
f 2311//2311 2309//2309 2312//2312
f 2313//2313 2314//2314 2306//2306
f 2313//2313 2306//2306 2308//2308
f 2315//2315 2316//2316 2313//2313
f 2315//2315 2313//2313 2317//2317
f 2317//2317 2318//2318 2319//2319
f 2317//2317 2319//2319 2315//2315
f 2318//2318 2317//2317 2311//2311
f 2318//2318 2311//2311 2320//2320
f 2317//2317 2313//2313 2308//2308
f 2317//2317 2308//2308 2311//2311
f 2320//2320 2311//2311 2312//2312
f 2320//2320 2312//2312 2321//2321
f 2321//2321 2312//2312 2280//2280
f 2321//2321 2280//2280 2283//2283
f 2322//2322 2320//2320 2321//2321
f 2322//2322 2321//2321 2323//2323
f 2321//2321 2283//2283 2324//2324
f 2321//2321 2324//2324 2323//2323
f 2281//2281 2280//2280 2312//2312
f 2281//2281 2312//2312 2309//2309
f 2325//2325 2319//2319 2318//2318
f 2325//2325 2318//2318 2326//2326
f 2327//2327 2328//2328 2315//2315
f 2327//2327 2315//2315 2319//2319
f 2316//2316 2315//2315 2328//2328
f 2316//2316 2328//2328 2329//2329
f 2330//2330 2331//2331 2328//2328
f 2330//2330 2328//2328 2327//2327
f 2329//2329 2328//2328 2331//2331
f 2329//2329 2331//2331 2332//2332
f 2329//2329 2333//2333 2334//2334
f 2329//2329 2334//2334 2316//2316
f 2314//2314 2313//2313 2316//2316
f 2314//2314 2316//2316 2334//2334
f 2335//2335 2327//2327 2319//2319
f 2335//2335 2319//2319 2325//2325
f 2336//2336 2337//2337 2335//2335
f 2336//2336 2335//2335 2325//2325
f 2338//2338 2330//2330 2327//2327
f 2338//2338 2327//2327 2335//2335
f 2337//2337 2339//2339 2338//2338
f 2337//2337 2338//2338 2335//2335
f 2340//2340 475//475 2337//2337
f 2340//2340 2337//2337 2336//2336
f 2341//2341 2340//2340 2336//2336
f 2341//2341 2336//2336 2342//2342
f 2342//2342 2336//2336 2325//2325
f 2342//2342 2325//2325 2326//2326
f 2320//2320 2322//2322 2326//2326
f 2320//2320 2326//2326 2318//2318
f 2286//2286 2278//2278 2281//2281
f 2286//2286 2281//2281 2310//2310
f 2298//2298 2286//2286 2310//2310
f 2298//2298 2310//2310 2301//2301
f 2305//2305 2304//2304 2301//2301
f 2305//2305 2301//2301 2310//2310
f 2314//2314 2343//2343 2307//2307
f 2314//2314 2307//2307 2306//2306
f 2343//2343 2314//2314 2334//2334
f 2343//2343 2334//2334 2344//2344
f 2345//2345 2346//2346 2347//2347
f 2345//2345 2347//2347 2344//2344
f 2348//2348 2347//2347 2346//2346
f 2348//2348 2346//2346 2349//2349
f 2349//2349 2346//2346 2350//2350
f 2349//2349 2350//2350 2351//2351
f 2351//2351 2350//2350 2352//2352
f 2351//2351 2352//2352 2353//2353
f 2350//2350 2354//2354 2355//2355
f 2350//2350 2355//2355 2352//2352
f 2355//2355 2356//2356 2357//2357
f 2355//2355 2357//2357 2358//2358
f 2359//2359 2357//2357 2356//2356
f 2359//2359 2356//2356 2360//2360
f 509//509 2359//2359 2360//2360
f 509//509 2360//2360 2361//2361
f 2361//2361 2360//2360 2332//2332
f 2361//2361 2332//2332 2331//2331
f 2360//2360 2356//2356 2362//2362
f 2360//2360 2362//2362 2332//2332
f 2363//2363 2364//2364 2358//2358
f 2363//2363 2358//2358 2357//2357
f 2365//2365 2363//2363 2357//2357
f 2365//2365 2357//2357 2359//2359
f 2354//2354 2362//2362 2356//2356
f 2354//2354 2356//2356 2355//2355
f 2345//2345 2333//2333 2362//2362
f 2345//2345 2362//2362 2354//2354
f 2354//2354 2350//2350 2346//2346
f 2354//2354 2346//2346 2345//2345
f 2352//2352 2355//2355 2358//2358
f 2352//2352 2358//2358 2366//2366
f 2366//2366 2358//2358 2364//2364
f 2366//2366 2364//2364 2367//2367
f 2368//2368 2369//2369 2367//2367
f 2368//2368 2367//2367 2364//2364
f 2370//2370 2366//2366 2367//2367
f 2370//2370 2367//2367 2371//2371
f 2369//2369 2372//2372 2371//2371
f 2369//2369 2371//2371 2367//2367
f 2353//2353 2352//2352 2366//2366
f 2353//2353 2366//2366 2370//2370
f 2353//2353 2373//2373 2374//2374
f 2353//2353 2374//2374 2351//2351
f 2373//2373 2353//2353 2370//2370
f 2373//2373 2370//2370 2375//2375
f 2376//2376 2348//2348 2349//2349
f 2376//2376 2349//2349 2377//2377
f 2351//2351 2374//2374 2377//2377
f 2351//2351 2377//2377 2349//2349
f 2377//2377 2378//2378 2379//2379
f 2377//2377 2379//2379 2376//2376
f 2380//2380 2381//2381 2376//2376
f 2380//2380 2376//2376 2379//2379
f 2382//2382 2383//2383 2381//2381
f 2382//2382 2381//2381 2380//2380
f 2384//2384 2385//2385 2383//2383
f 2384//2384 2383//2383 2382//2382
f 2386//2386 2381//2381 2383//2383
f 2386//2386 2383//2383 2387//2387
f 2385//2385 2388//2388 2387//2387
f 2385//2385 2387//2387 2383//2383
f 2380//2380 2389//2389 2390//2390
f 2380//2380 2390//2390 2382//2382
f 2379//2379 2391//2391 2389//2389
f 2379//2379 2389//2389 2380//2380
f 2381//2381 2386//2386 2348//2348
f 2381//2381 2348//2348 2376//2376
f 2347//2347 2348//2348 2386//2386
f 2347//2347 2386//2386 2392//2392
f 2391//2391 2379//2379 2378//2378
f 2391//2391 2378//2378 2393//2393
f 2393//2393 2378//2378 2394//2394
f 2393//2393 2394//2394 1259//1259
f 2374//2374 2394//2394 2378//2378
f 2374//2374 2378//2378 2377//2377
f 1266//1266 1257//1257 1259//1259
f 1266//1266 1259//1259 2394//2394
f 2373//2373 1266//1266 2394//2394
f 2373//2373 2394//2394 2374//2374
f 2395//2395 2391//2391 2393//2393
f 2395//2395 2393//2393 2396//2396
f 1259//1259 1258//1258 2396//2396
f 1259//1259 2396//2396 2393//2393
f 2344//2344 2347//2347 2392//2392
f 2344//2344 2392//2392 2343//2343
f 2333//2333 2345//2345 2344//2344
f 2333//2333 2344//2344 2334//2334
f 2343//2343 2392//2392 2397//2397
f 2343//2343 2397//2397 2307//2307
f 2398//2398 2304//2304 2307//2307
f 2398//2398 2307//2307 2397//2397
f 2398//2398 2399//2399 2400//2400
f 2398//2398 2400//2400 2304//2304
f 2401//2401 2400//2400 2399//2399
f 2401//2401 2399//2399 2402//2402
f 2304//2304 2400//2400 2299//2299
f 2304//2304 2299//2299 2301//2301
f 2300//2300 2299//2299 2400//2400
f 2300//2300 2400//2400 2401//2401
f 2403//2403 2300//2300 2401//2401
f 2403//2403 2401//2401 2404//2404
f 2405//2405 2404//2404 2406//2406
f 2405//2405 2406//2406 2407//2407
f 2407//2407 2406//2406 2408//2408
f 2407//2407 2408//2408 2409//2409
f 2409//2409 2408//2408 2410//2410
f 2409//2409 2410//2410 2411//2411
f 2412//2412 2410//2410 2408//2408
f 2412//2412 2408//2408 2413//2413
f 2413//2413 2408//2408 2406//2406
f 2413//2413 2406//2406 2402//2402
f 2407//2407 2414//2414 2415//2415
f 2407//2407 2415//2415 2405//2405
f 2414//2414 2407//2407 2409//2409
f 2414//2414 2409//2409 2416//2416
f 2404//2404 2401//2401 2402//2402
f 2404//2404 2402//2402 2406//2406
f 2404//2404 2405//2405 2417//2417
f 2404//2404 2417//2417 2403//2403
f 2418//2418 2419//2419 2417//2417
f 2418//2418 2417//2417 2420//2420
f 2418//2418 2420//2420 3689//3689
f 2418//2418 3689//3689 3688//3688
f 2420//2420 2421//2421 3691//3691
f 2420//2420 3691//3691 3690//3690
f 2421//2421 2420//2420 2415//2415
f 2421//2421 2415//2415 2422//2422
f 2405//2405 2415//2415 2420//2420
f 2405//2405 2420//2420 2417//2417
f 2303//2303 2403//2403 2417//2417
f 2303//2303 2417//2417 2419//2419
f 2302//2302 2303//2303 2419//2419
f 2302//2302 2419//2419 2423//2423
f 2423//2423 2419//2419 2418//2418
f 2423//2423 2418//2418 3693//3693
f 2423//2423 3693//3693 3692//3692
f 2402//2402 2399//2399 2424//2424
f 2402//2402 2424//2424 2413//2413
f 2399//2399 2398//2398 2388//2388
f 2399//2399 2388//2388 2424//2424
f 2413//2413 2424//2424 2425//2425
f 2413//2413 2425//2425 2412//2412
f 2388//2388 2385//2385 2425//2425
f 2388//2388 2425//2425 2424//2424
f 2412//2412 2425//2425 2426//2426
f 2412//2412 2426//2426 2427//2427
f 2428//2428 2429//2429 2427//2427
f 2428//2428 2427//2427 2426//2426
f 2430//2430 2431//2431 2432//2432
f 2430//2430 2432//2432 2429//2429
f 2429//2429 2432//2432 2433//2433
f 2429//2429 2433//2433 2427//2427
f 2432//2432 2434//2434 2435//2435
f 2432//2432 2435//2435 2433//2433
f 2431//2431 2436//2436 2434//2434
f 2431//2431 2434//2434 2432//2432
f 2437//2437 2438//2438 2439//2439
f 2437//2437 2439//2439 2430//2430
f 2430//2430 2429//2429 2428//2428
f 2430//2430 2428//2428 2437//2437
f 2439//2439 2440//2440 2431//2431
f 2439//2439 2431//2431 2430//2430
f 2384//2384 2441//2441 2428//2428
f 2384//2384 2428//2428 2426//2426
f 2441//2441 2442//2442 2437//2437
f 2441//2441 2437//2437 2428//2428
f 2443//2443 2442//2442 2444//2444
f 2443//2443 2444//2444 2445//2445
f 2390//2390 2444//2444 2442//2442
f 2390//2390 2442//2442 2441//2441
f 2442//2442 2443//2443 2438//2438
f 2442//2442 2438//2438 2437//2437
f 2441//2441 2384//2384 2382//2382
f 2441//2441 2382//2382 2390//2390
f 2385//2385 2384//2384 2426//2426
f 2385//2385 2426//2426 2425//2425
f 2388//2388 2398//2398 2397//2397
f 2388//2388 2397//2397 2387//2387
f 2392//2392 2386//2386 2387//2387
f 2392//2392 2387//2387 2397//2397
f 2446//2446 2447//2447 2448//2448
f 2446//2446 2448//2448 1743//1743
f 1740//1740 1743//1743 2448//2448
f 1740//1740 2448//2448 1748//1748
f 2448//2448 2449//2449 1749//1749
f 2448//2448 1749//1749 1748//1748
f 2448//2448 2447//2447 2450//2450
f 2448//2448 2450//2450 2449//2449
f 2451//2451 2449//2449 2450//2450
f 2451//2451 2450//2450 2452//2452
f 1899//1899 2451//2451 2452//2452
f 1899//1899 2452//2452 1898//1898
f 2451//2451 1899//1899 1900//1900
f 2451//2451 1900//1900 2453//2453
f 2454//2454 1747//1747 1749//1749
f 2454//2454 1749//1749 2453//2453
f 2453//2453 1900//1900 2455//2455
f 2453//2453 2455//2455 2454//2454
f 2456//2456 2457//2457 2454//2454
f 2456//2456 2454//2454 2455//2455
f 1902//1902 2456//2456 2455//2455
f 1902//1902 2455//2455 1901//1901
f 2457//2457 2456//2456 2458//2458
f 2457//2457 2458//2458 2459//2459
f 2460//2460 2461//2461 2459//2459
f 2460//2460 2459//2459 2458//2458
f 2458//2458 1904//1904 2462//2462
f 2458//2458 2462//2462 2460//2460
f 1904//1904 2458//2458 2456//2456
f 1904//1904 2456//2456 1902//1902
f 1747//1747 2454//2454 2457//2457
f 1747//1747 2457//2457 1746//1746
f 1746//1746 2457//2457 2459//2459
f 1746//1746 2459//2459 2463//2463
f 1900//1900 1896//1896 1901//1901
f 1900//1900 1901//1901 2455//2455
f 2453//2453 1749//1749 2449//2449
f 2453//2453 2449//2449 2451//2451
f 1898//1898 2452//2452 1887//1887
f 1898//1898 1887//1887 1886//1886
f 1887//1887 2452//2452 2450//2450
f 1887//1887 2450//2450 2447//2447
f 1889//1889 2446//2446 2464//2464
f 1889//1889 2464//2464 1890//1890
f 2464//2464 2446//2446 1743//1743
f 2464//2464 1743//1743 1742//1742
f 1890//1890 2464//2464 1742//1742
f 1890//1890 1742//1742 1758//1758
f 1891//1891 2447//2447 2446//2446
f 1891//1891 2446//2446 1889//1889
f 1887//1887 2447//2447 1891//1891
f 1887//1887 1891//1891 1885//1885
f 56//56 50//50 52//52
f 56//56 52//52 2465//2465
f 252//252 56//56 2465//2465
f 252//252 2465//2465 251//251
f 2466//2466 2467//2467 251//251
f 2466//2466 251//251 2465//2465
f 2467//2467 2466//2466 2468//2468
f 2467//2467 2468//2468 2469//2469
f 2470//2470 2471//2471 2469//2469
f 2470//2470 2469//2469 2468//2468
f 2472//2472 2467//2467 2469//2469
f 2472//2472 2469//2469 2473//2473
f 250//250 251//251 2467//2467
f 250//250 2467//2467 2472//2472
f 243//243 250//250 2472//2472
f 243//243 2472//2472 246//246
f 246//246 2472//2472 2473//2473
f 246//246 2473//2473 2474//2474
f 2475//2475 2476//2476 2474//2474
f 2475//2475 2474//2474 2473//2473
f 2477//2477 2474//2474 2476//2476
f 2477//2477 2476//2476 2478//2478
f 2479//2479 2480//2480 2478//2478
f 2479//2479 2478//2478 2476//2476
f 2481//2481 2478//2478 2480//2480
f 2481//2481 2480//2480 2482//2482
f 2483//2483 2477//2477 2478//2478
f 2483//2483 2478//2478 2481//2481
f 2480//2480 2479//2479 2484//2484
f 2480//2480 2484//2484 2485//2485
f 2479//2479 2486//2486 2487//2487
f 2479//2479 2487//2487 2484//2484
f 2476//2476 2475//2475 2486//2486
f 2476//2476 2486//2486 2479//2479
f 244//244 246//246 2474//2474
f 244//244 2474//2474 2477//2477
f 2473//2473 2469//2469 2471//2471
f 2473//2473 2471//2471 2475//2475
f 2475//2475 2471//2471 2488//2488
f 2475//2475 2488//2488 2486//2486
f 2489//2489 2487//2487 2486//2486
f 2489//2489 2486//2486 2488//2488
f 2487//2487 2489//2489 2490//2490
f 2487//2487 2490//2490 2491//2491
f 2492//2492 2490//2490 2489//2489
f 2492//2492 2489//2489 2493//2493
f 2488//2488 2494//2494 2493//2493
f 2488//2488 2493//2493 2489//2489
f 2494//2494 2488//2488 2471//2471
f 2494//2494 2471//2471 2470//2470
f 2470//2470 2495//2495 2496//2496
f 2470//2470 2496//2496 2494//2494
f 2495//2495 2470//2470 2468//2468
f 2495//2495 2468//2468 2497//2497
f 2466//2466 2498//2498 2497//2497
f 2466//2466 2497//2497 2468//2468
f 2465//2465 52//52 2498//2498
f 2465//2465 2498//2498 2466//2466
f 2499//2499 2497//2497 2498//2498
f 2499//2499 2498//2498 2500//2500
f 52//52 51//51 2500//2500
f 52//52 2500//2500 2498//2498
f 2501//2501 2499//2499 2500//2500
f 2501//2501 2500//2500 37//37
f 2497//2497 2499//2499 2502//2502
f 2497//2497 2502//2502 2495//2495
f 2503//2503 2496//2496 2495//2495
f 2503//2503 2495//2495 2502//2502
f 2504//2504 2505//2505 2496//2496
f 2504//2504 2496//2496 2503//2503
f 2503//2503 2506//2506 2507//2507
f 2503//2503 2507//2507 2504//2504
f 2506//2506 2508//2508 2509//2509
f 2506//2506 2509//2509 2507//2507
f 2504//2504 2507//2507 2510//2510
f 2504//2504 2510//2510 2511//2511
f 2512//2512 2510//2510 2507//2507
f 2512//2512 2507//2507 2509//2509
f 2511//2511 2513//2513 2505//2505
f 2511//2511 2505//2505 2504//2504
f 2513//2513 2492//2492 2493//2493
f 2513//2513 2493//2493 2505//2505
f 2505//2505 2493//2493 2494//2494
f 2505//2505 2494//2494 2496//2496
f 2502//2502 2514//2514 2506//2506
f 2502//2502 2506//2506 2503//2503
f 2514//2514 2502//2502 2499//2499
f 2514//2514 2499//2499 2501//2501
f 2515//2515 2514//2514 2501//2501
f 2515//2515 2501//2501 32//32
f 32//32 2501//2501 37//37
f 32//32 37//37 30//30
f 2508//2508 2506//2506 2514//2514
f 2508//2508 2514//2514 2515//2515
f 37//37 2500//2500 51//51
f 37//37 51//51 36//36
f 56//56 252//252 253//253
f 56//56 253//253 55//55
f 21//21 2516//2516 33//33
f 21//21 33//33 28//28
f 2516//2516 2517//2517 34//34
f 2516//2516 34//34 33//33
f 2518//2518 34//34 2517//2517
f 2518//2518 2517//2517 2519//2519
f 2520//2520 2521//2521 2522//2522
f 2520//2520 2522//2522 2519//2519
f 2519//2519 2522//2522 2523//2523
f 2519//2519 2523//2523 2518//2518
f 2518//2518 2523//2523 2524//2524
f 2518//2518 2524//2524 2525//2525
f 2515//2515 2525//2525 2524//2524
f 2515//2515 2524//2524 2508//2508
f 2525//2525 31//31 34//34
f 2525//2525 34//34 2518//2518
f 2525//2525 2515//2515 32//32
f 2525//2525 32//32 31//31
f 2526//2526 2509//2509 2508//2508
f 2526//2526 2508//2508 2524//2524
f 2526//2526 2524//2524 2523//2523
f 2526//2526 2523//2523 2527//2527
f 2522//2522 2528//2528 2527//2527
f 2522//2522 2527//2527 2523//2523
f 2528//2528 2529//2529 2530//2530
f 2528//2528 2530//2530 2527//2527
f 2531//2531 2526//2526 2527//2527
f 2531//2531 2527//2527 2530//2530
f 2532//2532 2531//2531 2530//2530
f 2532//2532 2530//2530 2533//2533
f 2529//2529 2534//2534 2533//2533
f 2529//2529 2533//2533 2530//2530
f 2529//2529 2528//2528 2535//2535
f 2529//2529 2535//2535 2536//2536
f 2536//2536 2535//2535 3695//3695
f 2536//2536 3695//3695 3694//3694
f 2536//2536 3696//3696 3697//3697
f 2535//2535 3698//3698 3699//3699
f 2535//2535 2521//2521 3701//3701
f 2535//2535 3701//3701 3700//3700
f 2521//2521 2535//2535 2528//2528
f 2521//2521 2528//2528 2522//2522
f 2531//2531 2512//2512 2509//2509
f 2531//2531 2509//2509 2526//2526
f 2537//2537 2520//2520 2519//2519
f 2537//2537 2519//2519 2517//2517
f 2538//2538 2537//2537 2517//2517
f 2538//2538 2517//2517 2516//2516
f 2537//2537 2538//2538 3703//3703
f 2537//2537 3703//3703 3702//3702
f 2537//2537 3704//3704 3705//3705
f 2520//2520 2537//2537 3707//3707
f 2520//2520 3707//3707 3706//3706
f 2520//2520 3708//3708 3709//3709
f 2538//2538 20//20 3711//3711
f 2538//2538 3711//3711 3710//3710
f 2538//2538 3712//3712 3713//3713
f 20//20 2538//2538 2516//2516
f 20//20 2516//2516 21//21
f 2521//2521 2520//2520 3715//3715
f 2521//2521 3715//3715 3714//3714
f 2521//2521 3716//3716 3717//3717
f 22//22 19//19 21//21
f 22//22 21//21 28//28
f 114//114 159//159 125//125
f 114//114 125//125 122//122
f 113//113 114//114 122//122
f 113//113 122//122 121//121
f 121//121 117//117 105//105
f 121//121 105//105 113//113
f 130//130 124//124 123//123
f 130//130 123//123 286//286
f 282//282 163//163 162//162
f 282//282 162//162 2539//2539
f 2540//2540 2541//2541 2542//2542
f 2540//2540 2542//2542 2539//2539
f 2543//2543 283//283 2542//2542
f 2543//2543 2542//2542 2544//2544
f 2541//2541 2545//2545 2544//2544
f 2541//2541 2544//2544 2542//2542
f 2541//2541 2540//2540 2546//2546
f 2541//2541 2546//2546 2547//2547
f 172//172 2546//2546 2540//2540
f 172//172 2540//2540 171//171
f 2547//2547 2546//2546 2548//2548
f 2547//2547 2548//2548 1048//1048
f 189//189 2548//2548 2546//2546
f 189//189 2546//2546 172//172
f 2549//2549 1049//1049 1048//1048
f 2549//2549 1048//1048 2548//2548
f 2548//2548 189//189 190//190
f 2548//2548 190//190 2549//2549
f 2550//2550 1043//1043 1049//1049
f 2550//2550 1049//1049 2549//2549
f 1031//1031 1030//1030 2550//2550
f 1031//1031 2550//2550 191//191
f 2549//2549 190//190 191//191
f 2549//2549 191//191 2550//2550
f 1043//1043 2550//2550 1030//1030
f 1043//1043 1030//1030 1032//1032
f 2545//2545 2541//2541 2547//2547
f 2545//2545 2547//2547 2551//2551
f 2552//2552 2545//2545 2551//2551
f 2552//2552 2551//2551 2553//2553
f 2554//2554 2552//2552 2553//2553
f 2554//2554 2553//2553 2555//2555
f 2556//2556 2554//2554 2555//2555
f 2556//2556 2555//2555 2557//2557
f 2558//2558 2559//2559 2557//2557
f 2558//2558 2557//2557 2555//2555
f 1050//1050 2558//2558 2555//2555
f 1050//1050 2555//2555 2553//2553
f 2545//2545 2552//2552 2560//2560
f 2545//2545 2560//2560 2544//2544
f 2561//2561 2560//2560 2552//2552
f 2561//2561 2552//2552 2554//2554
f 2553//2553 2551//2551 1047//1047
f 2553//2553 1047//1047 1050//1050
f 2551//2551 2547//2547 1048//1048
f 2551//2551 1048//1048 1047//1047
f 171//171 2540//2540 2539//2539
f 171//171 2539//2539 162//162
f 2562//2562 2543//2543 2544//2544
f 2562//2562 2544//2544 2560//2560
f 2563//2563 281//281 283//283
f 2563//2563 283//283 2543//2543
f 2564//2564 278//278 2563//2563
f 2564//2564 2563//2563 2565//2565
f 2566//2566 2564//2564 2565//2565
f 2566//2566 2565//2565 2567//2567
f 275//275 278//278 2564//2564
f 275//275 2564//2564 330//330
f 2566//2566 331//331 330//330
f 2566//2566 330//330 2564//2564
f 331//331 2566//2566 2568//2568
f 331//331 2568//2568 2569//2569
f 2569//2569 2568//2568 2570//2570
f 2569//2569 2570//2570 2571//2571
f 2572//2572 2573//2573 2571//2571
f 2572//2572 2571//2571 2570//2570
f 2572//2572 2570//2570 2574//2574
f 2572//2572 2574//2574 2575//2575
f 2570//2570 2568//2568 2576//2576
f 2570//2570 2576//2576 2574//2574
f 335//335 2569//2569 2571//2571
f 335//335 2571//2571 2577//2577
f 2569//2569 335//335 328//328
f 2569//2569 328//328 331//331
f 2568//2568 2566//2566 2567//2567
f 2568//2568 2567//2567 2576//2576
f 2578//2578 2579//2579 2576//2576
f 2578//2578 2576//2576 2567//2567
f 2567//2567 2565//2565 2562//2562
f 2567//2567 2562//2562 2578//2578
f 2565//2565 2563//2563 2543//2543
f 2565//2565 2543//2543 2562//2562
f 281//281 2563//2563 278//278
f 281//281 278//278 273//273
f 283//283 282//282 2539//2539
f 283//283 2539//2539 2542//2542
f 2580//2580 3718//3718 3719//3719
f 2581//2581 2580//2580 2582//2582
f 2581//2581 2582//2582 2583//2583
f 2582//2582 2584//2584 2585//2585
f 2582//2582 2585//2585 2583//2583
f 2586//2586 2582//2582 3721//3721
f 2586//2586 3721//3721 3720//3720
f 2582//2582 2586//2586 2584//2584
f 2586//2586 3722//3722 3723//3723
f 2587//2587 2586//2586 3725//3725
f 2587//2587 3725//3725 3724//3724
f 2586//2586 3726//3726 3727//3727
f 2588//2588 2584//2584 2586//2586
f 2588//2588 2586//2586 2587//2587
f 2589//2589 2588//2588 2587//2587
f 2589//2589 2587//2587 2590//2590
f 2591//2591 2590//2590 2592//2592
f 2592//2592 2590//2590 2587//2587
f 2592//2592 2587//2587 3729//3729
f 2592//2592 3729//3729 3728//3728
f 2593//2593 2589//2589 2590//2590
f 2593//2593 2590//2590 2591//2591
f 2594//2594 2585//2585 2584//2584
f 2594//2594 2584//2584 2588//2588
f 2595//2595 2594//2594 2588//2588
f 2595//2595 2588//2588 2589//2589
f 2582//2582 2580//2580 3731//3731
f 2582//2582 3731//3731 3730//3730
f 2580//2580 3732//3732 3733//3733
f 2583//2583 2596//2596 2597//2597
f 2583//2583 2597//2597 2581//2581
f 2598//2598 2596//2596 2583//2583
f 2598//2598 2583//2583 2585//2585
f 2596//2596 2598//2598 2599//2599
f 2596//2596 2599//2599 2600//2600
f 2599//2599 2601//2601 2511//2511
f 2599//2599 2511//2511 2510//2510
f 2513//2513 2511//2511 2601//2601
f 2513//2513 2601//2601 2602//2602
f 2602//2602 2603//2603 2492//2492
f 2602//2602 2492//2492 2513//2513
f 2604//2604 2605//2605 2606//2606
f 2604//2604 2606//2606 2603//2603
f 2603//2603 2602//2602 2607//2607
f 2603//2603 2607//2607 2604//2604
f 2603//2603 2606//2606 2490//2490
f 2603//2603 2490//2490 2492//2492
f 2608//2608 2607//2607 2602//2602
f 2608//2608 2602//2602 2601//2601
f 2594//2594 2595//2595 2607//2607
f 2594//2594 2607//2607 2608//2608
f 2608//2608 2598//2598 2585//2585
f 2608//2608 2585//2585 2594//2594
f 2601//2601 2599//2599 2598//2598
f 2601//2601 2598//2598 2608//2608
f 2600//2600 2599//2599 2510//2510
f 2600//2600 2510//2510 2512//2512
f 2600//2600 2532//2532 2597//2597
f 2600//2600 2597//2597 2596//2596
f 2581//2581 2597//2597 2609//2609
f 2581//2581 2609//2609 254//254
f 2534//2534 255//255 2609//2609
f 2534//2534 2609//2609 2533//2533
f 2597//2597 2532//2532 2533//2533
f 2597//2597 2533//2533 2609//2609
f 254//254 255//255 3735//3735
f 254//254 3735//3735 3734//3734
f 255//255 254//254 2609//2609
f 2580//2580 2581//2581 254//254
f 2580//2580 254//254 3737//3737
f 2580//2580 3737//3737 3736//3736
f 2532//2532 2600//2600 2512//2512
f 2532//2532 2512//2512 2531//2531
f 295//295 258//258 320//320
f 295//295 320//320 319//319
f 427//427 321//321 536//536
f 427//427 536//536 538//538
f 310//310 536//536 321//321
f 310//310 321//321 311//311
f 2610//2610 620//620 611//611
f 2610//2610 611//611 613//613
f 690//690 620//620 2610//2610
f 690//690 2610//2610 2611//2611
f 2612//2612 2613//2613 2614//2614
f 2612//2612 2614//2614 2611//2611
f 689//689 688//688 2614//2614
f 689//689 2614//2614 2615//2615
f 2616//2616 689//689 2615//2615
f 2616//2616 2615//2615 2617//2617
f 2618//2618 2616//2616 2617//2617
f 2618//2618 2617//2617 2619//2619
f 2616//2616 2618//2618 2620//2620
f 2616//2616 2620//2620 2621//2621
f 2618//2618 2622//2622 2623//2623
f 2618//2618 2623//2623 2620//2620
f 2623//2623 2624//2624 2625//2625
f 2623//2623 2625//2625 2626//2626
f 2627//2627 2628//2628 2625//2625
f 2627//2627 2625//2625 2629//2629
f 2630//2630 2631//2631 2632//2632
f 2630//2630 2632//2632 2628//2628
f 2633//2633 2630//2630 2628//2628
f 2633//2633 2628//2628 2627//2627
f 2628//2628 2632//2632 2626//2626
f 2628//2628 2626//2626 2625//2625
f 2629//2629 2634//2634 2635//2635
f 2629//2629 2635//2635 2627//2627
f 2636//2636 2637//2637 2634//2634
f 2636//2636 2634//2634 2629//2629
f 2624//2624 2636//2636 2629//2629
f 2624//2624 2629//2629 2625//2625
f 2622//2622 2638//2638 2624//2624
f 2622//2622 2624//2624 2623//2623
f 2638//2638 2639//2639 2636//2636
f 2638//2638 2636//2636 2624//2624
f 2639//2639 2638//2638 2640//2640
f 2639//2639 2640//2640 2641//2641
f 2637//2637 2636//2636 2639//2639
f 2637//2637 2639//2639 2642//2642
f 2642//2642 2639//2639 2641//2641
f 2642//2642 2641//2641 2643//2643
f 2638//2638 2622//2622 2644//2644
f 2638//2638 2644//2644 2640//2640
f 2644//2644 2619//2619 2645//2645
f 2644//2644 2645//2645 2646//2646
f 2622//2622 2618//2618 2619//2619
f 2622//2622 2619//2619 2644//2644
f 2646//2646 2647//2647 2640//2640
f 2646//2646 2640//2640 2644//2644
f 2620//2620 2623//2623 2626//2626
f 2620//2620 2626//2626 698//698
f 2621//2621 2620//2620 698//698
f 2621//2621 698//698 697//697
f 697//697 686//686 687//687
f 697//697 687//687 2621//2621
f 2621//2621 687//687 689//689
f 2621//2621 689//689 2616//2616
f 2619//2619 2617//2617 2648//2648
f 2619//2619 2648//2648 2645//2645
f 2648//2648 2649//2649 2650//2650
f 2648//2648 2650//2650 2651//2651
f 2652//2652 2650//2650 2649//2649
f 2652//2652 2649//2649 2613//2613
f 2653//2653 2651//2651 2650//2650
f 2653//2653 2650//2650 2654//2654
f 2648//2648 2651//2651 2655//2655
f 2648//2648 2655//2655 2645//2645
f 2645//2645 2655//2655 2656//2656
f 2645//2645 2656//2656 2646//2646
f 2657//2657 2656//2656 2655//2655
f 2657//2657 2655//2655 2658//2658
f 2658//2658 2655//2655 2651//2651
f 2658//2658 2651//2651 2653//2653
f 2654//2654 2659//2659 2660//2660
f 2654//2654 2660//2660 2653//2653
f 2661//2661 2662//2662 2660//2660
f 2661//2661 2660//2660 2663//2663
f 2663//2663 2660//2660 2659//2659
f 2663//2663 2659//2659 2664//2664
f 2662//2662 2658//2658 2653//2653
f 2662//2662 2653//2653 2660//2660
f 2659//2659 2654//2654 2665//2665
f 2659//2659 2665//2665 821//821
f 821//821 2665//2665 2666//2666
f 821//821 2666//2666 816//816
f 2667//2667 2666//2666 2665//2665
f 2667//2667 2665//2665 2652//2652
f 2654//2654 2650//2650 2652//2652
f 2654//2654 2652//2652 2665//2665
f 2613//2613 2612//2612 2667//2667
f 2613//2613 2667//2667 2652//2652
f 2667//2667 2612//2612 2668//2668
f 2667//2667 2668//2668 810//810
f 613//613 813//813 2668//2668
f 613//613 2668//2668 2610//2610
f 2668//2668 2612//2612 2611//2611
f 2668//2668 2611//2611 2610//2610
f 810//810 2668//2668 813//813
f 810//810 813//813 807//807
f 2615//2615 2614//2614 2613//2613
f 2615//2615 2613//2613 2649//2649
f 2617//2617 2615//2615 2649//2649
f 2617//2617 2649//2649 2648//2648
f 688//688 690//690 2611//2611
f 688//688 2611//2611 2614//2614
f 615//615 617//617 623//623
f 615//615 623//623 780//780
f 614//614 812//812 813//813
f 614//614 813//813 613//613
f 569//569 573//573 570//570
f 569//569 570//570 559//559
f 566//566 578//578 592//592
f 566//566 592//592 565//565
f 616//616 615//615 780//780
f 616//616 780//780 779//779
f 812//812 614//614 616//616
f 812//812 616//616 811//811
f 853//853 855//855 860//860
f 853//853 860//860 934//934
f 655//655 771//771 670//670
f 655//655 670//670 656//656
f 657//657 770//770 771//771
f 657//657 771//771 655//655
f 1057//1057 769//769 767//767
f 1057//1057 767//767 1061//1061
f 770//770 2669//2669 1061//1061
f 770//770 1061//1061 767//767
f 1060//1060 1061//1061 2669//2669
f 1060//1060 2669//2669 2670//2670
f 1059//1059 1060//1060 2670//2670
f 1059//1059 2670//2670 2671//2671
f 711//711 721//721 2672//2672
f 711//711 2672//2672 2671//2671
f 2673//2673 2672//2672 721//721
f 2673//2673 721//721 720//720
f 2674//2674 2675//2675 2673//2673
f 2674//2674 2673//2673 2676//2676
f 2559//2559 2674//2674 2676//2676
f 2559//2559 2676//2676 2677//2677
f 2674//2674 1051//1051 1052//1052
f 2674//2674 1052//1052 2675//2675
f 2675//2675 2678//2678 2672//2672
f 2675//2675 2672//2672 2673//2673
f 2678//2678 1053//1053 1055//1055
f 2678//2678 1055//1055 1059//1059
f 1053//1053 2678//2678 2675//2675
f 1053//1053 2675//2675 1052//1052
f 2678//2678 1059//1059 2671//2671
f 2678//2678 2671//2671 2672//2672
f 2559//2559 2558//2558 1051//1051
f 2559//2559 1051//1051 2674//2674
f 2679//2679 2680//2680 2681//2681
f 2679//2679 2681//2681 2677//2677
f 2682//2682 2681//2681 2680//2680
f 2682//2682 2680//2680 2683//2683
f 716//716 2684//2684 2680//2680
f 716//716 2680//2680 2679//2679
f 2684//2684 716//716 717//717
f 2684//2684 717//717 2685//2685
f 2684//2684 2686//2686 2683//2683
f 2684//2684 2683//2683 2680//2680
f 2686//2686 2684//2684 2685//2685
f 2686//2686 2685//2685 2687//2687
f 714//714 716//716 2679//2679
f 714//714 2679//2679 722//722
f 722//722 2679//2679 2677//2677
f 722//722 2677//2677 2676//2676
f 2556//2556 2682//2682 2688//2688
f 2556//2556 2688//2688 2689//2689
f 2690//2690 2691//2691 2688//2688
f 2690//2690 2688//2688 2692//2692
f 2688//2688 2682//2682 2683//2683
f 2688//2688 2683//2683 2692//2692
f 2691//2691 2579//2579 2689//2689
f 2691//2691 2689//2689 2688//2688
f 2556//2556 2557//2557 2681//2681
f 2556//2556 2681//2681 2682//2682
f 2557//2557 2559//2559 2677//2677
f 2557//2557 2677//2677 2681//2681
f 720//720 722//722 2676//2676
f 720//720 2676//2676 2673//2673
f 2671//2671 2670//2670 710//710
f 2671//2671 710//710 711//711
f 710//710 2670//2670 2669//2669
f 710//710 2669//2669 709//709
f 709//709 2669//2669 770//770
f 709//709 770//770 657//657
f 996//996 995//995 1037//1037
f 996//996 1037//1037 2693//2693
f 1247//1247 996//996 2693//2693
f 1247//1247 2693//2693 1246//1246
f 1238//1238 1246//1246 2693//2693
f 1238//1238 2693//2693 1237//1237
f 1038//1038 1237//1237 2693//2693
f 1038//1038 2693//2693 1037//1037
f 1235//1235 1237//1237 1038//1038
f 1235//1235 1038//1038 2694//2694
f 1236//1236 1235//1235 2694//2694
f 1236//1236 2694//2694 2695//2695
f 2695//2695 2694//2694 1035//1035
f 2695//2695 1035//1035 209//209
f 2695//2695 2696//2696 2697//2697
f 2695//2695 2697//2697 1236//1236
f 2698//2698 2697//2697 2696//2696
f 2698//2698 2696//2696 2699//2699
f 2699//2699 2696//2696 208//208
f 2699//2699 208//208 210//210
f 2700//2700 2698//2698 2699//2699
f 2700//2700 2699//2699 2701//2701
f 2697//2697 2698//2698 1196//1196
f 2697//2697 1196//1196 1194//1194
f 1189//1189 1196//1196 2698//2698
f 1189//1189 2698//2698 2700//2700
f 1186//1186 1189//1189 2700//2700
f 1186//1186 2700//2700 1183//1183
f 1183//1183 2700//2700 2701//2701
f 1183//1183 2701//2701 1184//1184
f 1184//1184 2701//2701 2702//2702
f 1184//1184 2702//2702 233//233
f 217//217 218//218 233//233
f 217//217 233//233 2702//2702
f 2702//2702 210//210 211//211
f 2702//2702 211//211 217//217
f 210//210 2702//2702 2701//2701
f 210//210 2701//2701 2699//2699
f 2696//2696 2695//2695 209//209
f 2696//2696 209//209 208//208
f 1236//1236 2697//2697 1194//1194
f 1236//1236 1194//1194 1193//1193
f 1035//1035 2694//2694 1038//1038
f 1035//1035 1038//1038 1036//1036
f 996//996 1247//1247 1015//1015
f 996//996 1015//1015 994//994
f 1016//1016 1015//1015 1247//1247
f 1016//1016 1247//1247 1242//1242
f 184//184 1029//1029 1031//1031
f 184//184 1031//1031 185//185
f 922//922 1006//1006 938//938
f 922//922 938//938 921//921
f 1006//1006 922//922 924//924
f 1006//1006 924//924 984//984
f 1390//1390 1010//1010 1013//1013
f 1390//1390 1013//1013 1391//1391
f 1010//1010 1003//1003 1011//1011
f 1010//1010 1011//1011 1013//1013
f 944//944 3738//3738 3739//3739
f 944//944 3740//3740 3741//3741
f 944//944 2703//2703 3743//3743
f 944//944 3743//3743 3742//3742
f 2703//2703 2704//2704 3745//3745
f 2703//2703 3745//3745 3744//3744
f 2705//2705 2706//2706 2704//2704
f 2705//2705 2704//2704 2703//2703
f 2704//2704 3746//3746 3747//3747
f 2704//2704 3748//3748 3749//3749
f 2704//2704 2706//2706 3751//3751
f 2704//2704 3751//3751 3750//3750
f 2706//2706 3752//3752 3753//3753
f 2708//2708 2707//2707 2709//2709
f 2708//2708 2709//2709 2710//2710
f 2707//2707 2706//2706 2705//2705
f 2707//2707 2705//2705 2709//2709
f 2709//2709 2705//2705 2711//2711
f 2709//2709 2711//2711 2712//2712
f 2713//2713 2714//2714 2711//2711
f 2713//2713 2711//2711 2715//2715
f 2703//2703 944//944 2716//2716
f 2703//2703 2716//2716 2715//2715
f 2717//2717 2713//2713 2715//2715
f 2717//2717 2715//2715 2716//2716
f 2716//2716 965//965 963//963
f 2716//2716 963//963 2717//2717
f 965//965 2716//2716 944//944
f 965//965 944//944 943//943
f 2705//2705 2703//2703 2715//2715
f 2705//2705 2715//2715 2711//2711
f 2714//2714 2718//2718 2712//2712
f 2714//2714 2712//2712 2711//2711
f 2718//2718 2719//2719 2720//2720
f 2718//2718 2720//2720 2712//2712
f 2710//2710 2709//2709 2712//2712
f 2710//2710 2712//2712 2720//2720
f 2718//2718 2714//2714 2721//2721
f 2718//2718 2721//2721 2722//2722
f 2723//2723 2724//2724 2721//2721
f 2723//2723 2721//2721 2725//2725
f 2714//2714 2713//2713 2725//2725
f 2714//2714 2725//2725 2721//2721
f 2724//2724 2726//2726 2722//2722
f 2724//2724 2722//2722 2721//2721
f 2729//2729 2593//2593 2591//2591
f 2729//2729 2591//2591 2727//2727
f 2730//2730 2729//2729 2727//2727
f 2730//2730 2727//2727 2728//2728
f 2728//2728 2710//2710 2720//2720
f 2728//2728 2720//2720 2730//2730
f 2730//2730 2720//2720 2719//2719
f 2730//2730 2719//2719 2731//2731
f 2729//2729 2730//2730 2731//2731
f 2729//2729 2731//2731 2732//2732
f 2732//2732 2733//2733 2593//2593
f 2732//2732 2593//2593 2729//2729
f 2604//2604 2607//2607 2595//2595
f 2604//2604 2595//2595 2733//2733
f 2733//2733 2732//2732 2605//2605
f 2733//2733 2605//2605 2604//2604
f 2733//2733 2595//2595 2589//2589
f 2733//2733 2589//2589 2593//2593
f 2734//2734 2605//2605 2732//2732
f 2734//2734 2732//2732 2731//2731
f 2605//2605 2734//2734 2735//2735
f 2605//2605 2735//2735 2606//2606
f 2734//2734 2736//2736 2737//2737
f 2734//2734 2737//2737 2735//2735
f 2736//2736 2722//2722 2726//2726
f 2736//2736 2726//2726 2737//2737
f 2722//2722 2736//2736 2719//2719
f 2722//2722 2719//2719 2718//2718
f 2731//2731 2719//2719 2736//2736
f 2731//2731 2736//2736 2734//2734
f 2738//2738 2491//2491 2735//2735
f 2738//2738 2735//2735 2737//2737
f 2491//2491 2738//2738 2484//2484
f 2491//2491 2484//2484 2487//2487
f 2485//2485 2484//2484 2738//2738
f 2485//2485 2738//2738 2739//2739
f 2739//2739 2740//2740 2741//2741
f 2739//2739 2741//2741 2485//2485
f 2742//2742 2740//2740 2724//2724
f 2742//2742 2724//2724 2723//2723
f 2743//2743 2741//2741 2740//2740
f 2743//2743 2740//2740 2742//2742
f 2744//2744 2482//2482 2741//2741
f 2744//2744 2741//2741 2743//2743
f 1451//1451 2745//2745 2744//2744
f 1451//1451 2744//2744 2743//2743
f 2743//2743 2742//2742 1449//1449
f 2743//2743 1449//1449 1451//1451
f 2742//2742 2723//2723 1450//1450
f 2742//2742 1450//1450 1449//1449
f 2740//2740 2739//2739 2726//2726
f 2740//2740 2726//2726 2724//2724
f 2739//2739 2738//2738 2737//2737
f 2739//2739 2737//2737 2726//2726
f 2491//2491 2490//2490 2606//2606
f 2491//2491 2606//2606 2735//2735
f 2713//2713 2717//2717 2746//2746
f 2713//2713 2746//2746 2725//2725
f 2725//2725 2746//2746 1450//1450
f 2725//2725 1450//1450 2723//2723
f 1450//1450 2746//2746 962//962
f 1450//1450 962//962 1448//1448
f 963//963 962//962 2746//2746
f 963//963 2746//2746 2717//2717
f 943//943 946//946 958//958
f 943//943 958//958 965//965
f 2747//2747 1262//1262 1226//1226
f 2747//2747 1226//1226 1225//1225
f 2748//2748 2747//2747 2749//2749
f 2748//2748 2749//2749 2750//2750
f 2749//2749 1216//1216 1214//1214
f 2749//2749 1214//1214 1978//1978
f 2747//2747 1225//1225 1216//1216
f 2747//2747 1216//1216 2749//2749
f 2750//2750 2749//2749 1978//1978
f 2750//2750 1978//1978 1977//1977
f 2751//2751 2748//2748 2750//2750
f 2751//2751 2750//2750 2752//2752
f 2751//2751 2752//2752 2753//2753
f 2751//2751 2753//2753 2754//2754
f 2755//2755 2753//2753 2756//2756
f 2755//2755 2756//2756 2757//2757
f 2757//2757 2756//2756 2758//2758
f 2757//2757 2758//2758 2759//2759
f 2758//2758 1979//1979 1980//1980
f 2758//2758 1980//1980 2760//2760
f 2760//2760 2761//2761 2759//2759
f 2760//2760 2759//2759 2758//2758
f 2762//2762 2759//2759 2761//2761
f 2762//2762 2761//2761 2763//2763
f 2445//2445 2762//2762 2763//2763
f 2445//2445 2763//2763 2443//2443
f 2764//2764 2438//2438 2443//2443
f 2764//2764 2443//2443 2763//2763
f 2763//2763 2761//2761 2765//2765
f 2763//2763 2765//2765 2764//2764
f 2759//2759 2762//2762 2766//2766
f 2759//2759 2766//2766 2757//2757
f 2761//2761 2760//2760 2767//2767
f 2761//2761 2767//2767 2765//2765
f 1988//1988 2768//2768 2767//2767
f 1988//1988 2767//2767 1982//1982
f 2760//2760 1980//1980 1982//1982
f 2760//2760 1982//1982 2767//2767
f 2765//2765 2767//2767 2768//2768
f 2765//2765 2768//2768 2769//2769
f 2756//2756 2770//2770 1979//1979
f 2756//2756 1979//1979 2758//2758
f 1977//1977 2770//2770 2752//2752
f 1977//1977 2752//2752 2750//2750
f 2753//2753 2752//2752 2770//2770
f 2753//2753 2770//2770 2756//2756
f 2770//2770 1977//1977 1975//1975
f 2770//2770 1975//1975 1979//1979
f 2755//2755 2771//2771 2754//2754
f 2755//2755 2754//2754 2753//2753
f 2772//2772 2754//2754 2771//2771
f 2772//2772 2771//2771 2773//2773
f 2773//2773 2771//2771 2766//2766
f 2773//2773 2766//2766 2774//2774
f 2395//2395 2773//2773 2774//2774
f 2395//2395 2774//2774 2775//2775
f 2391//2391 2395//2395 2775//2775
f 2391//2391 2775//2775 2389//2389
f 2389//2389 2775//2775 2444//2444
f 2389//2389 2444//2444 2390//2390
f 2445//2445 2444//2444 2775//2775
f 2445//2445 2775//2775 2774//2774
f 2396//2396 2772//2772 2773//2773
f 2396//2396 2773//2773 2395//2395
f 2774//2774 2766//2766 2762//2762
f 2774//2774 2762//2762 2445//2445
f 2766//2766 2771//2771 2755//2755
f 2766//2766 2755//2755 2757//2757
f 2754//2754 2772//2772 1261//1261
f 2754//2754 1261//1261 2751//2751
f 2751//2751 1261//1261 1260//1260
f 2751//2751 1260//1260 2748//2748
f 2748//2748 1260//1260 1262//1262
f 2748//2748 1262//1262 2747//2747
f 1222//1222 1173//1173 1170//1170
f 1222//1222 1170//1170 2776//2776
f 1223//1223 1222//1222 2776//2776
f 1223//1223 2776//2776 2777//2777
f 2777//2777 1952//1952 1951//1951
f 2777//2777 1951//1951 1223//1223
f 2778//2778 2779//2779 1952//1952
f 2778//2778 1952//1952 2777//2777
f 2780//2780 2781//2781 2778//2778
f 2780//2780 2778//2778 2782//2782
f 2780//2780 2782//2782 1169//1169
f 2780//2780 1169//1169 2783//2783
f 2784//2784 2781//2781 2780//2780
f 2784//2784 2780//2780 2783//2783
f 2784//2784 2785//2785 2786//2786
f 2784//2784 2786//2786 2781//2781
f 2787//2787 2786//2786 2785//2785
f 2787//2787 2785//2785 2788//2788
f 2788//2788 2785//2785 1479//1479
f 2788//2788 1479//1479 1478//1478
f 2789//2789 2787//2787 2788//2788
f 2789//2789 2788//2788 2790//2790
f 2790//2790 2791//2791 1962//1962
f 2790//2790 1962//1962 2789//2789
f 1480//1480 2792//2792 2791//2791
f 1480//1480 2791//2791 2790//2790
f 2790//2790 2788//2788 1478//1478
f 2790//2790 1478//1478 1480//1480
f 1955//1955 2779//2779 2786//2786
f 1955//1955 2786//2786 2787//2787
f 2787//2787 2789//2789 1953//1953
f 2787//2787 1953//1953 1955//1955
f 2793//2793 1479//1479 2785//2785
f 2793//2793 2785//2785 2784//2784
f 2784//2784 2783//2783 1166//1166
f 2784//2784 1166//1166 2793//2793
f 2793//2793 1166//1166 1167//1167
f 2793//2793 1167//1167 2794//2794
f 2794//2794 1477//1477 1479//1479
f 2794//2794 1479//1479 2793//2793
f 2781//2781 2786//2786 2779//2779
f 2781//2781 2779//2779 2778//2778
f 2783//2783 1169//1169 1164//1164
f 2783//2783 1164//1164 1166//1166
f 2782//2782 2776//2776 1170//1170
f 2782//2782 1170//1170 1169//1169
f 2777//2777 2776//2776 2782//2782
f 2777//2777 2782//2782 2778//2778
f 1168//1168 1163//1163 1154//1154
f 1168//1168 1154//1154 1465//1465
f 1465//1465 1154//1154 1152//1152
f 1465//1465 1152//1152 1158//1158
f 2794//2794 1167//1167 1168//1168
f 2794//2794 1168//1168 2795//2795
f 1477//1477 2794//2794 2795//2795
f 1477//1477 2795//2795 1469//1469
f 1463//1463 1462//1462 1469//1469
f 1463//1463 1469//1469 2795//2795
f 1465//1465 1463//1463 2795//2795
f 1465//1465 2795//2795 1168//1168
f 1178//1178 1190//1190 1196//1196
f 1178//1178 1196//1196 1189//1189
f 1263//1263 1274//1274 1275//1275
f 1263//1263 1275//1275 1252//1252
f 1273//1273 1272//1272 2796//2796
f 1273//1273 2796//2796 2797//2797
f 2797//2797 2796//2796 2798//2798
f 2797//2797 2798//2798 2799//2799
f 2798//2798 2800//2800 2801//2801
f 2798//2798 2801//2801 2799//2799
f 2800//2800 2802//2802 2803//2803
f 2800//2800 2803//2803 2801//2801
f 2804//2804 2802//2802 2369//2369
f 2804//2804 2369//2369 2368//2368
f 2805//2805 2806//2806 2804//2804
f 2805//2805 2804//2804 2807//2807
f 2808//2808 2809//2809 2803//2803
f 2808//2808 2803//2803 2806//2806
f 2801//2801 2803//2803 2809//2809
f 2801//2801 2809//2809 2799//2799
f 2806//2806 2803//2803 2802//2802
f 2806//2806 2802//2802 2804//2804
f 2810//2810 2797//2797 2799//2799
f 2810//2810 2799//2799 2809//2809
f 2811//2811 1273//1273 2797//2797
f 2811//2811 2797//2797 2810//2810
f 2810//2810 2812//2812 2813//2813
f 2810//2810 2813//2813 2811//2811
f 2809//2809 2808//2808 2812//2812
f 2809//2809 2812//2812 2810//2810
f 2814//2814 2808//2808 2806//2806
f 2814//2814 2806//2806 2805//2805
f 2807//2807 511//511 513//513
f 2807//2807 513//513 2805//2805
f 511//511 2807//2807 2815//2815
f 511//511 2815//2815 515//515
f 2364//2364 2363//2363 2815//2815
f 2364//2364 2815//2815 2368//2368
f 2368//2368 2815//2815 2807//2807
f 2368//2368 2807//2807 2804//2804
f 2363//2363 2365//2365 515//515
f 2363//2363 515//515 2815//2815
f 2816//2816 2814//2814 2805//2805
f 2816//2816 2805//2805 513//513
f 2817//2817 2818//2818 2814//2814
f 2817//2817 2814//2814 2816//2816
f 2819//2819 2816//2816 513//513
f 2819//2819 513//513 512//512
f 2819//2819 512//512 514//514
f 2819//2819 514//514 517//517
f 2816//2816 2819//2819 2820//2820
f 2816//2816 2820//2820 2817//2817
f 2820//2820 2819//2819 517//517
f 2820//2820 517//517 522//522
f 2812//2812 2818//2818 2821//2821
f 2812//2812 2821//2821 2813//2813
f 2822//2822 2821//2821 2818//2818
f 2822//2822 2818//2818 2817//2817
f 2823//2823 2824//2824 2813//2813
f 2823//2823 2813//2813 2821//2821
f 2821//2821 2822//2822 2825//2825
f 2821//2821 2825//2825 2823//2823
f 2808//2808 2814//2814 2818//2818
f 2808//2808 2818//2818 2812//2812
f 2802//2802 2800//2800 2372//2372
f 2802//2802 2372//2372 2369//2369
f 2800//2800 2798//2798 2826//2826
f 2800//2800 2826//2826 2372//2372
f 2826//2826 2798//2798 2796//2796
f 2826//2826 2796//2796 2827//2827
f 2826//2826 2827//2827 1264//1264
f 2826//2826 1264//1264 2828//2828
f 2828//2828 2371//2371 2372//2372
f 2828//2828 2372//2372 2826//2826
f 2371//2371 2828//2828 2375//2375
f 2371//2371 2375//2375 2370//2370
f 1265//1265 2375//2375 2828//2828
f 1265//1265 2828//2828 1264//1264
f 1264//1264 2827//2827 1274//1274
f 1264//1264 1274//1274 1263//1263
f 2827//2827 2796//2796 1272//1272
f 2827//2827 1272//1272 1274//1274
f 2829//2829 1271//1271 1273//1273
f 2829//2829 1273//1273 2811//2811
f 1271//1271 2829//2829 1399//1399
f 1271//1271 1399//1399 1270//1270
f 2829//2829 2824//2824 1400//1400
f 2829//2829 1400//1400 1399//1399
f 2811//2811 2813//2813 2824//2824
f 2811//2811 2824//2824 2829//2829
f 1401//1401 1276//1276 1269//1269
f 1401//1401 1269//1269 1270//1270
f 1423//1423 1428//1428 1282//1282
f 1423//1423 1282//1282 1299//1299
f 1421//1421 1423//1423 1299//1299
f 1421//1421 1299//1299 1301//1301
f 1301//1301 2830//2830 1422//1422
f 1301//1301 1422//1422 1421//1421
f 2831//2831 2830//2830 1310//1310
f 2831//2831 1310//1310 1309//1309
f 2830//2830 2831//2831 2832//2832
f 2830//2830 2832//2832 1422//1422
f 2833//2833 1651//1651 2832//2832
f 2833//2833 2832//2832 2831//2831
f 2833//2833 2834//2834 2835//2835
f 2833//2833 2835//2835 2836//2836
f 1907//1907 1909//1909 2836//2836
f 1907//1907 2836//2836 2835//2835
f 1909//1909 1648//1648 1650//1650
f 1909//1909 1650//1650 2836//2836
f 2836//2836 1650//1650 1651//1651
f 2836//2836 1651//1651 2833//2833
f 1907//1907 2835//2835 2837//2837
f 1907//1907 2837//2837 1908//1908
f 1307//1307 1306//1306 2838//2838
f 1307//1307 2838//2838 2837//2837
f 2839//2839 2840//2840 2841//2841
f 2839//2839 2841//2841 2838//2838
f 2840//2840 2839//2839 2067//2067
f 2840//2840 2067//2067 2066//2066
f 2067//2067 2839//2839 1308//1308
f 2067//2067 1308//1308 1327//1327
f 1308//1308 2839//2839 2838//2838
f 1308//1308 2838//2838 1306//1306
f 1903//1903 2841//2841 2840//2840
f 1903//1903 2840//2840 2842//2842
f 1904//1904 1903//1903 2842//2842
f 1904//1904 2842//2842 2462//2462
f 2462//2462 2842//2842 2843//2843
f 2462//2462 2843//2843 2844//2844
f 2843//2843 2845//2845 2846//2846
f 2843//2843 2846//2846 2844//2844
f 2843//2843 2066//2066 2065//2065
f 2843//2843 2065//2065 2845//2845
f 2842//2842 2840//2840 2066//2066
f 2842//2842 2066//2066 2843//2843
f 1908//1908 2837//2837 2838//2838
f 1908//1908 2838//2838 2841//2841
f 2841//2841 1903//1903 1905//1905
f 2841//2841 1905//1905 1908//1908
f 2837//2837 2835//2835 2834//2834
f 2837//2837 2834//2834 1307//1307
f 2834//2834 1309//1309 1303//1303
f 2834//2834 1303//1303 1307//1307
f 2833//2833 2831//2831 1309//1309
f 2833//2833 1309//1309 2834//2834
f 1422//1422 2832//2832 1654//1654
f 1422//1422 1654//1654 1419//1419
f 1654//1654 2832//2832 1651//1651
f 1654//1654 1651//1651 1646//1646
f 2830//2830 1301//1301 1300//1300
f 2830//2830 1300//1300 1310//1310
f 1324//1324 1330//1330 1354//1354
f 1324//1324 1354//1354 1323//1323
f 2246//2246 1323//1323 1354//1354
f 2246//2246 1354//1354 1355//1355
f 1342//1342 1341//1341 1364//1364
f 1342//1342 1364//1364 1345//1345
f 2847//2847 1364//1364 1365//1365
f 2847//2847 1365//1365 2848//2848
f 2849//2849 2847//2847 2848//2848
f 2849//2849 2848//2848 2825//2825
f 2850//2850 2851//2851 2852//2852
f 2850//2850 2852//2852 2849//2849
f 522//522 2851//2851 2850//2850
f 522//522 2850//2850 2820//2820
f 2817//2817 2820//2820 2850//2850
f 2817//2817 2850//2850 2822//2822
f 2822//2822 2850//2850 2849//2849
f 2822//2822 2849//2849 2825//2825
f 2852//2852 2851//2851 2853//2853
f 2852//2852 2853//2853 2854//2854
f 2851//2851 522//522 521//521
f 2851//2851 521//521 2853//2853
f 2853//2853 533//533 534//534
f 2853//2853 534//534 2854//2854
f 2855//2855 2856//2856 2852//2852
f 2855//2855 2852//2852 2854//2854
f 2847//2847 2849//2849 2852//2852
f 2847//2847 2852//2852 2856//2856
f 1345//1345 1364//1364 2847//2847
f 1345//1345 2847//2847 2856//2856
f 2856//2856 2855//2855 1343//1343
f 2856//2856 1343//1343 1345//1345
f 2855//2855 2857//2857 1344//1344
f 2855//2855 1344//1344 1343//1343
f 2857//2857 532//532 2858//2858
f 2857//2857 2858//2858 1344//1344
f 2859//2859 1348//1348 2858//2858
f 2859//2859 2858//2858 2860//2860
f 532//532 531//531 2860//2860
f 532//532 2860//2860 2858//2858
f 1344//1344 2858//2858 1348//1348
f 1344//1344 1348//1348 1339//1339
f 532//532 2857//2857 534//534
f 532//532 534//534 530//530
f 2854//2854 534//534 2857//2857
f 2854//2854 2857//2857 2855//2855
f 520//520 533//533 2853//2853
f 520//520 2853//2853 521//521
f 2848//2848 2861//2861 2823//2823
f 2848//2848 2823//2823 2825//2825
f 1366//1366 2861//2861 2848//2848
f 1366//1366 2848//2848 1365//1365
f 2861//2861 1400//1400 2824//2824
f 2861//2861 2824//2824 2823//2823
f 1400//1400 2861//2861 1366//1366
f 1400//1400 1366//1366 1398//1398
f 1366//1366 1363//1363 1368//1368
f 1366//1366 1368//1368 1398//1398
f 969//969 952//952 953//953
f 969//969 953//953 968//968
f 952//952 969//969 972//972
f 952//952 972//972 951//951
f 2862//2862 1456//1456 1458//1458
f 2862//2862 1458//1458 2863//2863
f 2864//2864 2862//2862 2863//2863
f 2864//2864 2863//2863 2865//2865
f 1155//1155 1148//1148 2866//2866
f 1155//1155 2866//2866 2865//2865
f 2867//2867 2864//2864 2865//2865
f 2867//2867 2865//2865 2866//2866
f 2868//2868 2869//2869 2864//2864
f 2868//2868 2864//2864 2867//2867
f 238//238 2868//2868 2867//2867
f 238//238 2867//2867 2870//2870
f 2871//2871 2872//2872 2869//2869
f 2871//2871 2869//2869 2868//2868
f 2869//2869 2873//2873 2862//2862
f 2869//2869 2862//2862 2864//2864
f 2872//2872 2874//2874 2873//2873
f 2872//2872 2873//2873 2869//2869
f 1455//1455 2873//2873 2874//2874
f 1455//1455 2874//2874 2875//2875
f 1453//1453 1455//1455 2875//2875
f 1453//1453 2875//2875 1452//1452
f 1452//1452 2875//2875 2745//2745
f 1452//1452 2745//2745 1451//1451
f 2876//2876 2745//2745 2875//2875
f 2876//2876 2875//2875 2874//2874
f 2874//2874 2872//2872 2877//2877
f 2874//2874 2877//2877 2876//2876
f 2878//2878 2879//2879 2876//2876
f 2878//2878 2876//2876 2877//2877
f 2880//2880 2881//2881 2878//2878
f 2880//2880 2878//2878 2877//2877
f 2880//2880 2877//2877 2872//2872
f 2880//2880 2872//2872 2871//2871
f 2873//2873 1455//1455 1456//1456
f 2873//2873 1456//1456 2862//2862
f 236//236 2871//2871 2868//2868
f 236//236 2868//2868 238//238
f 2882//2882 2870//2870 2883//2883
f 2882//2882 2883//2883 1188//1188
f 2883//2883 2866//2866 1148//1148
f 2883//2883 1148//1148 1147//1147
f 2870//2870 2867//2867 2866//2866
f 2870//2870 2866//2866 2883//2883
f 1147//1147 1149//1149 1188//1188
f 1147//1147 1188//1188 2883//2883
f 1187//1187 2882//2882 1188//1188
f 1187//1187 1188//1188 1182//1182
f 237//237 238//238 2870//2870
f 237//237 2870//2870 2882//2882
f 234//234 237//237 2882//2882
f 234//234 2882//2882 1187//1187
f 2865//2865 2863//2863 1156//1156
f 2865//2865 1156//1156 1155//1155
f 1159//1159 1156//1156 2863//2863
f 1159//1159 2863//2863 1458//1458
f 934//934 929//929 854//854
f 934//934 854//854 853//853
f 1559//1559 1565//1565 1555//1555
f 1559//1559 1555//1555 1553//1553
f 1683//1683 1682//1682 1555//1555
f 1683//1683 1555//1555 1565//1565
f 1576//1576 1684//1684 1683//1683
f 1576//1576 1683//1683 1565//1565
f 1572//1572 1574//1574 1592//1592
f 1572//1572 1592//1592 2884//2884
f 1573//1573 1572//1572 2884//2884
f 1573//1573 2884//2884 2885//2885
f 1577//1577 2885//2885 1684//1684
f 1577//1577 1684//1684 1576//1576
f 2885//2885 2884//2884 1686//1686
f 2885//2885 1686//1686 1684//1684
f 1573//1573 2885//2885 1577//1577
f 1573//1573 1577//1577 1570//1570
f 1600//1600 1686//1686 2884//2884
f 1600//1600 2884//2884 1592//1592
f 1592//1592 1591//1591 1599//1599
f 1592//1592 1599//1599 1600//1600
f 886//886 879//879 881//881
f 886//886 881//881 1627//1627
f 1543//1543 1762//1762 1525//1525
f 1543//1543 1525//1525 1526//1526
f 1544//1544 1757//1757 1762//1762
f 1544//1544 1762//1762 1543//1543
f 893//893 892//892 838//838
f 893//893 838//838 837//837
f 1083//1083 1084//1084 1777//1777
f 1083//1083 1777//1777 1090//1090
f 1079//1079 1089//1089 1801//1801
f 1079//1079 1801//1801 1106//1106
f 1850//1850 2886//2886 2887//2887
f 1850//1850 2887//2887 1851//1851
f 1420//1420 2887//2887 2886//2886
f 1420//1420 2886//2886 1418//1418
f 1851//1851 2887//2887 1652//1652
f 1851//1851 1652//1652 1663//1663
f 2887//2887 1420//1420 1653//1653
f 2887//2887 1653//1653 1652//1652
f 1418//1418 2886//2886 1417//1417
f 1418//1418 1417//1417 1410//1410
f 2886//2886 1850//1850 1852//1852
f 2886//2886 1852//1852 1417//1417
f 1663//1663 1664//1664 1849//1849
f 1663//1663 1849//1849 1851//1851
f 1788//1788 1825//1825 1854//1854
f 1788//1788 1854//1854 1789//1789
f 1416//1416 1854//1854 1825//1825
f 1416//1416 1825//1825 1413//1413
f 1860//1860 1800//1800 1794//1794
f 1860//1860 1794//1794 1793//1793
f 1097//1097 1098//1098 1671//1671
f 1097//1097 1671//1671 2888//2888
f 1603//1603 1103//1103 1097//1097
f 1603//1603 1097//1097 2888//2888
f 2888//2888 2889//2889 1604//1604
f 2888//2888 1604//1604 1603//1603
f 2888//2888 1671//1671 1672//1672
f 2888//2888 1672//1672 2889//2889
f 1670//1670 1602//1602 1604//1604
f 1670//1670 1604//1604 2889//2889
f 1670//1670 2889//2889 1672//1672
f 1670//1670 1672//1672 1669//1669
f 1602//1602 1670//1670 1598//1598
f 1602//1602 1598//1598 1593//1593
f 1861//1861 1105//1105 1107//1107
f 1861//1861 1107//1107 1859//1859
f 1561//1561 1563//1563 1756//1756
f 1561//1561 1756//1756 1755//1755
f 1541//1541 1561//1561 1755//1755
f 1541//1541 1755//1755 1542//1542
f 1685//1685 1556//1556 1555//1555
f 1685//1685 1555//1555 1682//1682
f 2890//2890 3754//3754 3755//3755
f 2890//2890 2891//2891 3757//3757
f 2890//2890 3757//3757 3756//3756
f 2892//2892 2893//2893 2891//2891
f 2892//2892 2891//2891 2890//2890
f 2894//2894 2893//2893 2895//2895
f 2894//2894 2895//2895 2896//2896
f 2893//2893 2892//2892 1967//1967
f 2893//2893 1967//1967 2895//2895
f 1923//1923 2890//2890 3759//3759
f 1923//1923 3759//3759 3758//3758
f 2890//2890 1923//1923 2892//2892
f 1968//1968 1967//1967 2892//2892
f 1968//1968 2892//2892 1923//1923
f 2896//2896 2895//2895 1964//1964
f 2896//2896 1964//1964 1966//1966
f 2897//2897 2894//2894 2896//2896
f 2897//2897 2896//2896 2898//2898
f 2898//2898 2899//2899 2900//2900
f 2898//2898 2900//2900 2897//2897
f 2897//2897 2900//2900 2901//2901
f 2897//2897 2901//2901 2902//2902
f 2900//2900 2903//2903 2904//2904
f 2900//2900 2904//2904 2901//2901
f 2901//2901 3760//3760 3761//3761
f 2901//2901 2904//2904 3763//3763
f 2901//2901 3763//3763 3762//3762
f 2904//2904 2905//2905 2906//2906
f 2904//2904 2906//2906 3765//3765
f 2904//2904 3765//3765 3764//3764
f 2903//2903 2907//2907 2905//2905
f 2903//2903 2905//2905 2904//2904
f 2902//2902 2901//2901 3767//3767
f 2902//2902 3767//3767 3766//3766
f 2902//2902 3768//3768 3769//3769
f 2908//2908 3770//3770 3771//3771
f 2908//2908 2902//2902 3773//3773
f 2908//2908 3773//3773 3772//3772
f 2894//2894 2897//2897 2902//2902
f 2894//2894 2902//2902 2908//2908
f 2908//2908 2891//2891 2893//2893
f 2908//2908 2893//2893 2894//2894
f 2899//2899 2909//2909 2903//2903
f 2899//2899 2903//2903 2900//2900
f 2910//2910 2911//2911 2899//2899
f 2910//2910 2899//2899 2898//2898
f 2909//2909 2899//2899 2911//2911
f 2909//2909 2911//2911 2912//2912
f 2912//2912 2911//2911 2913//2913
f 2912//2912 2913//2913 2914//2914
f 1961//1961 2913//2913 2911//2911
f 1961//1961 2911//2911 2910//2910
f 1966//1966 2910//2910 2898//2898
f 1966//1966 2898//2898 2896//2896
f 2895//2895 1967//1967 1965//1965
f 2895//2895 1965//1965 1964//1964
f 2890//2890 3774//3774 3775//3775
f 2891//2891 2908//2908 3777//3777
f 2891//2891 3777//3777 3776//3776
f 2891//2891 3778//3778 3779//3779
f 2906//2906 3780//3780 3781//3781
f 2906//2906 3782//3782 3783//3783
f 2915//2915 3784//3784 3785//3785
f 2915//2915 3786//3786 3787//3787
f 2916//2916 3788//3788 3789//3789
f 2916//2916 2917//2917 3791//3791
f 2916//2916 3791//3791 3790//3790
f 2918//2918 2916//2916 3793//3793
f 2918//2918 3793//3793 3792//3792
f 2918//2918 3794//3794 3795//3795
f 2919//2919 2918//2918 3797//3797
f 2919//2919 3797//3797 3796//3796
f 2915//2915 2919//2919 3799//3799
f 2915//2915 3799//3799 3798//3798
f 2917//2917 2916//2916 2920//2920
f 2917//2917 2920//2920 1498//1498
f 2921//2921 2920//2920 2916//2916
f 2921//2921 2916//2916 2918//2918
f 1498//1498 2920//2920 2922//2922
f 1498//1498 2922//2922 1497//1497
f 2923//2923 2922//2922 2920//2920
f 2923//2923 2920//2920 2921//2921
f 2917//2917 3800//3800 3801//3801
f 2917//2917 3802//3802 3803//3803
f 1498//1498 1495//1495 3805//3805
f 1498//1498 3805//3805 3804//3804
f 2917//2917 1498//1498 3807//3807
f 2917//2917 3807//3807 3806//3806
f 2915//2915 3808//3808 3809//3809
f 2924//2924 2915//2915 3811//3811
f 2924//2924 3811//3811 3810//3810
f 2925//2925 2919//2919 2915//2915
f 2925//2925 2915//2915 2924//2924
f 2907//2907 2926//2926 2925//2925
f 2907//2907 2925//2925 2905//2905
f 2927//2927 2928//2928 2926//2926
f 2927//2927 2926//2926 2907//2907
f 2928//2928 2929//2929 2930//2930
f 2928//2928 2930//2930 2926//2926
f 2929//2929 2928//2928 2931//2931
f 2929//2929 2931//2931 2932//2932
f 2933//2933 2931//2931 2928//2928
f 2933//2933 2928//2928 2927//2927
f 2926//2926 2930//2930 2919//2919
f 2926//2926 2919//2919 2925//2925
f 2905//2905 2925//2925 2924//2924
f 2905//2905 2924//2924 2906//2906
f 2924//2924 3812//3812 3813//3813
f 2906//2906 2924//2924 3815//3815
f 2906//2906 3815//3815 3814//3814
f 1930//1930 2934//2934 1994//1994
f 1930//1930 1994//1994 1932//1932
f 1989//1989 1986//1986 1994//1994
f 1989//1989 1994//1994 2934//2934
f 1990//1990 1989//1989 2934//2934
f 1990//1990 2934//2934 2935//2935
f 2936//2936 1990//1990 2935//2935
f 2936//2936 2935//2935 2937//2937
f 2938//2938 2936//2936 2937//2937
f 2938//2938 2937//2937 2939//2939
f 2768//2768 1988//1988 1990//1990
f 2768//2768 1990//1990 2936//2936
f 2936//2936 2938//2938 2769//2769
f 2936//2936 2769//2769 2768//2768
f 2938//2938 2940//2940 2941//2941
f 2938//2938 2941//2941 2769//2769
f 2438//2438 2764//2764 2941//2941
f 2438//2438 2941//2941 2439//2439
f 2439//2439 2941//2941 2940//2940
f 2439//2439 2940//2940 2440//2440
f 2938//2938 2939//2939 2942//2942
f 2938//2938 2942//2942 2940//2940
f 2943//2943 2942//2942 2939//2939
f 2943//2943 2939//2939 2944//2944
f 2940//2940 2942//2942 2945//2945
f 2940//2940 2945//2945 2440//2440
f 2946//2946 2436//2436 2945//2945
f 2946//2946 2945//2945 2947//2947
f 2942//2942 2943//2943 2947//2947
f 2942//2942 2947//2947 2945//2945
f 2436//2436 2431//2431 2440//2440
f 2436//2436 2440//2440 2945//2945
f 2948//2948 2943//2943 2944//2944
f 2948//2948 2944//2944 2949//2949
f 2950//2950 2949//2949 2951//2951
f 2950//2950 2951//2951 2952//2952
f 2949//2949 2944//2944 2953//2953
f 2949//2949 2953//2953 2951//2951
f 2954//2954 2948//2948 2949//2949
f 2954//2954 2949//2949 2950//2950
f 2944//2944 2939//2939 2937//2937
f 2944//2944 2937//2937 2953//2953
f 2764//2764 2765//2765 2769//2769
f 2764//2764 2769//2769 2941//2941
f 2953//2953 2937//2937 2935//2935
f 2953//2953 2935//2935 1929//1929
f 1929//1929 2935//2935 2934//2934
f 1929//1929 2934//2934 1930//1930
f 1959//1959 1961//1961 2910//2910
f 1959//1959 2910//2910 1966//1966
f 415//415 3816//3816 3817//3817
f 412//412 411//411 415//415
f 412//412 415//415 3819//3819
f 412//412 3819//3819 3818//3818
f 412//412 3820//3820 3821//3821
f 397//397 402//402 2955//2955
f 397//397 2955//2955 417//417
f 2956//2956 416//416 417//417
f 2956//2956 417//417 2955//2955
f 2957//2957 2958//2958 2956//2956
f 2957//2957 2956//2956 2959//2959
f 1997//1997 2958//2958 2960//2960
f 1997//1997 2960//2960 3823//3823
f 1997//1997 3823//3823 3822//3822
f 2960//2960 3824//3824 3825//3825
f 2961//2961 2962//2962 3827//3827
f 2961//2961 3827//3827 3826//3826
f 2962//2962 3828//3828 3829//3829
f 2963//2963 2961//2961 3831//3831
f 2963//2963 3831//3831 3830//3830
f 2961//2961 3832//3832 3833//3833
f 2964//2964 2963//2963 3835//3835
f 2964//2964 3835//3835 3834//3834
f 2963//2963 3836//3836 3837//3837
f 2964//2964 2965//2965 2957//2957
f 2964//2964 2957//2957 2966//2966
f 2960//2960 3838//3838 3839//3839
f 2960//2960 2965//2965 3841//3841
f 2960//2960 3841//3841 3840//3840
f 2965//2965 3842//3842 3843//3843
f 2965//2965 2964//2964 3845//3845
f 2965//2965 3845//3845 3844//3844
f 2965//2965 2960//2960 2958//2958
f 2965//2965 2958//2958 2957//2957
f 2966//2966 2957//2957 2959//2959
f 2966//2966 2959//2959 2967//2967
f 2964//2964 2966//2966 2968//2968
f 2964//2964 2968//2968 2963//2963
f 2969//2969 2961//2961 2963//2963
f 2969//2969 2963//2963 2968//2968
f 2961//2961 2969//2969 2970//2970
f 2961//2961 2970//2970 2962//2962
f 2969//2969 2971//2971 2972//2972
f 2969//2969 2972//2972 2970//2970
f 2968//2968 2973//2973 2971//2971
f 2968//2968 2971//2971 2969//2969
f 2973//2973 2968//2968 2966//2966
f 2973//2973 2966//2966 2967//2967
f 416//416 2956//2956 2958//2958
f 416//416 2958//2958 1997//1997
f 2955//2955 2974//2974 2959//2959
f 2955//2955 2959//2959 2956//2956
f 2967//2967 2959//2959 2974//2974
f 2967//2967 2974//2974 2975//2975
f 2973//2973 2967//2967 2975//2975
f 2973//2973 2975//2975 2976//2976
f 2977//2977 2971//2971 2973//2973
f 2977//2977 2973//2973 2976//2976
f 2971//2971 2977//2977 2978//2978
f 2971//2971 2978//2978 2972//2972
f 2979//2979 2980//2980 2972//2972
f 2979//2979 2972//2972 2978//2978
f 2981//2981 2982//2982 2980//2980
f 2981//2981 2980//2980 2979//2979
f 2983//2983 2980//2980 2982//2982
f 2983//2983 2982//2982 2984//2984
f 2011//2011 2010//2010 2984//2984
f 2011//2011 2984//2984 2982//2982
f 2982//2982 2981//2981 2985//2985
f 2982//2982 2985//2985 2011//2011
f 2983//2983 2986//2986 2962//2962
f 2983//2983 2962//2962 2970//2970
f 2984//2984 2000//2000 2986//2986
f 2984//2984 2986//2986 2983//2983
f 2970//2970 2972//2972 2980//2980
f 2970//2970 2980//2980 2983//2983
f 2981//2981 2979//2979 2987//2987
f 2981//2981 2987//2987 2988//2988
f 453//453 452//452 2987//2987
f 453//453 2987//2987 2989//2989
f 2989//2989 2990//2990 454//454
f 2989//2989 454//454 453//453
f 2990//2990 2989//2989 2978//2978
f 2990//2990 2978//2978 2977//2977
f 2979//2979 2978//2978 2989//2989
f 2979//2979 2989//2989 2987//2987
f 452//452 2991//2991 2988//2988
f 452//452 2988//2988 2987//2987
f 2992//2992 2988//2988 2991//2991
f 2992//2992 2991//2991 2993//2993
f 2993//2993 2991//2991 458//458
f 2993//2993 458//458 2994//2994
f 450//450 458//458 2991//2991
f 450//450 2991//2991 452//452
f 2977//2977 2976//2976 2995//2995
f 2977//2977 2995//2995 2990//2990
f 2996//2996 454//454 2990//2990
f 2996//2996 2990//2990 2995//2995
f 454//454 2996//2996 462//462
f 454//454 462//462 449//449
f 461//461 462//462 2996//2996
f 461//461 2996//2996 2997//2997
f 404//404 2997//2997 2998//2998
f 404//404 2998//2998 2999//2999
f 2975//2975 2974//2974 2999//2999
f 2975//2975 2999//2999 2998//2998
f 2976//2976 2975//2975 2998//2998
f 2976//2976 2998//2998 2995//2995
f 2997//2997 2996//2996 2995//2995
f 2997//2997 2995//2995 2998//2998
f 403//403 461//461 2997//2997
f 403//403 2997//2997 404//404
f 402//402 2999//2999 2974//2974
f 402//402 2974//2974 2955//2955
f 2999//2999 402//402 400//400
f 2999//2999 400//400 404//404
f 415//415 414//414 1996//1996
f 415//415 1996//1996 3847//3847
f 415//415 3847//3847 3846//3846
f 1997//1997 1996//1996 414//414
f 1997//1997 414//414 416//416
f 2160//2160 2129//2129 2131//2131
f 2160//2160 2131//2131 2148//2148
f 3000//3000 2204//2204 2080//2080
f 3000//3000 2080//2080 2079//2079
f 2079//2079 2081//2081 2220//2220
f 2079//2079 2220//2220 3000//3000
f 3001//3001 2203//2203 2204//2204
f 3001//3001 2204//2204 3000//3000
f 3001//3001 3002//3002 2201//2201
f 3001//3001 2201//2201 2203//2203
f 3003//3003 3002//3002 3004//3004
f 3003//3003 3004//3004 3005//3005
f 3004//3004 3002//3002 3001//3001
f 3004//3004 3001//3001 3006//3006
f 3001//3001 3000//3000 2220//2220
f 3001//3001 2220//2220 3006//3006
f 3005//3005 3004//3004 3006//3006
f 3005//3005 3006//3006 3007//3007
f 3007//3007 2196//2196 2197//2197
f 3007//3007 2197//2197 3005//3005
f 3003//3003 3005//3005 2197//2197
f 3003//3003 2197//2197 2198//2198
f 3003//3003 2198//2198 2201//2201
f 3003//3003 2201//2201 3002//3002
f 2219//2219 2195//2195 2196//2196
f 2219//2219 2196//2196 3007//3007
f 2220//2220 2219//2219 3007//3007
f 2220//2220 3007//3007 3006//3006
f 2217//2217 2076//2076 2074//2074
f 2217//2217 2074//2074 2073//2073
f 2129//2129 2160//2160 2136//2136
f 2129//2129 2136//2136 2128//2128
f 3008//3008 2134//2134 2136//2136
f 3008//3008 2136//2136 3009//3009
f 3010//3010 3008//3008 3009//3009
f 3010//3010 3009//3009 3011//3011
f 3011//3011 3009//3009 2159//2159
f 3011//3011 2159//2159 2161//2161
f 3012//3012 3010//3010 3011//3011
f 3012//3012 3011//3011 3013//3013
f 3013//3013 3011//3011 2161//2161
f 3013//3013 2161//2161 3014//3014
f 3014//3014 2157//2157 3015//3015
f 3014//3014 3015//3015 3016//3016
f 3017//3017 3015//3015 2157//2157
f 3017//3017 2157//2157 2156//2156
f 3015//3015 3017//3017 2249//2249
f 3015//3015 2249//2249 3018//3018
f 3016//3016 3015//3015 3018//3018
f 3016//3016 3018//3018 3019//3019
f 3019//3019 3020//3020 3021//3021
f 3019//3019 3021//3021 3016//3016
f 3013//3013 3021//3021 3022//3022
f 3013//3013 3022//3022 3012//3012
f 3023//3023 3024//3024 3022//3022
f 3023//3023 3022//3022 3025//3025
f 3025//3025 3022//3022 3021//3021
f 3025//3025 3021//3021 3020//3020
f 3024//3024 3026//3026 3012//3012
f 3024//3024 3012//3012 3022//3022
f 3013//3013 3014//3014 3016//3016
f 3013//3013 3016//3016 3021//3021
f 1353//1353 3020//3020 3019//3019
f 1353//1353 3019//3019 1352//1352
f 1352//1352 3019//3019 3018//3018
f 1352//1352 3018//3018 1355//1355
f 2245//2245 1355//1355 3018//3018
f 2245//2245 3018//3018 2249//2249
f 3017//3017 2177//2177 2247//2247
f 3017//3017 2247//2247 2249//2249
f 2177//2177 3017//3017 2156//2156
f 2177//2177 2156//2156 2158//2158
f 2161//2161 2152//2152 2157//2157
f 2161//2161 2157//2157 3014//3014
f 3008//3008 3010//3010 3027//3027
f 3008//3008 3027//3027 3028//3028
f 3027//3027 3026//3026 3029//3029
f 3027//3027 3029//3029 3030//3030
f 3029//3029 3031//3031 3032//3032
f 3029//3029 3032//3032 3033//3033
f 3033//3033 3032//3032 3034//3034
f 3033//3033 3034//3034 3035//3035
f 3034//3034 3036//3036 3037//3037
f 3034//3034 3037//3037 3038//3038
f 3036//3036 3034//3034 3032//3032
f 3036//3036 3032//3032 3039//3039
f 3031//3031 3040//3040 3039//3039
f 3031//3031 3039//3039 3032//3032
f 3041//3041 3039//3039 3040//3040
f 3041//3041 3040//3040 3042//3042
f 3023//3023 3043//3043 3042//3042
f 3023//3023 3042//3042 3040//3040
f 3040//3040 3031//3031 3024//3024
f 3040//3040 3024//3024 3023//3023
f 3044//3044 3036//3036 3039//3039
f 3044//3044 3039//3039 3041//3041
f 3045//3045 3037//3037 3036//3036
f 3045//3045 3036//3036 3044//3044
f 3046//3046 3047//3047 3045//3045
f 3046//3046 3045//3045 3044//3044
f 3048//3048 3046//3046 3044//3044
f 3048//3048 3044//3044 3041//3041
f 3049//3049 3050//3050 3051//3051
f 3049//3049 3051//3051 3038//3038
f 3051//3051 3052//3052 3053//3053
f 3051//3051 3053//3053 3035//3035
f 3054//3054 3053//3053 3052//3052
f 3054//3054 3052//3052 3055//3055
f 3056//3056 3033//3033 3035//3035
f 3056//3056 3035//3035 3053//3053
f 3053//3053 3054//3054 3057//3057
f 3053//3053 3057//3057 3056//3056
f 3052//3052 3051//3051 3050//3050
f 3052//3052 3050//3050 3058//3058
f 3059//3059 3058//3058 3050//3050
f 3059//3059 3050//3050 3060//3060
f 3050//3050 3049//3049 3061//3061
f 3050//3050 3061//3061 3060//3060
f 3038//3038 3051//3051 3035//3035
f 3038//3038 3035//3035 3034//3034
f 3038//3038 3037//3037 3062//3062
f 3038//3038 3062//3062 3049//3049
f 3045//3045 334//334 3062//3062
f 3045//3045 3062//3062 3037//3037
f 3062//3062 3063//3063 3061//3061
f 3062//3062 3061//3061 3049//3049
f 3064//3064 3061//3061 3063//3063
f 3064//3064 3063//3063 2577//2577
f 2577//2577 3063//3063 333//333
f 2577//2577 333//333 335//335
f 334//334 333//333 3063//3063
f 334//334 3063//3063 3062//3062
f 3031//3031 3029//3029 3026//3026
f 3031//3031 3026//3026 3024//3024
f 3033//3033 3056//3056 3030//3030
f 3033//3033 3030//3030 3029//3029
f 3028//3028 3027//3027 3030//3030
f 3028//3028 3030//3030 3065//3065
f 3065//3065 3066//3066 2135//2135
f 3065//3065 2135//2135 3028//3028
f 2134//2134 3008//3008 3028//3028
f 2134//2134 3028//3028 2135//2135
f 3066//3066 3067//3067 2133//2133
f 3066//3066 2133//2133 2135//2135
f 2125//2125 2133//2133 3067//3067
f 2125//2125 3067//3067 2117//2117
f 2117//2117 3067//3067 3068//3068
f 2117//2117 3068//3068 2115//2115
f 2115//2115 3068//3068 2114//2114
f 2115//2115 2114//2114 2107//2107
f 3069//3069 2114//2114 3068//3068
f 3069//3069 3068//3068 3070//3070
f 3067//3067 3066//3066 3070//3070
f 3067//3067 3070//3070 3068//3068
f 3066//3066 3065//3065 3057//3057
f 3066//3066 3057//3057 3070//3070
f 3056//3056 3057//3057 3065//3065
f 3056//3056 3065//3065 3030//3030
f 3010//3010 3012//3012 3026//3026
f 3010//3010 3026//3026 3027//3027
f 3009//3009 2136//2136 2160//2160
f 3009//3009 2160//2160 2159//2159
f 2188//2188 2199//2199 2186//2186
f 2188//2188 2186//2186 2180//2180
f 2064//2064 2267//2267 2068//2068
f 2064//2064 2068//2068 2060//2060
f 1322//1322 2268//2268 2267//2267
f 1322//1322 2267//2267 2064//2064
f 1322//1322 1318//1318 2252//2252
f 1322//1322 2252//2252 2268//2268
f 2182//2182 2187//2187 2178//2178
f 2182//2182 2178//2178 2175//2175
f 2177//2177 2176//2176 2248//2248
f 2177//2177 2248//2248 2247//2247
f 2065//2065 2048//2048 2037//2037
f 2065//2065 2037//2037 2845//2845
f 2036//2036 2846//2846 2845//2845
f 2036//2036 2845//2845 2037//2037
f 3071//3071 3072//3072 2844//2844
f 3071//3071 2844//2844 2846//2846
f 3073//3073 3074//3074 3071//3071
f 3073//3073 3071//3071 2039//2039
f 3074//3074 3073//3073 3075//3075
f 3074//3074 3075//3075 3076//3076
f 3075//3075 3077//3077 3078//3078
f 3075//3075 3078//3078 3079//3079
f 3077//3077 3075//3075 3073//3073
f 3077//3077 3073//3073 3080//3080
f 3081//3081 3077//3077 3080//3080
f 3081//3081 3080//3080 3082//3082
f 3083//3083 3081//3081 3082//3082
f 3083//3083 3082//3082 3084//3084
f 3085//3085 3078//3078 3077//3077
f 3085//3085 3077//3077 3081//3081
f 3085//3085 3086//3086 3087//3087
f 3085//3085 3087//3087 3088//3088
f 3086//3086 3085//3085 3081//3081
f 3086//3086 3081//3081 3083//3083
f 3089//3089 3086//3086 3083//3083
f 3089//3089 3083//3083 3090//3090
f 3090//3090 3083//3083 3084//3084
f 3090//3090 3084//3084 3091//3091
f 3092//3092 3087//3087 3086//3086
f 3092//3092 3086//3086 3089//3089
f 3093//3093 3092//3092 3094//3094
f 3093//3093 3094//3094 3095//3095
f 3094//3094 3092//3092 3089//3089
f 3094//3094 3089//3089 3096//3096
f 3093//3093 3097//3097 3087//3087
f 3093//3093 3087//3087 3092//3092
f 3098//3098 3099//3099 3100//3100
f 3098//3098 3100//3100 3088//3088
f 3088//3088 3100//3100 3078//3078
f 3088//3088 3078//3078 3085//3085
f 3100//3100 3101//3101 3079//3079
f 3100//3100 3079//3079 3078//3078
f 3100//3100 3099//3099 3102//3102
f 3100//3100 3102//3102 3101//3101
f 3097//3097 3098//3098 3088//3088
f 3097//3097 3088//3088 3087//3087
f 3099//3099 3098//3098 3103//3103
f 3099//3099 3103//3103 3104//3104
f 3105//3105 3103//3103 3098//3098
f 3105//3105 3098//3098 3097//3097
f 3084//3084 3082//3082 2040//2040
f 3084//3084 2040//2040 3106//3106
f 3091//3091 3084//3084 3106//3106
f 3091//3091 3106//3106 3107//3107
f 3108//3108 3091//3091 3107//3107
f 3108//3108 3107//3107 3109//3109
f 3109//3109 3110//3110 3111//3111
f 3109//3109 3111//3111 3108//3108
f 3112//3112 2096//2096 3110//3110
f 3112//3112 3110//3110 3109//3109
f 3110//3110 3113//3113 3114//3114
f 3110//3110 3114//3114 3111//3111
f 3113//3113 3110//3110 2096//2096
f 3113//3113 2096//2096 2095//2095
f 3115//3115 3116//3116 3108//3108
f 3115//3115 3108//3108 3111//3111
f 3116//3116 3090//3090 3091//3091
f 3116//3116 3091//3091 3108//3108
f 3109//3109 3107//3107 2042//2042
f 3109//3109 2042//2042 3112//3112
f 2041//2041 2042//2042 3107//3107
f 2041//2041 3107//3107 3106//3106
f 3106//3106 2040//2040 2033//2033
f 3106//3106 2033//2033 2041//2041
f 2038//2038 2040//2040 3082//3082
f 2038//2038 3082//3082 3080//3080
f 2039//2039 2038//2038 3080//3080
f 2039//2039 3080//3080 3073//3073
f 3076//3076 3075//3075 3079//3079
f 3076//3076 3079//3079 3117//3117
f 3118//3118 3076//3076 3117//3117
f 3118//3118 3117//3117 3119//3119
f 3076//3076 3118//3118 3120//3120
f 3076//3076 3120//3120 3074//3074
f 2460//2460 3072//3072 3120//3120
f 2460//2460 3120//3120 2461//2461
f 2844//2844 3072//3072 2460//2460
f 2844//2844 2460//2460 2462//2462
f 3074//3074 3120//3120 3072//3072
f 3074//3074 3072//3072 3071//3071
f 3118//3118 3121//3121 2461//2461
f 3118//3118 2461//2461 3120//3120
f 3122//3122 3121//3121 3118//3118
f 3122//3122 3118//3118 3119//3119
f 2463//2463 2459//2459 2461//2461
f 2463//2463 2461//2461 3121//3121
f 3123//3123 2463//2463 3121//3121
f 3123//3123 3121//3121 3122//3122
f 1735//1735 3123//3123 3122//3122
f 1735//1735 3122//3122 1734//1734
f 1745//1745 1746//1746 2463//2463
f 1745//1745 2463//2463 3123//3123
f 3123//3123 1735//1735 1736//1736
f 3123//3123 1736//1736 1745//1745
f 3119//3119 3124//3124 1734//1734
f 3119//3119 1734//1734 3122//3122
f 3117//3117 3125//3125 3124//3124
f 3117//3117 3124//3124 3119//3119
f 3117//3117 3079//3079 3101//3101
f 3117//3117 3101//3101 3125//3125
f 2039//2039 3071//3071 2846//2846
f 2039//2039 2846//2846 2036//2036
f 3126//3126 3025//3025 3020//3020
f 3126//3126 3020//3020 1353//1353
f 3025//3025 3126//3126 3043//3043
f 3025//3025 3043//3043 3023//3023
f 3043//3043 3126//3126 1356//1356
f 3043//3043 1356//1356 1357//1357
f 1350//1350 1356//1356 3126//3126
f 1350//1350 3126//3126 1353//1353
f 2282//2282 2284//2284 2289//2289
f 2282//2282 2289//2289 3127//3127
f 2283//2283 2282//2282 3127//3127
f 2283//2283 3127//3127 2324//2324
f 2324//2324 3127//3127 3128//3128
f 2324//2324 3128//3128 3129//3129
f 3130//3130 3128//3128 3127//3127
f 3130//3130 3127//3127 2289//2289
f 3130//3130 3131//3131 3132//3132
f 3130//3130 3132//3132 3133//3133
f 2289//2289 2288//2288 3131//3131
f 2289//2289 3131//3131 3130//3130
f 3134//3134 3132//3132 3131//3131
f 3134//3134 3131//3131 3135//3135
f 3136//3136 3137//3137 3133//3133
f 3136//3136 3133//3133 3132//3132
f 3128//3128 3130//3130 3133//3133
f 3128//3128 3133//3133 3138//3138
f 3129//3129 3128//3128 3138//3138
f 3129//3129 3138//3138 3139//3139
f 3139//3139 3140//3140 3141//3141
f 3139//3139 3141//3141 3129//3129
f 3142//3142 3143//3143 3140//3140
f 3142//3142 3140//3140 3139//3139
f 3139//3139 3138//3138 3144//3144
f 3139//3139 3144//3144 3142//3142
f 3143//3143 3142//3142 3145//3145
f 3143//3143 3145//3145 3146//3146
f 3142//3142 3144//3144 3147//3147
f 3142//3142 3147//3147 3145//3145
f 3140//3140 3148//3148 3149//3149
f 3140//3140 3149//3149 3141//3141
f 2341//2341 3148//3148 3150//3150
f 2341//2341 3150//3150 3151//3151
f 3143//3143 3150//3150 3148//3148
f 3143//3143 3148//3148 3140//3140
f 3148//3148 2341//2341 2342//2342
f 3148//3148 2342//2342 3149//3149
f 3129//3129 3141//3141 2323//2323
f 3129//3129 2323//2323 2324//2324
f 3141//3141 3149//3149 2322//2322
f 3141//3141 2322//2322 2323//2323
f 3137//3137 3144//3144 3138//3138
f 3137//3137 3138//3138 3133//3133
f 3144//3144 3137//3137 3152//3152
f 3144//3144 3152//3152 3147//3147
f 3153//3153 3154//3154 3147//3147
f 3153//3153 3147//3147 3152//3152
f 3155//3155 3153//3153 3152//3152
f 3155//3155 3152//3152 3156//3156
f 3154//3154 3153//3153 3157//3157
f 3154//3154 3157//3157 3158//3158
f 3159//3159 3157//3157 3153//3153
f 3159//3159 3153//3153 3155//3155
f 3156//3156 3152//3152 3137//3137
f 3156//3156 3137//3137 3136//3136
f 3160//3160 3136//3136 3132//3132
f 3160//3160 3132//3132 3134//3134
f 3135//3135 2290//2290 3849//3849
f 3135//3135 3849//3849 3848//3848
f 3135//3135 3850//3850 3851//3851
f 2290//2290 3852//3852 3853//3853
f 2290//2290 3854//3854 3855//3855
f 3131//3131 2288//2288 2290//2290
f 3131//3131 2290//2290 3135//3135
f 2285//2285 2286//2286 2298//2298
f 2285//2285 2298//2298 2291//2291
f 2274//2274 3856//3856 3857//3857
f 2274//2274 3858//3858 3859//3859
f 2303//2303 2296//2296 2300//2300
f 2303//2303 2300//2300 2403//2403
f 1893//1893 1898//1898 1886//1886
f 1893//1893 1886//1886 1888//1888
f 1711//1711 1710//1710 1717//1717
f 1711//1711 1717//1717 1729//1729
f 3161//3161 1709//1709 1711//1711
f 3161//3161 1711//1711 1730//1730
f 1709//1709 3161//3161 3104//3104
f 1709//1709 3104//3104 1708//1708
f 3099//3099 3104//3104 3161//3161
f 3099//3099 3161//3161 3102//3102
f 1730//1730 1732//1732 3102//3102
f 1730//1730 3102//3102 3161//3161
f 1732//1732 1731//1731 3124//3124
f 1732//1732 3124//3124 3125//3125
f 1734//1734 3124//3124 1731//1731
f 1734//1734 1731//1731 1733//1733
f 3101//3101 3102//3102 1732//1732
f 3101//3101 1732//1732 3125//3125
f 1933//1933 3860//3860 3861//3861
f 3162//3162 1933//1933 3863//3863
f 3162//3162 3863//3863 3862//3862
f 3163//3163 3162//3162 3865//3865
f 3163//3163 3865//3865 3864//3864
f 3162//3162 3866//3866 3867//3867
f 3164//3164 3163//3163 3869//3869
f 3164//3164 3869//3869 3868//3868
f 3163//3163 3870//3870 3871//3871
f 3163//3163 2952//2952 1931//1931
f 3163//3163 1931//1931 3162//3162
f 3164//3164 2950//2950 2952//2952
f 3164//3164 2952//2952 3163//3163
f 3165//3165 2954//2954 2950//2950
f 3165//3165 2950//2950 3164//3164
f 2954//2954 3165//3165 3166//3166
f 2954//2954 3166//3166 3167//3167
f 3166//3166 3165//3165 3873//3873
f 3166//3166 3873//3873 3872//3872
f 3165//3165 3874//3874 3875//3875
f 3164//3164 3876//3876 3877//3877
f 3165//3165 3164//3164 3879//3879
f 3165//3165 3879//3879 3878//3878
f 3168//3168 3880//3880 3881//3881
f 3168//3168 3882//3882 3883//3883
f 3162//3162 1931//1931 1925//1925
f 3162//3162 1925//1925 1933//1933
f 3169//3169 3884//3884 3885//3885
f 3169//3169 3886//3886 3887//3887
f 3170//3170 3888//3888 3889//3889
f 3170//3170 3890//3890 3891//3891
f 3171//3171 3892//3892 3893//3893
f 3170//3170 3171//3171 3895//3895
f 3170//3170 3895//3895 3894//3894
f 3172//3172 3170//3170 3897//3897
f 3172//3172 3897//3897 3896//3896
f 3173//3173 3172//3172 3899//3899
f 3173//3173 3899//3899 3898//3898
f 3173//3173 3900//3900 3901//3901
f 3173//3173 3902//3902 3903//3903
f 3174//3174 3169//3169 3905//3905
f 3174//3174 3905//3905 3904//3904
f 3175//3175 3174//3174 3907//3907
f 3175//3175 3907//3907 3906//3906
f 3176//3176 3174//3174 3175//3175
f 3176//3176 3175//3175 3177//3177
f 3178//3178 3176//3176 3177//3177
f 3178//3178 3177//3177 3179//3179
f 3174//3174 3176//3176 3180//3180
f 3174//3174 3180//3180 3181//3181
f 3182//3182 3183//3183 3181//3181
f 3182//3182 3181//3181 3180//3180
f 3180//3180 3184//3184 3185//3185
f 3180//3180 3185//3185 3182//3182
f 3184//3184 3180//3180 3176//3176
f 3184//3184 3176//3176 3178//3178
f 3181//3181 3186//3186 3169//3169
f 3181//3181 3169//3169 3174//3174
f 3179//3179 3187//3187 3188//3188
f 3179//3179 3188//3188 3178//3178
f 3189//3189 2416//2416 3187//3187
f 3189//3189 3187//3187 3179//3179
f 3187//3187 2411//2411 2435//2435
f 3187//3187 2435//2435 3188//3188
f 2416//2416 2409//2409 2411//2411
f 2416//2416 2411//2411 3187//3187
f 3179//3179 3177//3177 3190//3190
f 3179//3179 3190//3190 3189//3189
f 3189//3189 3190//3190 3172//3172
f 3189//3189 3172//3172 3191//3191
f 3190//3190 3171//3171 3170//3170
f 3190//3190 3170//3170 3172//3172
f 3177//3177 3175//3175 3171//3171
f 3177//3177 3171//3171 3190//3190
f 3171//3171 3175//3175 3909//3909
f 3171//3171 3909//3909 3908//3908
f 3175//3175 3910//3910 3911//3911
f 3186//3186 3168//3168 3913//3913
f 3186//3186 3913//3913 3912//3912
f 3186//3186 3914//3914 3915//3915
f 3169//3169 3186//3186 3917//3917
f 3169//3169 3917//3917 3916//3916
f 3169//3169 3918//3918 3919//3919
f 393//393 137//137 128//128
f 393//393 128//128 431//431
f 91//91 136//136 138//138
f 91//91 138//138 392//392
f 89//89 91//91 392//392
f 89//89 392//392 3192//3192
f 3193//3193 90//90 89//89
f 3193//3193 89//89 3192//3192
f 391//391 3194//3194 3193//3193
f 391//391 3193//3193 3192//3192
f 3193//3193 3920//3920 3921//3921
f 3193//3193 3194//3194 3923//3923
f 3193//3193 3923//3923 3922//3922
f 3195//3195 3924//3924 3925//3925
f 3195//3195 368//368 3927//3927
f 3195//3195 3927//3927 3926//3926
f 3194//3194 3195//3195 3929//3929
f 3194//3194 3929//3929 3928//3928
f 3195//3195 3930//3930 3931//3931
f 390//390 367//367 368//368
f 390//390 368//368 3195//3195
f 391//391 390//390 3195//3195
f 391//391 3195//3195 3194//3194
f 3193//3193 3932//3932 3933//3933
f 90//90 3193//3193 3935//3935
f 90//90 3935//3935 3934//3934
f 88//88 90//90 3937//3937
f 88//88 3937//3937 3936//3936
f 90//90 3938//3938 3939//3939
f 392//392 389//389 391//391
f 392//392 391//391 3192//3192
f 172//172 166//166 169//169
f 172//172 169//169 189//189
f 191//191 187//187 185//185
f 191//191 185//185 1031//1031
f 245//245 244//244 2477//2477
f 245//245 2477//2477 2483//2483
f 2881//2881 245//245 2483//2483
f 2881//2881 2483//2483 2878//2878
f 2878//2878 2483//2483 2481//2481
f 2878//2878 2481//2481 2879//2879
f 2482//2482 2480//2480 2485//2485
f 2482//2482 2485//2485 2741//2741
f 226//226 228//228 245//245
f 226//226 245//245 2881//2881
f 227//227 226//226 2881//2881
f 227//227 2881//2881 2880//2880
f 3196//3196 3940//3940 3941//3941
f 3196//3196 2536//2536 3943//3943
f 3196//3196 3943//3943 3942//3942
f 3196//3196 3944//3944 3945//3945
f 2534//2534 2529//2529 2536//2536
f 2534//2534 2536//2536 3196//3196
f 255//255 3196//3196 3947//3947
f 255//255 3947//3947 3946//3946
f 3196//3196 255//255 2534//2534
f 309//309 306//306 314//314
f 309//309 314//314 3197//3197
f 2860//2860 3197//3197 3198//3198
f 2860//2860 3198//3198 2859//2859
f 2859//2859 3198//3198 3199//3199
f 2859//2859 3199//3199 3200//3200
f 3201//3201 3202//3202 3200//3200
f 3201//3201 3200//3200 3199//3199
f 1348//1348 2859//2859 3200//3200
f 1348//1348 3200//3200 1347//1347
f 3202//3202 1346//1346 1347//1347
f 3202//3202 1347//1347 3200//3200
f 3203//3203 1358//1358 1346//1346
f 3203//3203 1346//1346 3202//3202
f 1358//1358 3203//3203 3204//3204
f 1358//1358 3204//3204 1357//1357
f 3041//3041 3042//3042 3204//3204
f 3041//3041 3204//3204 3048//3048
f 3203//3203 3205//3205 3048//3048
f 3203//3203 3048//3048 3204//3204
f 3202//3202 3201//3201 3205//3205
f 3202//3202 3205//3205 3203//3203
f 338//338 3201//3201 3199//3199
f 338//338 3199//3199 337//337
f 340//340 3205//3205 3201//3201
f 340//340 3201//3201 338//338
f 3046//3046 3048//3048 3205//3205
f 3046//3046 3205//3205 340//340
f 3042//3042 3043//3043 1357//1357
f 3042//3042 1357//1357 3204//3204
f 3198//3198 316//316 337//337
f 3198//3198 337//337 3199//3199
f 316//316 3198//3198 3197//3197
f 316//316 3197//3197 314//314
f 531//531 309//309 3197//3197
f 531//531 3197//3197 2860//2860
f 322//322 337//337 316//316
f 322//322 316//316 315//315
f 340//340 339//339 3047//3047
f 340//340 3047//3047 3046//3046
f 339//339 326//326 332//332
f 339//339 332//332 3047//3047
f 334//334 3045//3045 3047//3047
f 334//334 3047//3047 332//332
f 2578//2578 2562//2562 2560//2560
f 2578//2578 2560//2560 2561//2561
f 2579//2579 2578//2578 2561//2561
f 2579//2579 2561//2561 2689//2689
f 2554//2554 2556//2556 2689//2689
f 2554//2554 2689//2689 2561//2561
f 2574//2574 2576//2576 2579//2579
f 2574//2574 2579//2579 2691//2691
f 2575//2575 2574//2574 2691//2691
f 2575//2575 2691//2691 2690//2690
f 2573//2573 3064//3064 2577//2577
f 2573//2573 2577//2577 2571//2571
f 2575//2575 3206//3206 3207//3207
f 2575//2575 3207//3207 2572//2572
f 3208//3208 3209//3209 3210//3210
f 3208//3208 3210//3210 3207//3207
f 3211//3211 3212//3212 3213//3213
f 3211//3211 3213//3213 3209//3209
f 3214//3214 3210//3210 3209//3209
f 3214//3214 3209//3209 3213//3213
f 3207//3207 3210//3210 2573//2573
f 3207//3207 2573//2573 2572//2572
f 3210//3210 3214//3214 3064//3064
f 3210//3210 3064//3064 2573//2573
f 3061//3061 3064//3064 3214//3214
f 3061//3061 3214//3214 3060//3060
f 3213//3213 3059//3059 3060//3060
f 3213//3213 3060//3060 3214//3214
f 3212//3212 3215//3215 3059//3059
f 3212//3212 3059//3059 3213//3213
f 3216//3216 3217//3217 3212//3212
f 3216//3216 3212//3212 3211//3211
f 3217//3217 3218//3218 3215//3215
f 3217//3217 3215//3215 3212//3212
f 3058//3058 3059//3059 3215//3215
f 3058//3058 3215//3215 3219//3219
f 3055//3055 3219//3219 3220//3220
f 3055//3055 3220//3220 3221//3221
f 3221//3221 3220//3220 2112//2112
f 3221//3221 2112//2112 2113//2113
f 3055//3055 3221//3221 3069//3069
f 3055//3055 3069//3069 3054//3054
f 3221//3221 2113//2113 2114//2114
f 3221//3221 2114//2114 3069//3069
f 3220//3220 3218//3218 3222//3222
f 3220//3220 3222//3222 2112//2112
f 3219//3219 3215//3215 3218//3218
f 3219//3219 3218//3218 3220//3220
f 3223//3223 3222//3222 3218//3218
f 3223//3223 3218//3218 3217//3217
f 3224//3224 3225//3225 3222//3222
f 3224//3224 3222//3222 3223//3223
f 3226//3226 3224//3224 3223//3223
f 3226//3226 3223//3223 3227//3227
f 3217//3217 3216//3216 3227//3227
f 3217//3217 3227//3227 3223//3223
f 3055//3055 3052//3052 3058//3058
f 3055//3055 3058//3058 3219//3219
f 3211//3211 3228//3228 3229//3229
f 3211//3211 3229//3229 3216//3216
f 3230//3230 3231//3231 3229//3229
f 3230//3230 3229//3229 3228//3228
f 3216//3216 3229//3229 3232//3232
f 3216//3216 3232//3232 3227//3227
f 3233//3233 3226//3226 3227//3227
f 3233//3233 3227//3227 3232//3232
f 3233//3233 3234//3234 3235//3235
f 3233//3233 3235//3235 3226//3226
f 3235//3235 3234//3234 3236//3236
f 3235//3235 3236//3236 3237//3237
f 3234//3234 3238//3238 3239//3239
f 3234//3234 3239//3239 3236//3236
f 3233//3233 3240//3240 3238//3238
f 3233//3233 3238//3238 3234//3234
f 3233//3233 3232//3232 3241//3241
f 3233//3233 3241//3241 3240//3240
f 3231//3231 3241//3241 3232//3232
f 3231//3231 3232//3232 3229//3229
f 3240//3240 3241//3241 3242//3242
f 3240//3240 3242//3242 3243//3243
f 3244//3244 3242//3242 3241//3241
f 3244//3244 3241//3241 3231//3231
f 3245//3245 3244//3244 3231//3231
f 3245//3245 3231//3231 3230//3230
f 3244//3244 3245//3245 3246//3246
f 3244//3244 3246//3246 3247//3247
f 3246//3246 3248//3248 2687//2687
f 3246//3246 2687//2687 3249//3249
f 3247//3247 3246//3246 3249//3249
f 3247//3247 3249//3249 3250//3250
f 3249//3249 3251//3251 3252//3252
f 3249//3249 3252//3252 3250//3250
f 2687//2687 2685//2685 3251//3251
f 2687//2687 3251//3251 3249//3249
f 3253//3253 3254//3254 3255//3255
f 3253//3253 3255//3255 3248//3248
f 3248//3248 3246//3246 3245//3245
f 3248//3248 3245//3245 3253//3253
f 2686//2686 2687//2687 3248//3248
f 2686//2686 3248//3248 3255//3255
f 3230//3230 3256//3256 3253//3253
f 3230//3230 3253//3253 3245//3245
f 3228//3228 3208//3208 3256//3256
f 3228//3228 3256//3256 3230//3230
f 3208//3208 3207//3207 3206//3206
f 3208//3208 3206//3206 3256//3256
f 3209//3209 3208//3208 3228//3228
f 3209//3209 3228//3228 3211//3211
f 3256//3256 3206//3206 3254//3254
f 3256//3256 3254//3254 3253//3253
f 3206//3206 2575//2575 2690//2690
f 3206//3206 2690//2690 3254//3254
f 366//366 367//367 378//378
f 366//366 378//378 369//369
f 2647//2647 2646//2646 2656//2656
f 2647//2647 2656//2656 3257//3257
f 3257//3257 2656//2656 2657//2657
f 3257//3257 2657//2657 3258//3258
f 3259//3259 3258//3258 3260//3260
f 3259//3259 3260//3260 3261//3261
f 3262//3262 3263//3263 3264//3264
f 3262//3262 3264//3264 3260//3260
f 3260//3260 3264//3264 3265//3265
f 3260//3260 3265//3265 3261//3261
f 3266//3266 3267//3267 3265//3265
f 3266//3266 3265//3265 3268//3268
f 3261//3261 3265//3265 3267//3267
f 3261//3261 3267//3267 3269//3269
f 3270//3270 3271//3271 3269//3269
f 3270//3270 3269//3269 3267//3267
f 3269//3269 3271//3271 3272//3272
f 3269//3269 3272//3272 3273//3273
f 3273//3273 3272//3272 3274//3274
f 3273//3273 3274//3274 3275//3275
f 3275//3275 3274//3274 3276//3276
f 3275//3275 3276//3276 3277//3277
f 3274//3274 3278//3278 3279//3279
f 3274//3274 3279//3279 3276//3276
f 3274//3274 3272//3272 3280//3280
f 3274//3274 3280//3280 3278//3278
f 3273//3273 3259//3259 3261//3261
f 3273//3273 3261//3261 3269//3269
f 3259//3259 3273//3273 3275//3275
f 3259//3259 3275//3275 3281//3281
f 3282//3282 3280//3280 3272//3272
f 3282//3282 3272//3272 3271//3271
f 3280//3280 3282//3282 3283//3283
f 3280//3280 3283//3283 3284//3284
f 3282//3282 3285//3285 3286//3286
f 3282//3282 3286//3286 3283//3283
f 3271//3271 3270//3270 3285//3285
f 3271//3271 3285//3285 3282//3282
f 3267//3267 3266//3266 3287//3287
f 3267//3267 3287//3287 3270//3270
f 3268//3268 3288//3288 3289//3289
f 3268//3268 3289//3289 3266//3266
f 3290//3290 3291//3291 3292//3292
f 3290//3290 3292//3292 3288//3288
f 3291//3291 3293//3293 3294//3294
f 3291//3291 3294//3294 3292//3292
f 826//826 3295//3295 3294//3294
f 826//826 3294//3294 3293//3293
f 3293//3293 819//819 820//820
f 3293//3293 820//820 826//826
f 3291//3291 817//817 819//819
f 3291//3291 819//819 3293//3293
f 3288//3288 3292//3292 3296//3296
f 3288//3288 3296//3296 3289//3289
f 3292//3292 3294//3294 3297//3297
f 3292//3292 3297//3297 3296//3296
f 3298//3298 3299//3299 3289//3289
f 3298//3298 3289//3289 3296//3296
f 3296//3296 3297//3297 3300//3300
f 3296//3296 3300//3300 3298//3298
f 3301//3301 817//817 3291//3291
f 3301//3301 3291//3291 3290//3290
f 3301//3301 2664//2664 818//818
f 3301//3301 818//818 817//817
f 3302//3302 2663//2663 2664//2664
f 3302//3302 2664//2664 3301//3301
f 3302//3302 3301//3301 3290//3290
f 3302//3302 3290//3290 3303//3303
f 3303//3303 3290//3290 3288//3288
f 3303//3303 3288//3288 3268//3268
f 3264//3264 3303//3303 3268//3268
f 3264//3264 3268//3268 3265//3265
f 3266//3266 3289//3289 3299//3299
f 3266//3266 3299//3299 3287//3287
f 3270//3270 3287//3287 3304//3304
f 3270//3270 3304//3304 3285//3285
f 3305//3305 3286//3286 3285//3285
f 3305//3305 3285//3285 3304//3304
f 3306//3306 3305//3305 3307//3307
f 3306//3306 3307//3307 3308//3308
f 3304//3304 3309//3309 3307//3307
f 3304//3304 3307//3307 3305//3305
f 3310//3310 3286//3286 3305//3305
f 3310//3310 3305//3305 3306//3306
f 3309//3309 3304//3304 3287//3287
f 3309//3309 3287//3287 3299//3299
f 3263//3263 3302//3302 3303//3303
f 3263//3263 3303//3303 3264//3264
f 3302//3302 3263//3263 2661//2661
f 3302//3302 2661//2661 2663//2663
f 2661//2661 3263//3263 3262//3262
f 2661//2661 3262//3262 2662//2662
f 3262//3262 2657//2657 2658//2658
f 3262//3262 2658//2658 2662//2662
f 3258//3258 2657//2657 3262//3262
f 3258//3258 3262//3262 3260//3260
f 3258//3258 3259//3259 3281//3281
f 3258//3258 3281//3281 3257//3257
f 3257//3257 3281//3281 3311//3311
f 3257//3257 3311//3311 2647//2647
f 2643//2643 2641//2641 3311//3311
f 2643//2643 3311//3311 3277//3277
f 3281//3281 3275//3275 3277//3277
f 3281//3281 3277//3277 3311//3311
f 2641//2641 2640//2640 2647//2647
f 2641//2641 2647//2647 3311//3311
f 821//821 818//818 2664//2664
f 821//821 2664//2664 2659//2659
f 2643//2643 3312//3312 3313//3313
f 2643//2643 3313//3313 2642//2642
f 3239//3239 3314//3314 3313//3313
f 3239//3239 3313//3313 3315//3315
f 3313//3313 3314//3314 2637//2637
f 3313//3313 2637//2637 2642//2642
f 3316//3316 2634//2634 2637//2637
f 3316//3316 2637//2637 3314//3314
f 3238//3238 3316//3316 3314//3314
f 3238//3238 3314//3314 3239//3239
f 2635//2635 2634//2634 3316//3316
f 2635//2635 3316//3316 3243//3243
f 3238//3238 3240//3240 3243//3243
f 3238//3238 3243//3243 3316//3316
f 3317//3317 3315//3315 3318//3318
f 3317//3317 3318//3318 3319//3319
f 3315//3315 3313//3313 3312//3312
f 3315//3315 3312//3312 3318//3318
f 3318//3318 3312//3312 3276//3276
f 3318//3318 3276//3276 3279//3279
f 3312//3312 2643//2643 3277//3277
f 3312//3312 3277//3277 3276//3276
f 3319//3319 3318//3318 3279//3279
f 3319//3319 3279//3279 3320//3320
f 3321//3321 3319//3319 3320//3320
f 3321//3321 3320//3320 3322//3322
f 3321//3321 3323//3323 3317//3317
f 3321//3321 3317//3317 3319//3319
f 3317//3317 3323//3323 3237//3237
f 3317//3317 3237//3237 3236//3236
f 3236//3236 3239//3239 3315//3315
f 3236//3236 3315//3315 3317//3317
f 3324//3324 3325//3325 3237//3237
f 3324//3324 3237//3237 3323//3323
f 3324//3324 3326//3326 3327//3327
f 3324//3324 3327//3327 3325//3325
f 2121//2121 2120//2120 3327//3327
f 2121//2121 3327//3327 3326//3326
f 3325//3325 3327//3327 3328//3328
f 3325//3325 3328//3328 3329//3329
f 2111//2111 2110//2110 3225//3225
f 2111//2111 3225//3225 3328//3328
f 2120//2120 2111//2111 3328//3328
f 2120//2120 3328//3328 3327//3327
f 3329//3329 3328//3328 3225//3225
f 3329//3329 3225//3225 3224//3224
f 3330//3330 2121//2121 3326//3326
f 3330//3330 3326//3326 3331//3331
f 3331//3331 3332//3332 3333//3333
f 3331//3331 3333//3333 3330//3330
f 3334//3334 3335//3335 3330//3330
f 3334//3334 3330//3330 3333//3333
f 3333//3333 3336//3336 3337//3337
f 3333//3333 3337//3337 3334//3334
f 3332//3332 3338//3338 3336//3336
f 3332//3332 3336//3336 3333//3333
f 3332//3332 3331//3331 3339//3339
f 3332//3332 3339//3339 3340//3340
f 3340//3340 3339//3339 3321//3321
f 3340//3340 3321//3321 3322//3322
f 3339//3339 3324//3324 3323//3323
f 3339//3339 3323//3323 3321//3321
f 3324//3324 3339//3339 3331//3331
f 3324//3324 3331//3331 3326//3326
f 3325//3325 3329//3329 3235//3235
f 3325//3325 3235//3235 3237//3237
f 3341//3341 3322//3322 3320//3320
f 3341//3341 3320//3320 3342//3342
f 3279//3279 3278//3278 3342//3342
f 3279//3279 3342//3342 3320//3320
f 3342//3342 3284//3284 3343//3343
f 3342//3342 3343//3343 3341//3341
f 3343//3343 3284//3284 3283//3283
f 3343//3343 3283//3283 3344//3344
f 3345//3345 3343//3343 3344//3344
f 3345//3345 3344//3344 3346//3346
f 3345//3345 3346//3346 3347//3347
f 3345//3345 3347//3347 3348//3348
f 3349//3349 3350//3350 3351//3351
f 3349//3349 3351//3351 3347//3347
f 3350//3350 3352//3352 3353//3353
f 3350//3350 3353//3353 3351//3351
f 3354//3354 3355//3355 3352//3352
f 3354//3354 3352//3352 3350//3350
f 3356//3356 3354//3354 3350//3350
f 3356//3356 3350//3350 3349//3349
f 3347//3347 3346//3346 3357//3357
f 3347//3347 3357//3357 3349//3349
f 3357//3357 3310//3310 3306//3306
f 3357//3357 3306//3306 3358//3358
f 3346//3346 3344//3344 3310//3310
f 3346//3346 3310//3310 3357//3357
f 3358//3358 3356//3356 3349//3349
f 3358//3358 3349//3349 3357//3357
f 3348//3348 3347//3347 3351//3351
f 3348//3348 3351//3351 3359//3359
f 3359//3359 3336//3336 3338//3338
f 3359//3359 3338//3338 3348//3348
f 3360//3360 3337//3337 3336//3336
f 3360//3360 3336//3336 3359//3359
f 3359//3359 3351//3351 3353//3353
f 3359//3359 3353//3353 3360//3360
f 3343//3343 3345//3345 3361//3361
f 3343//3343 3361//3361 3341//3341
f 3361//3361 3340//3340 3322//3322
f 3361//3361 3322//3322 3341//3341
f 3340//3340 3361//3361 3338//3338
f 3340//3340 3338//3338 3332//3332
f 3361//3361 3345//3345 3348//3348
f 3361//3361 3348//3348 3338//3338
f 3344//3344 3283//3283 3286//3286
f 3344//3344 3286//3286 3310//3310
f 3278//3278 3280//3280 3284//3284
f 3278//3278 3284//3284 3342//3342
f 809//809 808//808 816//816
f 809//809 816//816 2666//2666
f 810//810 809//809 2666//2666
f 810//810 2666//2666 2667//2667
f 3362//3362 700//700 693//693
f 3362//3362 693//693 695//695
f 718//718 704//704 700//700
f 718//718 700//700 3362//3362
f 3362//3362 3363//3363 719//719
f 3362//3362 719//719 718//718
f 695//695 2631//2631 3363//3363
f 695//695 3363//3363 3362//3362
f 3363//3363 3252//3252 3251//3251
f 3363//3363 3251//3251 719//719
f 3252//3252 3363//3363 2631//2631
f 3252//3252 2631//2631 2630//2630
f 2631//2631 695//695 696//696
f 2631//2631 696//696 2632//2632
f 2632//2632 696//696 698//698
f 2632//2632 698//698 2626//2626
f 2635//2635 3364//3364 2633//2633
f 2635//2635 2633//2633 2627//2627
f 3247//3247 3364//3364 3242//3242
f 3247//3247 3242//3242 3244//3244
f 3243//3243 3242//3242 3364//3364
f 3243//3243 3364//3364 2635//2635
f 3364//3364 3247//3247 3250//3250
f 3364//3364 3250//3250 2633//2633
f 657//657 652//652 661//661
f 657//657 661//661 709//709
f 951//951 972//972 3949//3949
f 951//951 3949//3949 3948//3948
f 951//951 3950//3950 3951//3951
f 2558//2558 1050//1050 1044//1044
f 2558//2558 1044//1044 1051//1051
f 1185//1185 1184//1184 233//233
f 1185//1185 233//233 232//232
f 1016//1016 1243//1243 1393//1393
f 1016//1016 1393//1393 1014//1014
f 1391//1391 1013//1013 1014//1014
f 1391//1391 1014//1014 1393//1393
f 1384//1384 1393//1393 1243//1243
f 1384//1384 1243//1243 1244//1244
f 1385//1385 1425//1425 1392//1392
f 1385//1385 1392//1392 1387//1387
f 1386//1386 1403//1403 1425//1425
f 1386//1386 1425//1425 1385//1385
f 2879//2879 2481//2481 2482//2482
f 2879//2879 2482//2482 2744//2744
f 2745//2745 2876//2876 2879//2879
f 2745//2745 2879//2879 2744//2744
f 2871//2871 236//236 227//227
f 2871//2871 227//227 2880//2880
f 2772//2772 2396//2396 1258//1258
f 2772//2772 1258//1258 1261//1261
f 1223//1223 1951//1951 1218//1218
f 1223//1223 1218//1218 1220//1220
f 2951//2951 2953//2953 1929//1929
f 2951//2951 1929//1929 1928//1928
f 2779//2779 1955//1955 1950//1950
f 2779//2779 1950//1950 1952//1952
f 1954//1954 1953//1953 2789//2789
f 1954//1954 2789//2789 1962//1962
f 1470//1470 1473//1473 2792//2792
f 1470//1470 2792//2792 1480//1480
f 2375//2375 1265//1265 1266//1266
f 2375//2375 1266//1266 2373//2373
f 1473//1473 1474//1474 3365//3365
f 1473//1473 3365//3365 3366//3366
f 3365//3365 1484//1484 3367//3367
f 3365//3365 3367//3367 3368//3368
f 2932//2932 2931//2931 3368//3368
f 2932//2932 3368//3368 3367//3367
f 3366//3366 3365//3365 3368//3368
f 3366//3366 3368//3368 3369//3369
f 2914//2914 3369//3369 2933//2933
f 2914//2914 2933//2933 2912//2912
f 2931//2931 2933//2933 3369//3369
f 2931//2931 3369//3369 3368//3368
f 3369//3369 2914//2914 3370//3370
f 3369//3369 3370//3370 3366//3366
f 2792//2792 3370//3370 3371//3371
f 2792//2792 3371//3371 2791//2791
f 2791//2791 3371//3371 1960//1960
f 2791//2791 1960//1960 1962//1962
f 3371//3371 2913//2913 1961//1961
f 3371//3371 1961//1961 1960//1960
f 3371//3371 3370//3370 2914//2914
f 3371//3371 2914//2914 2913//2913
f 1473//1473 3366//3366 3370//3370
f 1473//1473 3370//3370 2792//2792
f 1503//1503 2932//2932 3367//3367
f 1503//1503 3367//3367 1501//1501
f 1484//1484 1483//1483 1501//1501
f 1484//1484 1501//1501 3367//3367
f 1484//1484 3365//3365 1474//1474
f 1484//1484 1474//1474 1476//1476
f 1502//1502 1496//1496 1497//1497
f 1502//1502 1497//1497 2922//2922
f 1503//1503 1502//1502 2922//2922
f 1503//1503 2922//2922 2923//2923
f 2923//2923 2929//2929 2932//2932
f 2923//2923 2932//2932 1503//1503
f 2930//2930 2921//2921 2918//2918
f 2930//2930 2918//2918 2919//2919
f 2929//2929 2923//2923 2921//2921
f 2929//2929 2921//2921 2930//2930
f 2927//2927 2909//2909 2912//2912
f 2927//2927 2912//2912 2933//2933
f 2907//2907 2903//2903 2909//2909
f 2907//2907 2909//2909 2927//2927
f 232//232 234//234 1187//1187
f 232//232 1187//1187 1185//1185
f 1801//1801 1800//1800 1107//1107
f 1801//1801 1107//1107 1106//1106
f 1859//1859 1107//1107 1800//1800
f 1859//1859 1800//1800 1860//1860
f 1654//1654 1653//1653 1420//1420
f 1654//1654 1420//1420 1419//1419
f 3372//3372 2947//2947 2943//2943
f 3372//3372 2943//2943 2948//2948
f 3185//3185 2946//2946 2947//2947
f 3185//3185 2947//2947 3372//3372
f 3372//3372 3167//3167 3182//3182
f 3372//3372 3182//3182 3185//3185
f 2948//2948 2954//2954 3167//3167
f 2948//2948 3167//3167 3372//3372
f 1928//1928 1931//1931 2952//2952
f 1928//1928 2952//2952 2951//2951
f 364//364 3952//3952 3953//3953
f 2962//2962 2986//2986 3955//3955
f 2962//2962 3955//3955 3954//3954
f 2986//2986 3956//3956 3957//3957
f 2986//2986 2000//2000 3959//3959
f 2986//2986 3959//3959 3958//3958
f 2000//2000 3960//3960 3961//3961
f 2000//2000 2984//2984 2010//2010
f 2000//2000 2010//2010 1998//1998
f 2985//2985 2981//2981 2988//2988
f 2985//2985 2988//2988 2992//2992
f 3373//3373 2009//2009 2011//2011
f 3373//3373 2011//2011 2985//2985
f 2009//2009 3373//3373 2006//2006
f 2009//2009 2006//2006 2005//2005
f 2006//2006 3373//3373 3374//3374
f 2006//2006 3374//3374 3375//3375
f 3375//3375 3374//3374 3376//3376
f 3375//3375 3376//3376 3377//3377
f 3374//3374 2992//2992 2993//2993
f 3374//3374 2993//2993 3376//3376
f 3378//3378 3379//3379 3377//3377
f 3378//3378 3377//3377 3376//3376
f 3380//3380 3377//3377 3379//3379
f 3380//3380 3379//3379 3381//3381
f 3381//3381 3382//3382 3383//3383
f 3381//3381 3383//3383 3380//3380
f 2002//2002 3383//3383 2012//2012
f 2002//2002 2012//2012 3963//3963
f 2002//2002 3963//3963 3962//3962
f 3382//3382 2013//2013 2012//2012
f 3382//3382 2012//2012 3383//3383
f 2013//2013 3382//3382 3384//3384
f 2013//2013 3384//3384 3385//3385
f 3382//3382 3381//3381 3386//3386
f 3382//3382 3386//3386 3384//3384
f 3158//3158 3157//3157 3384//3384
f 3158//3158 3384//3384 3386//3386
f 3387//3387 3158//3158 3386//3386
f 3387//3387 3386//3386 3388//3388
f 3381//3381 3379//3379 3388//3388
f 3381//3381 3388//3388 3386//3386
f 3388//3388 3389//3389 3390//3390
f 3388//3388 3390//3390 3387//3387
f 3379//3379 3378//3378 3389//3389
f 3379//3379 3389//3389 3388//3388
f 3385//3385 3384//3384 3157//3157
f 3385//3385 3157//3157 3159//3159
f 2013//2013 3385//3385 3391//3391
f 2013//2013 3391//3391 3965//3965
f 2013//2013 3965//3965 3964//3964
f 3159//3159 3391//3391 3385//3385
f 3380//3380 3383//3383 2002//2002
f 3380//3380 2002//2002 3392//3392
f 3392//3392 3375//3375 3377//3377
f 3392//3392 3377//3377 3380//3380
f 2004//2004 2006//2006 3375//3375
f 2004//2004 3375//3375 3392//3392
f 2004//2004 3392//3392 2002//2002
f 2004//2004 2002//2002 2001//2001
f 3376//3376 2993//2993 2994//2994
f 3376//3376 2994//2994 3378//3378
f 3373//3373 2985//2985 2992//2992
f 3373//3373 2992//2992 3374//3374
f 2994//2994 458//458 455//455
f 2994//2994 455//455 3393//3393
f 3393//3393 3389//3389 3378//3378
f 3393//3393 3378//3378 2994//2994
f 3389//3389 3393//3393 3394//3394
f 3389//3389 3394//3394 3390//3390
f 3394//3394 457//457 467//467
f 3394//3394 467//467 3395//3395
f 3390//3390 3394//3394 3395//3395
f 3390//3390 3395//3395 3396//3396
f 3396//3396 3397//3397 3387//3387
f 3396//3396 3387//3387 3390//3390
f 3158//3158 3387//3387 3397//3397
f 3158//3158 3397//3397 3154//3154
f 3145//3145 3147//3147 3154//3154
f 3145//3145 3154//3154 3397//3397
f 3146//3146 3145//3145 3397//3397
f 3146//3146 3397//3397 3396//3396
f 3396//3396 3395//3395 3398//3398
f 3396//3396 3398//3398 3146//3146
f 469//469 3398//3398 3395//3395
f 469//469 3395//3395 467//467
f 3146//3146 3398//3398 3150//3150
f 3146//3146 3150//3150 3143//3143
f 3398//3398 469//469 3151//3151
f 3398//3398 3151//3151 3150//3150
f 3393//3393 455//455 457//457
f 3393//3393 457//457 3394//3394
f 3070//3070 3057//3057 3054//3054
f 3070//3070 3054//3054 3069//3069
f 3399//3399 2043//2043 2044//2044
f 3399//3399 2044//2044 2051//2051
f 2043//2043 3399//3399 3112//3112
f 2043//2043 3112//3112 2042//2042
f 3399//3399 2093//2093 2096//2096
f 3399//3399 2096//2096 3112//3112
f 3399//3399 2051//2051 2055//2055
f 3399//3399 2055//2055 2093//2093
f 3400//3400 2097//2097 2091//2091
f 3400//3400 2091//2091 2100//2100
f 3400//3400 3401//3401 3402//3402
f 3400//3400 3402//3402 3403//3403
f 3337//3337 3360//3360 3402//3402
f 3337//3337 3402//3402 3401//3401
f 3404//3404 3402//3402 3360//3360
f 3404//3404 3360//3360 3353//3353
f 3404//3404 3405//3405 3403//3403
f 3404//3404 3403//3403 3402//3402
f 3405//3405 3406//3406 2098//2098
f 3405//3405 2098//2098 3403//3403
f 3407//3407 3408//3408 3406//3406
f 3407//3407 3406//3406 3405//3405
f 3114//3114 3408//3408 3409//3409
f 3114//3114 3409//3409 3410//3410
f 3411//3411 3410//3410 3409//3409
f 3411//3411 3409//3409 3355//3355
f 3412//3412 3115//3115 3410//3410
f 3412//3412 3410//3410 3411//3411
f 3413//3413 3412//3412 3411//3411
f 3413//3413 3411//3411 3414//3414
f 3414//3414 3411//3411 3355//3355
f 3414//3414 3355//3355 3354//3354
f 3111//3111 3114//3114 3410//3410
f 3111//3111 3410//3410 3115//3115
f 3415//3415 3352//3352 3355//3355
f 3415//3415 3355//3355 3409//3409
f 3404//3404 3353//3353 3352//3352
f 3404//3404 3352//3352 3415//3415
f 3404//3404 3415//3415 3407//3407
f 3404//3404 3407//3407 3405//3405
f 3409//3409 3408//3408 3407//3407
f 3409//3409 3407//3407 3415//3415
f 3408//3408 3114//3114 3113//3113
f 3408//3408 3113//3113 3406//3406
f 3406//3406 3113//3113 2095//2095
f 3406//3406 2095//2095 2098//2098
f 2097//2097 3400//3400 3403//3403
f 2097//2097 3403//3403 2098//2098
f 3401//3401 2102//2102 3334//3334
f 3401//3401 3334//3334 3337//3337
f 3400//3400 2100//2100 2102//2102
f 3400//3400 2102//2102 3401//3401
f 3335//3335 3334//3334 2102//2102
f 3335//3335 2102//2102 2101//2101
f 2101//2101 2103//2103 2119//2119
f 2101//2101 2119//2119 3335//3335
f 2064//2064 2063//2063 1320//1320
f 2064//2064 1320//1320 1322//1322
f 1321//1321 1320//1320 2063//2063
f 1321//1321 2063//2063 1326//1326
f 2421//2421 3966//3966 3967//3967
f 2421//2421 3968//3968 3969//3969
f 2423//2423 3970//3970 3971//3971
f 2423//2423 3972//3972 3973//3973
f 2302//2302 2423//2423 3975//3975
f 2302//2302 3975//3975 3974//3974
f 2422//2422 2415//2415 2414//2414
f 2422//2422 2414//2414 3191//3191
f 2421//2421 2422//2422 3977//3977
f 2421//2421 3977//3977 3976//3976
f 2422//2422 3173//3173 3979//3979
f 2422//2422 3979//3979 3978//3978
f 2418//2418 3980//3980 3981//3981
f 2418//2418 3982//3982 3983//3983
f 2326//2326 2322//2322 3149//3149
f 2326//2326 3149//3149 2342//2342
f 2411//2411 2410//2410 2433//2433
f 2411//2411 2433//2433 2435//2435
f 2427//2427 2433//2433 2410//2410
f 2427//2427 2410//2410 2412//2412
f 3188//3188 2435//2435 2434//2434
f 3188//3188 2434//2434 3416//3416
f 3416//3416 2434//2434 2436//2436
f 3416//3416 2436//2436 2946//2946
f 3178//3178 3188//3188 3416//3416
f 3178//3178 3416//3416 3184//3184
f 3184//3184 3416//3416 2946//2946
f 3184//3184 2946//2946 3185//3185
f 2416//2416 3189//3189 3191//3191
f 2416//2416 3191//3191 2414//2414
f 2332//2332 2362//2362 2333//2333
f 2332//2332 2333//2333 2329//2329
f 507//507 2365//2365 2359//2359
f 507//507 2359//2359 509//509
f 3417//3417 2361//2361 2331//2331
f 3417//3417 2331//2331 2330//2330
f 508//508 509//509 2361//2361
f 508//508 2361//2361 3417//3417
f 508//508 3417//3417 485//485
f 508//508 485//485 483//483
f 2330//2330 2338//2338 485//485
f 2330//2330 485//485 3417//3417
f 485//485 2338//2338 2339//2339
f 485//485 2339//2339 484//484
f 2339//2339 2337//2337 475//475
f 2339//2339 475//475 474//474
f 474//474 476//476 484//484
f 474//474 484//484 2339//2339
f 3418//3418 471//471 475//475
f 3418//3418 475//475 2340//2340
f 3418//3418 3151//3151 469//469
f 3418//3418 469//469 468//468
f 2340//2340 2341//2341 3151//3151
f 2340//2340 3151//3151 3418//3418
f 471//471 3418//3418 468//468
f 471//471 468//468 465//465
f 506//506 515//515 2365//2365
f 506//506 2365//2365 507//507
f 3168//3168 3183//3183 3166//3166
f 3168//3168 3166//3166 3985//3985
f 3168//3168 3985//3985 3984//3984
f 3183//3183 3182//3182 3167//3167
f 3183//3183 3167//3167 3166//3166
f 3186//3186 3181//3181 3183//3183
f 3186//3186 3183//3183 3168//3168
f 3295//3295 826//826 823//823
f 3295//3295 823//823 833//833
f 3419//3419 3295//3295 833//833
f 3419//3419 833//833 834//834
f 3419//3419 3297//3297 3294//3294
f 3419//3419 3294//3294 3295//3295
f 3297//3297 3419//3419 3420//3420
f 3297//3297 3420//3420 3300//3300
f 3421//3421 3422//3422 3300//3300
f 3421//3421 3300//3300 3420//3420
f 3422//3422 3421//3421 3423//3423
f 3422//3422 3423//3423 3424//3424
f 3423//3423 3425//3425 3426//3426
f 3423//3423 3426//3426 3424//3424
f 3427//3427 3426//3426 3425//3425
f 3427//3427 3425//3425 3428//3428
f 3095//3095 3427//3427 3428//3428
f 3095//3095 3428//3428 3093//3093
f 3426//3426 3427//3427 3429//3429
f 3426//3426 3429//3429 3430//3430
f 3430//3430 3429//3429 3431//3431
f 3430//3430 3431//3431 3308//3308
f 3308//3308 3431//3431 3358//3358
f 3308//3308 3358//3358 3306//3306
f 3356//3356 3358//3358 3431//3431
f 3356//3356 3431//3431 3432//3432
f 3414//3414 3432//3432 3433//3433
f 3414//3414 3433//3433 3413//3413
f 3432//3432 3431//3431 3429//3429
f 3432//3432 3429//3429 3433//3433
f 3354//3354 3356//3356 3432//3432
f 3354//3354 3432//3432 3414//3414
f 3424//3424 3426//3426 3430//3430
f 3424//3424 3430//3430 3434//3434
f 3434//3434 3307//3307 3309//3309
f 3434//3434 3309//3309 3435//3435
f 3308//3308 3307//3307 3434//3434
f 3308//3308 3434//3434 3430//3430
f 3424//3424 3434//3434 3435//3435
f 3424//3424 3435//3435 3422//3422
f 3433//3433 3429//3429 3427//3427
f 3433//3433 3427//3427 3095//3095
f 3428//3428 3105//3105 3097//3097
f 3428//3428 3097//3097 3093//3093
f 3428//3428 3425//3425 3436//3436
f 3428//3428 3436//3436 3105//3105
f 3437//3437 3436//3436 3425//3425
f 3437//3437 3425//3425 3423//3423
f 3438//3438 1705//1705 3439//3439
f 3438//3438 3439//3439 3437//3437
f 3436//3436 3437//3437 3439//3439
f 3436//3436 3439//3439 3440//3440
f 1707//1707 1708//1708 3440//3440
f 1707//1707 3440//3440 3439//3439
f 3105//3105 3436//3436 3440//3440
f 3105//3105 3440//3440 3103//3103
f 3103//3103 3440//3440 1708//1708
f 3103//3103 1708//1708 3104//3104
f 1705//1705 1702//1702 1707//1707
f 1705//1705 1707//1707 3439//3439
f 3438//3438 3441//3441 1704//1704
f 3438//3438 1704//1704 1705//1705
f 3441//3441 834//834 831//831
f 3441//3441 831//831 1704//1704
f 834//834 3441//3441 3420//3420
f 834//834 3420//3420 3419//3419
f 3441//3441 3438//3438 3421//3421
f 3441//3441 3421//3421 3420//3420
f 3438//3438 3437//3437 3423//3423
f 3438//3438 3423//3423 3421//3421
f 2685//2685 717//717 719//719
f 2685//2685 719//719 3251//3251
f 2692//2692 2683//2683 2686//2686
f 2692//2692 2686//2686 3255//3255
f 3254//3254 2690//2690 2692//2692
f 3254//3254 2692//2692 3255//3255
f 3250//3250 3252//3252 2630//2630
f 3250//3250 2630//2630 2633//2633
f 3298//3298 3300//3300 3422//3422
f 3298//3298 3422//3422 3435//3435
f 3435//3435 3309//3309 3299//3299
f 3435//3435 3299//3299 3298//3298
f 3096//3096 3089//3089 3090//3090
f 3096//3096 3090//3090 3116//3116
f 3412//3412 3096//3096 3116//3116
f 3412//3412 3116//3116 3115//3115
f 3095//3095 3094//3094 3413//3413
f 3095//3095 3413//3413 3433//3433
f 3412//3412 3413//3413 3094//3094
f 3412//3412 3094//3094 3096//3096
f 3173//3173 2422//2422 3191//3191
f 3173//3173 3191//3191 3172//3172
f 3235//3235 3329//3329 3224//3224
f 3235//3235 3224//3224 3226//3226
f 3222//3222 3225//3225 2110//2110
f 3222//3222 2110//2110 2112//2112
f 3335//3335 2119//2119 2121//2121
f 3335//3335 2121//2121 3330//3330
f 3986//3986 3443//3443 3442//3442
f 3986//3986 3445//3445 3444//3444
f 3986//3986 3447//3447 3446//3446
f 3986//3986 3449//3449 3448//3448
f 3986//3986 3451//3451 3450//3450
f 3986//3986 3453//3453 3452//3452
f 3986//3986 3455//3455 3454//3454
f 3986//3986 3457//3457 3456//3456
f 3986//3986 3459//3459 3458//3458
f 3986//3986 3461//3461 3460//3460
f 3986//3986 3463//3463 3462//3462
f 3986//3986 3465//3465 3464//3464
f 3986//3986 3467//3467 3466//3466
f 3986//3986 3469//3469 3468//3468
f 3986//3986 3471//3471 3470//3470
f 3986//3986 3473//3473 3472//3472
f 3986//3986 3475//3475 3474//3474
f 3986//3986 3477//3477 3476//3476
f 3986//3986 3479//3479 3478//3478
f 3986//3986 3481//3481 3480//3480
f 3986//3986 3483//3483 3482//3482
f 3986//3986 3485//3485 3484//3484
f 3986//3986 3487//3487 3486//3486
f 3986//3986 3489//3489 3488//3488
f 3986//3986 3491//3491 3490//3490
f 3986//3986 3493//3493 3492//3492
f 3986//3986 3495//3495 3494//3494
f 3986//3986 3497//3497 3496//3496
f 3986//3986 3499//3499 3498//3498
f 3986//3986 3501//3501 3500//3500
f 3986//3986 3503//3503 3502//3502
f 3986//3986 3505//3505 3504//3504
f 3986//3986 3507//3507 3506//3506
f 3986//3986 3509//3509 3508//3508
f 3986//3986 3511//3511 3510//3510
f 3986//3986 3513//3513 3512//3512
f 3986//3986 3515//3515 3514//3514
f 3986//3986 3517//3517 3516//3516
f 3986//3986 3519//3519 3518//3518
f 3986//3986 3521//3521 3520//3520
f 3986//3986 3523//3523 3522//3522
f 3986//3986 3525//3525 3524//3524
f 3986//3986 3527//3527 3526//3526
f 3986//3986 3529//3529 3528//3528
f 3986//3986 3531//3531 3530//3530
f 3986//3986 3533//3533 3532//3532
f 3986//3986 3535//3535 3534//3534
f 3986//3986 3537//3537 3536//3536
f 3986//3986 3539//3539 3538//3538
f 3986//3986 3541//3541 3540//3540
f 3986//3986 3543//3543 3542//3542
f 3986//3986 3545//3545 3544//3544
f 3986//3986 3547//3547 3546//3546
f 3986//3986 3549//3549 3548//3548
f 3986//3986 3551//3551 3550//3550
f 3986//3986 3553//3553 3552//3552
f 3986//3986 3555//3555 3554//3554
f 3986//3986 3557//3557 3556//3556
f 3986//3986 3559//3559 3558//3558
f 3986//3986 3561//3561 3560//3560
f 3986//3986 3563//3563 3562//3562
f 3986//3986 3565//3565 3564//3564
f 3986//3986 3567//3567 3566//3566
f 3986//3986 3569//3569 3568//3568
f 3986//3986 3571//3571 3570//3570
f 3986//3986 3573//3573 3572//3572
f 3986//3986 3575//3575 3574//3574
f 3986//3986 3577//3577 3576//3576
f 3986//3986 3579//3579 3578//3578
f 3986//3986 3581//3581 3580//3580
f 3986//3986 3583//3583 3582//3582
f 3986//3986 3585//3585 3584//3584
f 3986//3986 3587//3587 3586//3586
f 3986//3986 3589//3589 3588//3588
f 3986//3986 3591//3591 3590//3590
f 3986//3986 3593//3593 3592//3592
f 3986//3986 3595//3595 3594//3594
f 3986//3986 3597//3597 3596//3596
f 3986//3986 3599//3599 3598//3598
f 3986//3986 3601//3601 3600//3600
f 3986//3986 3603//3603 3602//3602
f 3986//3986 3605//3605 3604//3604
f 3986//3986 3607//3607 3606//3606
f 3986//3986 3609//3609 3608//3608
f 3986//3986 3611//3611 3610//3610
f 3986//3986 3613//3613 3612//3612
f 3986//3986 3615//3615 3614//3614
f 3986//3986 3617//3617 3616//3616
f 3986//3986 3619//3619 3618//3618
f 3986//3986 3621//3621 3620//3620
f 3986//3986 3623//3623 3622//3622
f 3986//3986 3625//3625 3624//3624
f 3986//3986 3627//3627 3626//3626
f 3986//3986 3629//3629 3628//3628
f 3986//3986 3631//3631 3630//3630
f 3986//3986 3633//3633 3632//3632
f 3986//3986 3635//3635 3634//3634
f 3986//3986 3637//3637 3636//3636
f 3986//3986 3639//3639 3638//3638
f 3986//3986 3641//3641 3640//3640
f 3986//3986 3643//3643 3642//3642
f 3986//3986 3645//3645 3644//3644
f 3986//3986 3647//3647 3646//3646
f 3986//3986 3649//3649 3648//3648
f 3986//3986 3651//3651 3650//3650
f 3986//3986 3653//3653 3652//3652
f 3986//3986 3655//3655 3654//3654
f 3986//3986 3657//3657 3656//3656
f 3986//3986 3659//3659 3658//3658
f 3986//3986 3661//3661 3660//3660
f 3986//3986 3663//3663 3662//3662
f 3986//3986 3665//3665 3664//3664
f 3986//3986 3667//3667 3666//3666
f 3986//3986 3669//3669 3668//3668
f 3986//3986 3671//3671 3670//3670
f 3986//3986 3673//3673 3672//3672
f 3986//3986 3675//3675 3674//3674
f 3986//3986 3677//3677 3676//3676
f 3986//3986 3679//3679 3678//3678
f 3986//3986 3681//3681 3680//3680
f 3986//3986 3683//3683 3682//3682
f 3986//3986 3685//3685 3684//3684
f 3986//3986 3687//3687 3686//3686
f 3986//3986 3689//3689 3688//3688
f 3986//3986 3691//3691 3690//3690
f 3986//3986 3693//3693 3692//3692
f 3986//3986 3695//3695 3694//3694
f 3986//3986 3697//3697 3696//3696
f 3986//3986 3699//3699 3698//3698
f 3986//3986 3701//3701 3700//3700
f 3986//3986 3703//3703 3702//3702
f 3986//3986 3705//3705 3704//3704
f 3986//3986 3707//3707 3706//3706
f 3986//3986 3709//3709 3708//3708
f 3986//3986 3711//3711 3710//3710
f 3986//3986 3713//3713 3712//3712
f 3986//3986 3715//3715 3714//3714
f 3986//3986 3717//3717 3716//3716
f 3986//3986 3719//3719 3718//3718
f 3986//3986 3721//3721 3720//3720
f 3986//3986 3723//3723 3722//3722
f 3986//3986 3725//3725 3724//3724
f 3986//3986 3727//3727 3726//3726
f 3986//3986 3729//3729 3728//3728
f 3986//3986 3731//3731 3730//3730
f 3986//3986 3733//3733 3732//3732
f 3986//3986 3735//3735 3734//3734
f 3986//3986 3737//3737 3736//3736
f 3986//3986 3739//3739 3738//3738
f 3986//3986 3741//3741 3740//3740
f 3986//3986 3743//3743 3742//3742
f 3986//3986 3745//3745 3744//3744
f 3986//3986 3747//3747 3746//3746
f 3986//3986 3749//3749 3748//3748
f 3986//3986 3751//3751 3750//3750
f 3986//3986 3753//3753 3752//3752
f 3986//3986 3755//3755 3754//3754
f 3986//3986 3757//3757 3756//3756
f 3986//3986 3759//3759 3758//3758
f 3986//3986 3761//3761 3760//3760
f 3986//3986 3763//3763 3762//3762
f 3986//3986 3765//3765 3764//3764
f 3986//3986 3767//3767 3766//3766
f 3986//3986 3769//3769 3768//3768
f 3986//3986 3771//3771 3770//3770
f 3986//3986 3773//3773 3772//3772
f 3986//3986 3775//3775 3774//3774
f 3986//3986 3777//3777 3776//3776
f 3986//3986 3779//3779 3778//3778
f 3986//3986 3781//3781 3780//3780
f 3986//3986 3783//3783 3782//3782
f 3986//3986 3785//3785 3784//3784
f 3986//3986 3787//3787 3786//3786
f 3986//3986 3789//3789 3788//3788
f 3986//3986 3791//3791 3790//3790
f 3986//3986 3793//3793 3792//3792
f 3986//3986 3795//3795 3794//3794
f 3986//3986 3797//3797 3796//3796
f 3986//3986 3799//3799 3798//3798
f 3986//3986 3801//3801 3800//3800
f 3986//3986 3803//3803 3802//3802
f 3986//3986 3805//3805 3804//3804
f 3986//3986 3807//3807 3806//3806
f 3986//3986 3809//3809 3808//3808
f 3986//3986 3811//3811 3810//3810
f 3986//3986 3813//3813 3812//3812
f 3986//3986 3815//3815 3814//3814
f 3986//3986 3817//3817 3816//3816
f 3986//3986 3819//3819 3818//3818
f 3986//3986 3821//3821 3820//3820
f 3986//3986 3823//3823 3822//3822
f 3986//3986 3825//3825 3824//3824
f 3986//3986 3827//3827 3826//3826
f 3986//3986 3829//3829 3828//3828
f 3986//3986 3831//3831 3830//3830
f 3986//3986 3833//3833 3832//3832
f 3986//3986 3835//3835 3834//3834
f 3986//3986 3837//3837 3836//3836
f 3986//3986 3839//3839 3838//3838
f 3986//3986 3841//3841 3840//3840
f 3986//3986 3843//3843 3842//3842
f 3986//3986 3845//3845 3844//3844
f 3986//3986 3847//3847 3846//3846
f 3986//3986 3849//3849 3848//3848
f 3986//3986 3851//3851 3850//3850
f 3986//3986 3853//3853 3852//3852
f 3986//3986 3855//3855 3854//3854
f 3986//3986 3857//3857 3856//3856
f 3986//3986 3859//3859 3858//3858
f 3986//3986 3861//3861 3860//3860
f 3986//3986 3863//3863 3862//3862
f 3986//3986 3865//3865 3864//3864
f 3986//3986 3867//3867 3866//3866
f 3986//3986 3869//3869 3868//3868
f 3986//3986 3871//3871 3870//3870
f 3986//3986 3873//3873 3872//3872
f 3986//3986 3875//3875 3874//3874
f 3986//3986 3877//3877 3876//3876
f 3986//3986 3879//3879 3878//3878
f 3986//3986 3881//3881 3880//3880
f 3986//3986 3883//3883 3882//3882
f 3986//3986 3885//3885 3884//3884
f 3986//3986 3887//3887 3886//3886
f 3986//3986 3889//3889 3888//3888
f 3986//3986 3891//3891 3890//3890
f 3986//3986 3893//3893 3892//3892
f 3986//3986 3895//3895 3894//3894
f 3986//3986 3897//3897 3896//3896
f 3986//3986 3899//3899 3898//3898
f 3986//3986 3901//3901 3900//3900
f 3986//3986 3903//3903 3902//3902
f 3986//3986 3905//3905 3904//3904
f 3986//3986 3907//3907 3906//3906
f 3986//3986 3909//3909 3908//3908
f 3986//3986 3911//3911 3910//3910
f 3986//3986 3913//3913 3912//3912
f 3986//3986 3915//3915 3914//3914
f 3986//3986 3917//3917 3916//3916
f 3986//3986 3919//3919 3918//3918
f 3986//3986 3921//3921 3920//3920
f 3986//3986 3923//3923 3922//3922
f 3986//3986 3925//3925 3924//3924
f 3986//3986 3927//3927 3926//3926
f 3986//3986 3929//3929 3928//3928
f 3986//3986 3931//3931 3930//3930
f 3986//3986 3933//3933 3932//3932
f 3986//3986 3935//3935 3934//3934
f 3986//3986 3937//3937 3936//3936
f 3986//3986 3939//3939 3938//3938
f 3986//3986 3941//3941 3940//3940
f 3986//3986 3943//3943 3942//3942
f 3986//3986 3945//3945 3944//3944
f 3986//3986 3947//3947 3946//3946
f 3986//3986 3949//3949 3948//3948
f 3986//3986 3951//3951 3950//3950
f 3986//3986 3953//3953 3952//3952
f 3986//3986 3955//3955 3954//3954
f 3986//3986 3957//3957 3956//3956
f 3986//3986 3959//3959 3958//3958
f 3986//3986 3961//3961 3960//3960
f 3986//3986 3963//3963 3962//3962
f 3986//3986 3965//3965 3964//3964
f 3986//3986 3967//3967 3966//3966
f 3986//3986 3969//3969 3968//3968
f 3986//3986 3971//3971 3970//3970
f 3986//3986 3973//3973 3972//3972
f 3986//3986 3975//3975 3974//3974
f 3986//3986 3977//3977 3976//3976
f 3986//3986 3979//3979 3978//3978
f 3986//3986 3981//3981 3980//3980
f 3986//3986 3983//3983 3982//3982
f 3986//3986 3985//3985 3984//3984
